product_category,original_price,product_age_days,return_reason,condition_grade,optimal_route
clothing,190.64,80,not_as_described,very_good,resell_as_is
electronics,695.62,56,no_longer_needed,like_new,resell_as_is
books,14.56,13,not_as_described,very_good,peer_exchange
clothing,65.33,57,wrong_size,very_good,resell_as_is
clothing,159.18,14,not_as_described,good,donate
home,233.49,1,better_price_found,good,refurbish
electronics,200.1,17,no_longer_needed,good,refurbish
electronics,325.03,13,no_longer_needed,good,refurbish
clothing,15.95,111,defective,very_good,peer_exchange
home,173.37,51,not_as_described,for_parts,recycle
home,276.75,54,better_price_found,good,refurbish
clothing,41.4,1,defective,very_good,resell_as_is
electronics,175.1,75,no_longer_needed,good,refurbish
home,458.76,114,not_as_described,like_new,resell_as_is
home,337.97,54,defective,good,refurbish
toys,86.1,77,defective,very_good,refurbish
electronics,104.16,2,no_longer_needed,very_good,resell_as_is
toys,30.93,32,no_longer_needed,very_good,donate
home,442.03,59,defective,like_new,resell_as_is
electronics,344.88,129,defective,like_new,resell_as_is
toys,33.04,63,wrong_size,very_good,resell_as_is
electronics,436.59,40,no_longer_needed,very_good,resell_as_is
electronics,190.64,50,not_as_described,like_new,resell_as_is
electronics,563.12,75,defective,for_parts,recycle
toys,45.82,3,not_as_described,good,refurbish
clothing,95.08,49,not_as_described,like_new,resell_as_is
electronics,646.45,39,better_price_found,very_good,resell_as_is
home,88.1,43,no_longer_needed,acceptable,refurbish
electronics,574.7,100,defective,like_new,resell_as_is
clothing,108.37,110,not_as_described,acceptable,refurbish
clothing,142.2,16,wrong_size,for_parts,recycle
clothing,199.29,202,not_as_described,acceptable,refurbish
clothing,143.07,113,no_longer_needed,good,refurbish
books,47.1,93,no_longer_needed,good,refurbish
toys,97.58,21,not_as_described,good,refurbish
toys,24.19,2,no_longer_needed,very_good,peer_exchange
home,364.66,23,not_as_described,good,refurbish
clothing,122.08,232,defective,for_parts,recycle
clothing,132.57,67,no_longer_needed,very_good,resell_as_is
clothing,156.03,3,better_price_found,good,refurbish
books,38.65,184,no_longer_needed,good,refurbish
toys,14.93,22,defective,very_good,peer_exchange
clothing,84.99,112,better_price_found,like_new,resell_as_is
home,188.94,18,defective,very_good,resell_as_is
electronics,572.95,49,defective,good,refurbish
home,54.57,1,no_longer_needed,very_good,recycle
books,6.24,52,no_longer_needed,good,peer_exchange
electronics,785.84,110,no_longer_needed,very_good,donate
electronics,427.35,89,defective,good,peer_exchange
electronics,340.86,73,defective,like_new,resell_as_is
home,34.92,31,not_as_described,acceptable,refurbish
electronics,83.08,34,no_longer_needed,like_new,resell_as_is
clothing,55.56,6,wrong_size,for_parts,recycle
clothing,134.85,35,no_longer_needed,like_new,resell_as_is
electronics,113.73,26,defective,like_new,resell_as_is
toys,24.13,2,no_longer_needed,acceptable,refurbish
clothing,133.46,3,better_price_found,acceptable,refurbish
electronics,748.08,42,not_as_described,good,refurbish
toys,94.87,122,no_longer_needed,acceptable,refurbish
clothing,34.42,101,no_longer_needed,good,refurbish
home,115.24,20,defective,very_good,refurbish
home,49.53,24,no_longer_needed,like_new,resell_as_is
clothing,32.45,72,not_as_described,acceptable,refurbish
books,17.69,12,no_longer_needed,acceptable,refurbish
clothing,80.68,90,wrong_size,for_parts,recycle
clothing,152.67,85,wrong_size,for_parts,recycle
books,19.4,136,no_longer_needed,like_new,peer_exchange
electronics,269.06,180,better_price_found,good,refurbish
clothing,65.71,24,not_as_described,acceptable,refurbish
home,59.23,41,defective,good,refurbish
books,20.79,8,not_as_described,acceptable,refurbish
electronics,85.6,73,defective,acceptable,refurbish
electronics,86.17,259,not_as_described,very_good,resell_as_is
toys,98.71,84,not_as_described,like_new,resell_as_is
clothing,90.6,143,wrong_size,good,recycle
clothing,150.79,88,no_longer_needed,acceptable,refurbish
electronics,332.17,39,defective,good,refurbish
books,49.01,49,no_longer_needed,like_new,resell_as_is
toys,31.28,72,defective,very_good,resell_as_is
clothing,199.21,72,wrong_size,acceptable,refurbish
toys,13.32,31,defective,very_good,peer_exchange
home,203.31,16,defective,very_good,resell_as_is
clothing,16.14,20,defective,good,peer_exchange
electronics,79.44,170,not_as_described,good,refurbish
electronics,703.8,49,defective,good,refurbish
clothing,197.2,29,no_longer_needed,very_good,resell_as_is
clothing,22.07,3,wrong_size,like_new,recycle
books,49.99,342,no_longer_needed,acceptable,refurbish
books,16.13,36,not_as_described,for_parts,recycle
electronics,543.93,58,defective,like_new,resell_as_is
clothing,156.74,45,no_longer_needed,good,refurbish
books,23.16,9,defective,acceptable,refurbish
home,118.29,9,wrong_size,very_good,resell_as_is
clothing,93.12,141,wrong_size,good,refurbish
clothing,128.2,119,better_price_found,like_new,resell_as_is
clothing,59.07,37,better_price_found,good,refurbish
home,131.47,5,defective,like_new,resell_as_is
electronics,519.88,13,defective,acceptable,refurbish
home,98.58,13,wrong_size,very_good,resell_as_is
electronics,89.19,8,not_as_described,very_good,resell_as_is
clothing,141.18,3,no_longer_needed,good,donate
toys,13.62,20,better_price_found,acceptable,donate
electronics,308.97,40,not_as_described,very_good,resell_as_is
home,32.79,18,no_longer_needed,acceptable,refurbish
clothing,30.36,36,not_as_described,very_good,resell_as_is
clothing,13.81,24,wrong_size,very_good,peer_exchange
books,31.71,69,better_price_found,good,refurbish
clothing,121.44,50,wrong_size,very_good,resell_as_is
home,133.51,42,not_as_described,for_parts,peer_exchange
electronics,211.85,11,defective,very_good,resell_as_is
books,8.61,45,no_longer_needed,for_parts,recycle
clothing,194.2,121,no_longer_needed,very_good,resell_as_is
home,465.75,49,not_as_described,very_good,resell_as_is
electronics,272.47,34,not_as_described,very_good,resell_as_is
home,154.99,53,defective,good,refurbish
electronics,282.55,9,defective,for_parts,recycle
books,16.46,69,no_longer_needed,good,peer_exchange
clothing,76.28,160,no_longer_needed,for_parts,recycle
home,470.1,12,defective,acceptable,refurbish
books,11.29,96,not_as_described,very_good,peer_exchange
books,34.93,45,no_longer_needed,acceptable,refurbish
books,24.76,29,no_longer_needed,very_good,peer_exchange
clothing,54.12,138,wrong_size,good,refurbish
home,71.7,169,no_longer_needed,very_good,resell_as_is
home,315.74,46,better_price_found,acceptable,refurbish
clothing,57.21,82,wrong_size,good,refurbish
books,20.39,104,defective,acceptable,refurbish
clothing,161.49,10,wrong_size,acceptable,refurbish
home,351.56,47,defective,very_good,resell_as_is
toys,61.67,31,no_longer_needed,for_parts,recycle
clothing,106.12,57,wrong_size,acceptable,refurbish
clothing,142.36,154,no_longer_needed,very_good,resell_as_is
home,220.7,81,better_price_found,for_parts,recycle
electronics,788.18,110,defective,for_parts,recycle
clothing,122.34,31,wrong_size,very_good,resell_as_is
electronics,280.13,31,not_as_described,for_parts,recycle
clothing,150.13,37,wrong_size,good,refurbish
electronics,408.73,33,better_price_found,very_good,resell_as_is
home,21.35,66,defective,for_parts,recycle
clothing,26.22,347,not_as_described,good,donate
electronics,720.48,14,defective,like_new,resell_as_is
clothing,22.48,90,defective,good,peer_exchange
clothing,116.33,11,wrong_size,acceptable,refurbish
clothing,61.44,62,defective,like_new,resell_as_is
home,334.58,2,defective,very_good,resell_as_is
electronics,101.2,97,defective,good,refurbish
electronics,209.67,77,no_longer_needed,acceptable,refurbish
home,114.42,21,better_price_found,like_new,peer_exchange
electronics,161.52,53,not_as_described,acceptable,refurbish
clothing,59.29,29,not_as_described,very_good,resell_as_is
clothing,114.89,35,wrong_size,for_parts,recycle
electronics,697.41,41,better_price_found,acceptable,refurbish
electronics,229.57,47,no_longer_needed,very_good,resell_as_is
books,49.3,45,not_as_described,very_good,refurbish
clothing,164.86,42,wrong_size,good,refurbish
home,66.69,10,defective,very_good,resell_as_is
clothing,130.29,41,not_as_described,acceptable,refurbish
home,219.69,27,better_price_found,very_good,donate
electronics,323.65,21,defective,acceptable,refurbish
clothing,100.45,66,better_price_found,acceptable,refurbish
electronics,224.57,55,defective,good,refurbish
clothing,156.47,7,wrong_size,acceptable,refurbish
home,225.89,17,no_longer_needed,acceptable,refurbish
clothing,122.14,27,wrong_size,for_parts,recycle
toys,49.03,13,no_longer_needed,acceptable,refurbish
books,34.65,71,better_price_found,very_good,resell_as_is
electronics,790.38,174,defective,acceptable,refurbish
electronics,463.0,149,defective,good,refurbish
toys,97.34,174,no_longer_needed,acceptable,refurbish
clothing,167.49,3,not_as_described,very_good,resell_as_is
electronics,563.11,25,no_longer_needed,like_new,resell_as_is
clothing,160.24,24,not_as_described,acceptable,refurbish
electronics,39.03,123,defective,acceptable,refurbish
toys,81.49,371,not_as_described,acceptable,refurbish
clothing,129.23,125,better_price_found,acceptable,refurbish
clothing,150.14,17,wrong_size,very_good,resell_as_is
clothing,54.39,3,wrong_size,for_parts,recycle
clothing,139.13,15,better_price_found,acceptable,donate
toys,99.01,82,defective,good,refurbish
electronics,667.9,8,defective,very_good,refurbish
home,184.81,4,better_price_found,acceptable,refurbish
toys,24.0,31,no_longer_needed,good,peer_exchange
books,15.1,16,no_longer_needed,good,peer_exchange
electronics,704.42,19,defective,acceptable,refurbish
books,41.43,64,no_longer_needed,like_new,resell_as_is
clothing,59.35,78,defective,like_new,resell_as_is
home,51.92,115,not_as_described,good,refurbish
books,20.65,68,no_longer_needed,very_good,peer_exchange
home,334.35,115,better_price_found,acceptable,refurbish
home,344.87,58,no_longer_needed,very_good,resell_as_is
books,6.32,105,not_as_described,very_good,peer_exchange
electronics,658.01,108,not_as_described,like_new,resell_as_is
home,490.88,60,defective,good,refurbish
home,66.89,86,not_as_described,for_parts,recycle
home,467.03,7,better_price_found,good,donate
electronics,621.37,74,not_as_described,like_new,refurbish
books,48.81,209,no_longer_needed,like_new,resell_as_is
electronics,37.26,24,not_as_described,acceptable,refurbish
clothing,61.99,352,defective,good,refurbish
home,351.44,15,defective,good,refurbish
clothing,190.66,10,defective,for_parts,recycle
home,207.83,20,better_price_found,good,refurbish
electronics,186.22,2,no_longer_needed,very_good,resell_as_is
clothing,193.96,13,no_longer_needed,acceptable,refurbish
books,39.25,60,not_as_described,like_new,resell_as_is
home,401.32,40,defective,like_new,resell_as_is
clothing,48.1,41,wrong_size,good,refurbish
home,165.53,37,wrong_size,like_new,resell_as_is
clothing,124.0,21,not_as_described,acceptable,refurbish
electronics,394.8,7,defective,for_parts,recycle
clothing,127.45,73,not_as_described,like_new,resell_as_is
clothing,26.69,26,wrong_size,like_new,peer_exchange
electronics,462.68,71,no_longer_needed,very_good,resell_as_is
electronics,516.42,74,defective,for_parts,resell_as_is
home,437.42,76,no_longer_needed,very_good,resell_as_is
electronics,717.96,48,no_longer_needed,good,refurbish
clothing,149.0,6,wrong_size,very_good,resell_as_is
books,14.86,224,no_longer_needed,very_good,peer_exchange
home,256.62,49,no_longer_needed,very_good,resell_as_is
toys,67.83,14,no_longer_needed,like_new,resell_as_is
books,12.84,195,no_longer_needed,acceptable,donate
home,387.35,43,not_as_described,good,refurbish
electronics,328.5,56,not_as_described,acceptable,refurbish
toys,34.11,27,not_as_described,good,refurbish
electronics,625.28,32,not_as_described,good,refurbish
clothing,88.48,5,defective,like_new,resell_as_is
clothing,120.09,66,wrong_size,good,refurbish
clothing,173.02,1,not_as_described,good,refurbish
electronics,203.05,130,not_as_described,very_good,resell_as_is
home,85.69,36,not_as_described,for_parts,recycle
clothing,82.08,56,wrong_size,good,refurbish
home,231.49,120,not_as_described,good,refurbish
electronics,200.28,4,no_longer_needed,very_good,resell_as_is
electronics,100.58,53,no_longer_needed,very_good,resell_as_is
home,23.43,24,better_price_found,good,refurbish
clothing,75.1,46,wrong_size,like_new,resell_as_is
toys,75.43,11,defective,acceptable,refurbish
electronics,771.41,18,no_longer_needed,for_parts,recycle
electronics,210.43,107,no_longer_needed,acceptable,refurbish
home,460.56,56,better_price_found,acceptable,refurbish
clothing,76.23,11,not_as_described,very_good,resell_as_is
toys,77.22,6,not_as_described,like_new,resell_as_is
home,463.95,35,better_price_found,acceptable,refurbish
books,21.91,22,no_longer_needed,very_good,peer_exchange
home,288.27,29,not_as_described,good,refurbish
clothing,12.79,54,wrong_size,good,peer_exchange
clothing,113.05,182,no_longer_needed,for_parts,recycle
electronics,136.21,45,defective,good,refurbish
clothing,151.91,76,not_as_described,acceptable,refurbish
books,8.21,186,no_longer_needed,very_good,peer_exchange
clothing,46.97,11,not_as_described,good,refurbish
toys,56.97,53,defective,acceptable,refurbish
toys,83.73,45,defective,acceptable,refurbish
electronics,250.32,95,defective,for_parts,recycle
electronics,656.28,29,not_as_described,like_new,peer_exchange
books,15.26,15,no_longer_needed,good,peer_exchange
toys,40.51,17,no_longer_needed,very_good,resell_as_is
clothing,136.83,7,not_as_described,good,refurbish
electronics,594.76,120,defective,like_new,donate
home,280.15,16,not_as_described,good,refurbish
toys,20.55,72,not_as_described,good,peer_exchange
home,495.76,9,defective,acceptable,refurbish
clothing,25.09,6,no_longer_needed,very_good,peer_exchange
electronics,296.9,5,not_as_described,like_new,resell_as_is
electronics,441.21,128,no_longer_needed,good,refurbish
clothing,137.2,309,not_as_described,good,refurbish
clothing,21.43,50,better_price_found,very_good,peer_exchange
electronics,437.95,7,not_as_described,acceptable,refurbish
home,400.79,158,defective,very_good,resell_as_is
toys,93.28,47,better_price_found,good,refurbish
electronics,609.11,9,no_longer_needed,acceptable,refurbish
electronics,256.44,19,defective,like_new,resell_as_is
clothing,68.05,31,defective,good,refurbish
toys,53.72,291,better_price_found,very_good,resell_as_is
electronics,657.61,29,better_price_found,acceptable,refurbish
home,162.77,6,not_as_described,very_good,resell_as_is
clothing,195.37,62,no_longer_needed,like_new,resell_as_is
toys,52.81,56,no_longer_needed,very_good,resell_as_is
clothing,37.81,28,wrong_size,like_new,resell_as_is
toys,58.56,203,not_as_described,very_good,resell_as_is
clothing,30.08,62,wrong_size,good,refurbish
electronics,67.85,92,not_as_described,like_new,resell_as_is
electronics,562.13,247,defective,like_new,resell_as_is
clothing,29.2,71,wrong_size,good,peer_exchange
books,32.68,22,no_longer_needed,good,refurbish
electronics,711.55,36,defective,very_good,resell_as_is
books,38.01,88,wrong_size,good,refurbish
electronics,222.65,86,defective,good,refurbish
electronics,208.14,224,no_longer_needed,for_parts,recycle
electronics,447.41,37,no_longer_needed,like_new,resell_as_is
electronics,273.25,81,not_as_described,very_good,resell_as_is
clothing,159.15,134,better_price_found,acceptable,refurbish
home,227.24,18,no_longer_needed,like_new,resell_as_is
clothing,131.07,65,no_longer_needed,good,refurbish
electronics,424.36,10,no_longer_needed,good,refurbish
electronics,86.14,76,defective,like_new,peer_exchange
clothing,83.64,38,better_price_found,for_parts,recycle
home,187.1,32,not_as_described,acceptable,refurbish
electronics,84.09,207,defective,acceptable,refurbish
clothing,49.08,8,not_as_described,acceptable,refurbish
clothing,17.97,208,no_longer_needed,very_good,peer_exchange
home,297.47,83,no_longer_needed,good,refurbish
clothing,186.34,16,wrong_size,good,refurbish
home,472.39,17,defective,very_good,resell_as_is
home,153.66,102,better_price_found,acceptable,refurbish
clothing,153.46,38,no_longer_needed,acceptable,refurbish
home,101.05,48,better_price_found,for_parts,refurbish
electronics,554.53,6,better_price_found,good,refurbish
clothing,88.55,86,no_longer_needed,good,refurbish
electronics,93.13,52,better_price_found,good,refurbish
clothing,164.23,82,no_longer_needed,very_good,resell_as_is
books,34.59,23,no_longer_needed,acceptable,refurbish
home,197.0,47,not_as_described,acceptable,refurbish
books,5.5,84,no_longer_needed,good,peer_exchange
books,26.16,42,not_as_described,very_good,peer_exchange
home,120.35,9,no_longer_needed,like_new,resell_as_is
electronics,150.17,13,not_as_described,good,refurbish
clothing,147.45,7,wrong_size,acceptable,refurbish
clothing,124.41,2,wrong_size,good,refurbish
home,376.77,241,defective,acceptable,refurbish
clothing,33.25,80,wrong_size,very_good,recycle
home,499.2,163,no_longer_needed,good,refurbish
home,72.39,32,no_longer_needed,very_good,resell_as_is
clothing,45.05,27,wrong_size,like_new,peer_exchange
home,465.86,92,defective,acceptable,refurbish
clothing,97.73,40,defective,for_parts,recycle
home,39.17,141,better_price_found,acceptable,resell_as_is
electronics,495.98,9,no_longer_needed,good,refurbish
electronics,64.5,20,defective,very_good,resell_as_is
electronics,232.12,86,not_as_described,acceptable,peer_exchange
books,7.09,59,no_longer_needed,very_good,peer_exchange
home,56.92,17,no_longer_needed,good,refurbish
books,22.71,106,better_price_found,good,peer_exchange
toys,21.34,78,defective,very_good,peer_exchange
toys,97.0,13,wrong_size,acceptable,refurbish
electronics,553.33,48,better_price_found,very_good,resell_as_is
clothing,160.42,48,not_as_described,very_good,resell_as_is
clothing,36.78,66,wrong_size,like_new,resell_as_is
clothing,152.36,21,no_longer_needed,like_new,resell_as_is
toys,81.05,42,not_as_described,acceptable,refurbish
home,380.74,2,defective,good,refurbish
clothing,189.86,50,no_longer_needed,good,refurbish
electronics,288.06,20,not_as_described,acceptable,refurbish
clothing,85.5,6,defective,very_good,resell_as_is
electronics,298.2,86,defective,very_good,resell_as_is
electronics,719.63,45,not_as_described,good,refurbish
home,191.1,137,defective,good,refurbish
electronics,303.68,80,no_longer_needed,very_good,resell_as_is
toys,86.83,8,no_longer_needed,very_good,resell_as_is
clothing,33.26,78,wrong_size,for_parts,recycle
home,77.97,70,defective,like_new,resell_as_is
electronics,315.64,218,defective,very_good,resell_as_is
electronics,612.47,266,better_price_found,good,refurbish
clothing,165.66,128,not_as_described,very_good,resell_as_is
electronics,580.88,33,better_price_found,acceptable,refurbish
home,226.22,52,no_longer_needed,acceptable,refurbish
clothing,15.91,81,wrong_size,very_good,resell_as_is
home,496.0,5,defective,very_good,resell_as_is
electronics,301.09,5,no_longer_needed,good,refurbish
toys,29.41,99,defective,acceptable,refurbish
books,5.01,12,no_longer_needed,very_good,peer_exchange
clothing,34.48,32,no_longer_needed,good,refurbish
toys,19.73,74,better_price_found,acceptable,refurbish
books,49.18,59,no_longer_needed,good,refurbish
home,233.17,15,defective,like_new,resell_as_is
electronics,462.39,21,no_longer_needed,like_new,resell_as_is
home,305.42,4,better_price_found,acceptable,refurbish
clothing,197.92,60,not_as_described,acceptable,refurbish
clothing,60.88,94,not_as_described,good,refurbish
electronics,400.93,81,not_as_described,like_new,resell_as_is
electronics,765.54,2,no_longer_needed,like_new,resell_as_is
clothing,36.13,26,wrong_size,very_good,resell_as_is
clothing,159.87,62,not_as_described,like_new,resell_as_is
home,485.82,19,defective,good,refurbish
clothing,87.32,134,wrong_size,like_new,resell_as_is
toys,29.97,39,no_longer_needed,good,peer_exchange
clothing,95.02,39,not_as_described,good,refurbish
electronics,669.99,112,defective,good,refurbish
electronics,329.5,3,defective,acceptable,refurbish
books,28.92,128,no_longer_needed,like_new,peer_exchange
electronics,371.47,160,defective,very_good,resell_as_is
books,35.19,18,no_longer_needed,very_good,resell_as_is
toys,74.37,120,wrong_size,acceptable,refurbish
electronics,699.85,18,no_longer_needed,acceptable,refurbish
electronics,485.13,48,better_price_found,good,refurbish
home,215.15,63,no_longer_needed,acceptable,refurbish
clothing,36.39,8,wrong_size,very_good,resell_as_is
home,272.05,106,better_price_found,acceptable,refurbish
clothing,95.28,6,wrong_size,for_parts,recycle
electronics,383.95,102,defective,very_good,resell_as_is
clothing,24.75,47,no_longer_needed,good,peer_exchange
clothing,95.52,52,no_longer_needed,like_new,resell_as_is
electronics,308.64,2,not_as_described,good,refurbish
electronics,523.68,3,no_longer_needed,for_parts,recycle
clothing,81.99,1,wrong_size,acceptable,refurbish
electronics,680.77,46,no_longer_needed,good,refurbish
electronics,150.54,215,defective,for_parts,recycle
electronics,97.46,15,better_price_found,good,refurbish
clothing,37.94,41,wrong_size,acceptable,refurbish
clothing,100.06,36,better_price_found,good,donate
toys,43.83,30,not_as_described,good,refurbish
clothing,112.92,87,no_longer_needed,good,refurbish
clothing,46.98,4,wrong_size,very_good,resell_as_is
clothing,75.98,53,wrong_size,good,refurbish
clothing,86.34,306,no_longer_needed,good,refurbish
home,112.64,31,wrong_size,good,refurbish
electronics,771.94,145,no_longer_needed,good,refurbish
electronics,636.6,8,no_longer_needed,very_good,resell_as_is
toys,21.69,38,better_price_found,good,peer_exchange
clothing,81.31,21,wrong_size,acceptable,refurbish
clothing,103.54,52,no_longer_needed,for_parts,recycle
books,39.4,52,better_price_found,very_good,resell_as_is
books,24.76,113,better_price_found,like_new,peer_exchange
clothing,106.98,60,better_price_found,like_new,resell_as_is
home,365.51,71,defective,very_good,resell_as_is
books,17.54,15,better_price_found,like_new,peer_exchange
home,416.81,21,wrong_size,acceptable,refurbish
home,84.28,85,no_longer_needed,good,refurbish
books,32.61,6,no_longer_needed,like_new,resell_as_is
clothing,22.54,26,wrong_size,acceptable,refurbish
electronics,764.99,45,defective,like_new,resell_as_is
home,357.94,4,defective,good,refurbish
electronics,239.18,98,better_price_found,good,refurbish
clothing,100.52,16,not_as_described,for_parts,recycle
clothing,133.09,8,no_longer_needed,good,refurbish
clothing,128.71,5,not_as_described,very_good,resell_as_is
books,41.18,49,no_longer_needed,like_new,resell_as_is
clothing,104.37,21,wrong_size,good,recycle
clothing,29.52,13,no_longer_needed,acceptable,refurbish
books,31.25,38,no_longer_needed,for_parts,recycle
electronics,300.98,19,no_longer_needed,very_good,resell_as_is
books,24.52,145,no_longer_needed,for_parts,refurbish
electronics,460.41,160,no_longer_needed,good,refurbish
clothing,176.35,13,wrong_size,like_new,resell_as_is
toys,32.75,39,no_longer_needed,for_parts,recycle
clothing,83.17,121,defective,like_new,resell_as_is
home,16.4,118,defective,good,peer_exchange
home,195.01,123,no_longer_needed,good,refurbish
home,32.43,31,better_price_found,like_new,resell_as_is
toys,12.8,69,no_longer_needed,good,donate
clothing,21.04,8,not_as_described,very_good,peer_exchange
electronics,315.69,25,wrong_size,like_new,resell_as_is
clothing,86.82,46,not_as_described,like_new,resell_as_is
toys,55.75,68,not_as_described,acceptable,refurbish
clothing,195.44,9,wrong_size,acceptable,refurbish
electronics,227.15,2,defective,acceptable,refurbish
clothing,80.63,1,wrong_size,good,refurbish
books,6.06,138,better_price_found,acceptable,donate
clothing,67.55,5,wrong_size,very_good,resell_as_is
home,244.8,4,better_price_found,for_parts,recycle
toys,58.09,198,defective,very_good,resell_as_is
electronics,129.83,59,no_longer_needed,good,refurbish
books,33.62,30,no_longer_needed,very_good,resell_as_is
toys,34.73,39,better_price_found,acceptable,resell_as_is
toys,53.75,16,wrong_size,good,refurbish
home,186.82,179,better_price_found,good,refurbish
home,280.23,12,not_as_described,good,refurbish
clothing,180.56,68,wrong_size,for_parts,recycle
clothing,135.23,7,not_as_described,good,refurbish
toys,56.07,15,no_longer_needed,for_parts,recycle
electronics,30.16,1,no_longer_needed,acceptable,refurbish
home,206.67,184,better_price_found,very_good,resell_as_is
home,165.35,16,not_as_described,acceptable,refurbish
home,429.78,56,no_longer_needed,acceptable,refurbish
clothing,162.9,3,no_longer_needed,very_good,resell_as_is
books,16.42,17,no_longer_needed,acceptable,recycle
clothing,85.59,152,better_price_found,like_new,resell_as_is
clothing,84.57,85,better_price_found,for_parts,recycle
clothing,159.63,18,not_as_described,very_good,resell_as_is
electronics,169.44,151,defective,good,refurbish
electronics,48.09,12,no_longer_needed,very_good,resell_as_is
clothing,92.96,53,not_as_described,acceptable,refurbish
clothing,179.88,176,no_longer_needed,good,refurbish
clothing,104.53,14,not_as_described,very_good,resell_as_is
books,14.32,5,defective,for_parts,recycle
clothing,164.07,109,wrong_size,good,refurbish
home,88.52,126,not_as_described,very_good,resell_as_is
electronics,119.74,88,wrong_size,good,refurbish
electronics,779.0,16,defective,very_good,resell_as_is
electronics,588.89,205,defective,good,refurbish
books,24.02,22,no_longer_needed,acceptable,refurbish
electronics,309.33,140,no_longer_needed,for_parts,recycle
clothing,122.22,65,wrong_size,good,refurbish
electronics,628.89,53,better_price_found,like_new,resell_as_is
home,158.83,76,no_longer_needed,like_new,resell_as_is
clothing,80.16,163,no_longer_needed,good,refurbish
clothing,184.99,72,no_longer_needed,acceptable,refurbish
books,13.79,26,no_longer_needed,for_parts,recycle
home,367.62,50,better_price_found,good,refurbish
electronics,633.24,80,not_as_described,like_new,resell_as_is
electronics,568.89,211,not_as_described,very_good,resell_as_is
books,29.59,205,defective,good,peer_exchange
books,13.07,97,no_longer_needed,very_good,peer_exchange
books,12.08,23,no_longer_needed,acceptable,donate
home,136.48,59,not_as_described,acceptable,refurbish
electronics,545.74,4,not_as_described,very_good,resell_as_is
clothing,128.05,25,no_longer_needed,good,donate
clothing,25.94,25,not_as_described,like_new,peer_exchange
clothing,196.59,93,no_longer_needed,like_new,resell_as_is
home,306.53,279,not_as_described,for_parts,recycle
electronics,371.09,227,defective,good,refurbish
clothing,46.06,53,wrong_size,good,donate
electronics,396.77,19,defective,good,refurbish
home,52.34,5,better_price_found,very_good,recycle
clothing,27.5,49,not_as_described,acceptable,refurbish
clothing,95.63,67,not_as_described,good,refurbish
electronics,155.78,8,not_as_described,good,refurbish
toys,8.61,89,no_longer_needed,very_good,resell_as_is
electronics,474.68,18,not_as_described,for_parts,recycle
books,13.48,67,better_price_found,like_new,refurbish
electronics,603.74,148,not_as_described,very_good,resell_as_is
home,19.39,54,no_longer_needed,good,peer_exchange
home,59.32,14,better_price_found,acceptable,resell_as_is
electronics,231.23,18,defective,good,refurbish
home,341.34,6,better_price_found,acceptable,refurbish
books,46.97,48,not_as_described,good,refurbish
home,267.9,5,not_as_described,for_parts,recycle
clothing,61.08,28,no_longer_needed,good,refurbish
clothing,129.75,18,no_longer_needed,good,refurbish
home,469.1,4,no_longer_needed,very_good,resell_as_is
electronics,254.82,42,defective,good,refurbish
electronics,616.26,32,no_longer_needed,very_good,resell_as_is
electronics,74.98,13,no_longer_needed,acceptable,refurbish
home,68.56,21,not_as_described,very_good,resell_as_is
clothing,77.81,27,no_longer_needed,acceptable,refurbish
toys,95.66,24,not_as_described,good,refurbish
books,9.62,30,no_longer_needed,good,peer_exchange
books,35.46,110,better_price_found,acceptable,refurbish
home,92.78,68,defective,good,refurbish
electronics,148.92,1,no_longer_needed,acceptable,refurbish
electronics,85.17,2,defective,acceptable,refurbish
clothing,30.02,16,not_as_described,good,refurbish
electronics,325.01,17,defective,for_parts,recycle
clothing,89.0,34,not_as_described,good,refurbish
electronics,410.09,32,better_price_found,good,refurbish
electronics,492.4,8,defective,like_new,resell_as_is
electronics,325.65,136,defective,good,refurbish
electronics,638.35,5,not_as_described,good,refurbish
home,137.84,1,no_longer_needed,good,refurbish
books,42.95,40,no_longer_needed,acceptable,refurbish
electronics,686.88,129,not_as_described,like_new,resell_as_is
books,45.58,14,defective,acceptable,refurbish
clothing,193.93,5,not_as_described,like_new,resell_as_is
books,24.51,353,no_longer_needed,very_good,peer_exchange
clothing,80.78,5,wrong_size,good,refurbish
home,358.75,1,defective,good,refurbish
electronics,647.51,89,not_as_described,like_new,resell_as_is
clothing,158.57,84,no_longer_needed,good,refurbish
home,315.93,82,defective,very_good,resell_as_is
home,455.49,86,not_as_described,good,refurbish
clothing,130.15,11,defective,acceptable,refurbish
electronics,264.78,17,defective,good,refurbish
clothing,45.7,5,not_as_described,very_good,resell_as_is
home,401.18,20,no_longer_needed,very_good,resell_as_is
home,172.39,19,defective,good,refurbish
clothing,60.28,66,no_longer_needed,acceptable,refurbish
electronics,88.94,73,defective,good,peer_exchange
books,15.95,49,defective,good,peer_exchange
books,44.97,24,better_price_found,for_parts,recycle
books,16.21,52,defective,like_new,peer_exchange
clothing,152.15,99,no_longer_needed,for_parts,recycle
electronics,340.73,9,defective,very_good,resell_as_is
clothing,69.43,64,wrong_size,like_new,resell_as_is
home,384.72,3,no_longer_needed,good,refurbish
home,434.25,54,not_as_described,for_parts,recycle
clothing,144.41,30,wrong_size,good,refurbish
toys,39.46,46,defective,for_parts,recycle
home,405.14,76,not_as_described,like_new,resell_as_is
home,343.6,29,better_price_found,very_good,resell_as_is
home,353.11,63,defective,very_good,resell_as_is
clothing,44.08,74,defective,good,refurbish
electronics,34.93,91,not_as_described,good,refurbish
books,48.24,47,no_longer_needed,good,refurbish
clothing,62.63,153,not_as_described,good,refurbish
electronics,44.76,34,defective,good,refurbish
books,34.66,15,better_price_found,acceptable,refurbish
home,153.96,98,better_price_found,like_new,resell_as_is
home,487.09,38,no_longer_needed,like_new,resell_as_is
electronics,780.77,102,no_longer_needed,for_parts,donate
home,216.87,12,not_as_described,like_new,resell_as_is
electronics,362.0,46,better_price_found,very_good,resell_as_is
electronics,141.35,14,no_longer_needed,very_good,refurbish
clothing,77.51,68,wrong_size,very_good,resell_as_is
electronics,287.26,120,defective,like_new,resell_as_is
clothing,117.05,98,wrong_size,good,refurbish
electronics,506.72,20,not_as_described,like_new,resell_as_is
clothing,166.25,4,defective,good,refurbish
clothing,136.77,91,no_longer_needed,very_good,resell_as_is
books,49.53,133,no_longer_needed,very_good,resell_as_is
home,253.9,40,no_longer_needed,very_good,resell_as_is
clothing,72.36,37,no_longer_needed,like_new,resell_as_is
toys,24.15,51,no_longer_needed,good,peer_exchange
electronics,451.08,28,no_longer_needed,like_new,resell_as_is
electronics,237.34,15,defective,acceptable,refurbish
toys,97.23,51,defective,very_good,resell_as_is
clothing,26.53,49,no_longer_needed,acceptable,refurbish
home,121.94,15,better_price_found,very_good,resell_as_is
electronics,699.12,95,no_longer_needed,acceptable,refurbish
clothing,76.73,6,defective,for_parts,donate
electronics,728.58,38,not_as_described,acceptable,refurbish
clothing,91.7,55,better_price_found,acceptable,refurbish
books,12.68,2,not_as_described,very_good,peer_exchange
home,456.64,43,not_as_described,like_new,resell_as_is
books,46.78,338,better_price_found,acceptable,refurbish
clothing,98.48,90,better_price_found,very_good,resell_as_is
home,311.22,14,defective,good,refurbish
electronics,454.04,117,no_longer_needed,for_parts,recycle
clothing,152.39,34,wrong_size,very_good,resell_as_is
clothing,73.12,21,wrong_size,good,refurbish
home,108.27,22,no_longer_needed,good,refurbish
clothing,183.46,25,defective,good,refurbish
clothing,92.77,95,wrong_size,like_new,resell_as_is
books,9.0,288,no_longer_needed,for_parts,recycle
clothing,47.71,11,wrong_size,acceptable,refurbish
clothing,95.27,147,wrong_size,like_new,resell_as_is
home,380.63,52,better_price_found,acceptable,refurbish
electronics,25.36,15,no_longer_needed,good,refurbish
books,45.3,144,no_longer_needed,good,refurbish
electronics,164.01,26,not_as_described,acceptable,refurbish
home,272.76,21,not_as_described,very_good,resell_as_is
clothing,41.24,8,not_as_described,for_parts,recycle
home,334.45,161,no_longer_needed,good,refurbish
books,22.98,24,wrong_size,acceptable,refurbish
electronics,469.95,38,defective,for_parts,recycle
electronics,483.98,81,defective,good,refurbish
electronics,154.57,51,defective,for_parts,recycle
toys,31.89,210,not_as_described,very_good,recycle
electronics,428.4,15,better_price_found,good,refurbish
home,450.41,83,defective,acceptable,refurbish
electronics,60.39,49,defective,acceptable,refurbish
toys,60.04,13,defective,good,refurbish
home,148.74,14,wrong_size,good,resell_as_is
home,469.5,23,defective,good,refurbish
clothing,186.34,112,wrong_size,very_good,resell_as_is
home,36.36,71,no_longer_needed,very_good,resell_as_is
toys,12.3,24,not_as_described,acceptable,donate
clothing,152.51,46,not_as_described,very_good,resell_as_is
clothing,115.7,2,better_price_found,very_good,resell_as_is
clothing,144.92,7,wrong_size,for_parts,recycle
clothing,168.93,4,defective,very_good,resell_as_is
clothing,27.36,23,wrong_size,acceptable,refurbish
clothing,179.78,65,wrong_size,for_parts,recycle
electronics,619.14,42,not_as_described,very_good,resell_as_is
clothing,181.3,15,no_longer_needed,good,refurbish
home,352.9,24,defective,very_good,resell_as_is
books,24.83,9,no_longer_needed,good,peer_exchange
home,498.85,13,not_as_described,good,refurbish
electronics,71.24,131,not_as_described,good,refurbish
home,78.29,51,not_as_described,acceptable,refurbish
home,180.16,99,defective,very_good,resell_as_is
electronics,203.3,107,better_price_found,very_good,resell_as_is
clothing,62.77,3,better_price_found,very_good,resell_as_is
electronics,689.2,79,better_price_found,acceptable,refurbish
electronics,564.22,28,not_as_described,like_new,donate
home,146.67,141,not_as_described,good,recycle
clothing,41.03,16,wrong_size,very_good,refurbish
electronics,371.05,25,better_price_found,like_new,resell_as_is
home,39.88,41,not_as_described,very_good,resell_as_is
clothing,40.66,51,no_longer_needed,acceptable,refurbish
electronics,229.18,27,not_as_described,good,recycle
clothing,74.13,98,wrong_size,for_parts,recycle
clothing,69.26,8,wrong_size,good,refurbish
home,83.44,48,defective,like_new,resell_as_is
clothing,25.58,3,better_price_found,like_new,peer_exchange
clothing,32.28,12,wrong_size,acceptable,refurbish
home,492.81,88,not_as_described,good,refurbish
home,257.84,63,wrong_size,good,refurbish
electronics,97.65,56,not_as_described,very_good,resell_as_is
clothing,47.05,64,no_longer_needed,acceptable,refurbish
clothing,21.59,21,wrong_size,for_parts,recycle
electronics,713.87,173,no_longer_needed,like_new,recycle
clothing,156.03,16,not_as_described,very_good,resell_as_is
home,121.08,4,defective,good,refurbish
electronics,592.64,26,not_as_described,for_parts,recycle
clothing,12.6,6,wrong_size,like_new,peer_exchange
clothing,114.15,12,wrong_size,good,refurbish
electronics,714.5,52,not_as_described,good,peer_exchange
home,180.36,150,not_as_described,like_new,resell_as_is
clothing,109.84,72,better_price_found,acceptable,refurbish
home,473.77,22,wrong_size,very_good,resell_as_is
home,322.35,55,wrong_size,acceptable,refurbish
home,284.94,26,defective,like_new,resell_as_is
toys,67.78,7,not_as_described,acceptable,refurbish
electronics,20.02,75,defective,very_good,peer_exchange
toys,60.05,44,defective,good,refurbish
home,203.53,17,defective,very_good,donate
books,48.96,32,defective,like_new,resell_as_is
clothing,70.81,39,wrong_size,good,refurbish
clothing,141.98,28,no_longer_needed,good,refurbish
clothing,58.78,98,defective,for_parts,donate
electronics,40.04,21,not_as_described,good,refurbish
electronics,117.93,199,defective,good,refurbish
clothing,26.35,4,wrong_size,good,peer_exchange
electronics,517.46,103,defective,good,refurbish
clothing,68.48,58,no_longer_needed,acceptable,refurbish
home,191.94,62,not_as_described,very_good,resell_as_is
clothing,78.14,146,wrong_size,very_good,resell_as_is
books,18.64,204,no_longer_needed,for_parts,recycle
clothing,80.3,48,no_longer_needed,very_good,resell_as_is
clothing,165.0,38,wrong_size,very_good,recycle
toys,49.56,27,not_as_described,like_new,resell_as_is
clothing,83.58,65,defective,good,resell_as_is
toys,67.69,186,defective,good,refurbish
clothing,86.28,25,wrong_size,very_good,resell_as_is
home,116.28,4,not_as_described,good,refurbish
clothing,75.64,98,not_as_described,like_new,resell_as_is
toys,44.46,22,defective,very_good,resell_as_is
clothing,25.32,169,no_longer_needed,good,peer_exchange
electronics,391.93,60,no_longer_needed,acceptable,refurbish
toys,19.44,125,better_price_found,very_good,peer_exchange
electronics,336.23,44,not_as_described,for_parts,recycle
clothing,163.84,181,wrong_size,for_parts,peer_exchange
clothing,35.11,35,not_as_described,very_good,donate
electronics,378.28,84,better_price_found,acceptable,refurbish
clothing,47.89,19,not_as_described,like_new,resell_as_is
toys,50.88,36,wrong_size,very_good,resell_as_is
electronics,343.8,1,not_as_described,like_new,resell_as_is
books,40.45,20,better_price_found,good,refurbish
home,20.99,10,no_longer_needed,very_good,refurbish
clothing,172.41,183,no_longer_needed,very_good,resell_as_is
clothing,11.39,2,not_as_described,good,peer_exchange
electronics,221.32,8,better_price_found,acceptable,refurbish
toys,56.29,37,not_as_described,good,refurbish
clothing,188.02,249,no_longer_needed,acceptable,refurbish
electronics,66.1,71,no_longer_needed,like_new,resell_as_is
electronics,243.0,67,defective,like_new,resell_as_is
home,215.63,64,not_as_described,like_new,resell_as_is
electronics,774.89,48,better_price_found,like_new,resell_as_is
electronics,59.76,58,defective,good,refurbish
clothing,158.51,35,not_as_described,good,refurbish
clothing,140.59,196,no_longer_needed,good,refurbish
home,311.95,2,defective,acceptable,refurbish
home,195.48,45,defective,very_good,resell_as_is
books,34.35,37,no_longer_needed,good,refurbish
electronics,513.59,88,better_price_found,like_new,resell_as_is
clothing,92.47,9,defective,very_good,resell_as_is
home,354.85,54,better_price_found,very_good,resell_as_is
home,111.42,23,defective,like_new,resell_as_is
clothing,99.88,3,not_as_described,very_good,resell_as_is
clothing,47.19,44,wrong_size,good,refurbish
toys,13.61,72,defective,very_good,peer_exchange
toys,30.32,6,not_as_described,like_new,resell_as_is
clothing,21.57,2,no_longer_needed,very_good,peer_exchange
clothing,132.0,20,defective,like_new,resell_as_is
clothing,129.12,100,not_as_described,very_good,resell_as_is
clothing,41.28,12,no_longer_needed,very_good,resell_as_is
clothing,122.03,5,no_longer_needed,very_good,resell_as_is
home,361.73,52,wrong_size,very_good,resell_as_is
clothing,174.06,23,wrong_size,very_good,resell_as_is
clothing,144.33,66,no_longer_needed,acceptable,refurbish
electronics,594.02,15,defective,good,refurbish
electronics,127.35,1,better_price_found,like_new,resell_as_is
clothing,77.75,146,wrong_size,good,refurbish
toys,65.07,98,defective,very_good,resell_as_is
books,11.81,10,no_longer_needed,like_new,peer_exchange
toys,47.39,60,no_longer_needed,very_good,resell_as_is
electronics,264.35,61,not_as_described,like_new,resell_as_is
toys,82.71,105,no_longer_needed,very_good,resell_as_is
electronics,533.02,62,defective,acceptable,refurbish
clothing,164.35,6,not_as_described,good,refurbish
toys,88.16,93,not_as_described,for_parts,peer_exchange
clothing,20.22,67,wrong_size,very_good,peer_exchange
electronics,158.16,1,not_as_described,like_new,resell_as_is
electronics,755.99,123,defective,acceptable,refurbish
toys,63.0,6,no_longer_needed,good,refurbish
clothing,173.34,193,wrong_size,like_new,resell_as_is
books,35.45,61,no_longer_needed,good,refurbish
clothing,160.68,239,better_price_found,for_parts,recycle
clothing,144.07,154,wrong_size,very_good,resell_as_is
home,163.56,24,defective,very_good,resell_as_is
electronics,562.25,60,no_longer_needed,like_new,resell_as_is
clothing,199.14,146,wrong_size,like_new,resell_as_is
clothing,42.6,11,defective,like_new,resell_as_is
clothing,21.99,31,defective,good,peer_exchange
clothing,98.92,32,no_longer_needed,acceptable,refurbish
home,81.62,20,wrong_size,for_parts,recycle
home,166.11,113,defective,like_new,resell_as_is
clothing,100.95,119,wrong_size,good,refurbish
clothing,166.22,84,no_longer_needed,acceptable,refurbish
electronics,570.34,23,defective,like_new,resell_as_is
home,128.73,84,better_price_found,like_new,resell_as_is
home,148.14,59,defective,good,refurbish
home,410.31,126,no_longer_needed,good,refurbish
clothing,197.88,40,better_price_found,acceptable,refurbish
clothing,198.51,117,wrong_size,acceptable,refurbish
electronics,334.72,17,no_longer_needed,very_good,resell_as_is
electronics,260.1,17,defective,like_new,resell_as_is
clothing,65.36,33,wrong_size,acceptable,refurbish
clothing,72.73,7,better_price_found,like_new,resell_as_is
clothing,70.88,11,no_longer_needed,like_new,resell_as_is
electronics,75.02,145,defective,acceptable,refurbish
electronics,765.25,18,no_longer_needed,very_good,resell_as_is
electronics,419.19,89,better_price_found,for_parts,recycle
books,13.96,21,no_longer_needed,very_good,peer_exchange
clothing,40.38,71,wrong_size,very_good,resell_as_is
home,373.64,63,defective,good,refurbish
electronics,165.05,181,defective,very_good,resell_as_is
home,354.3,116,defective,acceptable,refurbish
books,27.87,59,no_longer_needed,good,peer_exchange
home,322.13,36,not_as_described,acceptable,refurbish
home,463.18,103,not_as_described,good,refurbish
home,415.03,71,not_as_described,very_good,resell_as_is
toys,68.51,50,better_price_found,good,refurbish
home,360.64,13,not_as_described,good,refurbish
clothing,88.49,14,defective,like_new,resell_as_is
books,37.64,27,defective,very_good,resell_as_is
electronics,444.3,16,no_longer_needed,very_good,resell_as_is
books,20.43,8,no_longer_needed,good,peer_exchange
electronics,366.14,20,defective,acceptable,refurbish
clothing,123.88,14,no_longer_needed,like_new,donate
home,304.75,128,wrong_size,very_good,resell_as_is
electronics,600.25,151,not_as_described,very_good,resell_as_is
clothing,102.92,26,better_price_found,good,refurbish
books,20.38,35,better_price_found,very_good,peer_exchange
toys,65.34,82,better_price_found,acceptable,refurbish
electronics,333.46,68,not_as_described,acceptable,refurbish
home,105.41,84,not_as_described,very_good,resell_as_is
home,249.06,15,better_price_found,acceptable,refurbish
clothing,100.27,137,not_as_described,acceptable,refurbish
clothing,33.46,14,wrong_size,like_new,resell_as_is
electronics,537.38,110,not_as_described,very_good,resell_as_is
home,369.66,89,better_price_found,good,refurbish
home,48.19,137,defective,very_good,resell_as_is
clothing,84.79,39,no_longer_needed,very_good,resell_as_is
electronics,625.9,113,defective,good,refurbish
home,274.64,61,defective,very_good,peer_exchange
books,36.7,159,no_longer_needed,very_good,resell_as_is
home,108.54,6,not_as_described,acceptable,refurbish
home,408.61,40,defective,very_good,resell_as_is
home,450.7,53,defective,like_new,resell_as_is
electronics,276.14,41,defective,very_good,resell_as_is
clothing,35.91,79,no_longer_needed,very_good,resell_as_is
clothing,106.27,117,no_longer_needed,acceptable,refurbish
electronics,716.86,30,defective,acceptable,refurbish
books,19.22,115,defective,like_new,peer_exchange
electronics,273.2,68,defective,very_good,resell_as_is
clothing,100.32,92,no_longer_needed,good,refurbish
electronics,219.18,106,not_as_described,for_parts,recycle
home,210.12,34,not_as_described,acceptable,refurbish
toys,31.08,7,not_as_described,good,refurbish
clothing,134.22,26,not_as_described,acceptable,refurbish
clothing,198.72,122,not_as_described,good,refurbish
clothing,171.15,70,wrong_size,very_good,resell_as_is
electronics,94.6,33,defective,very_good,resell_as_is
electronics,69.83,23,defective,good,refurbish
home,454.52,82,not_as_described,acceptable,refurbish
electronics,327.39,115,defective,like_new,resell_as_is
books,12.23,47,not_as_described,acceptable,donate
clothing,170.54,39,not_as_described,good,refurbish
home,90.11,29,defective,good,refurbish
toys,49.43,18,not_as_described,acceptable,refurbish
toys,39.45,256,better_price_found,acceptable,refurbish
electronics,318.06,22,defective,good,refurbish
home,316.28,8,better_price_found,very_good,resell_as_is
clothing,164.48,7,defective,good,refurbish
home,462.98,360,wrong_size,very_good,resell_as_is
clothing,56.03,14,better_price_found,for_parts,recycle
toys,42.7,98,not_as_described,acceptable,refurbish
toys,28.13,24,no_longer_needed,very_good,peer_exchange
clothing,151.05,16,wrong_size,very_good,resell_as_is
electronics,296.74,31,defective,good,refurbish
electronics,486.29,66,not_as_described,acceptable,refurbish
clothing,11.4,71,not_as_described,like_new,peer_exchange
toys,46.71,42,better_price_found,acceptable,refurbish
home,434.22,37,not_as_described,very_good,resell_as_is
home,55.36,120,not_as_described,like_new,resell_as_is
clothing,176.77,14,no_longer_needed,good,recycle
clothing,86.32,42,no_longer_needed,good,refurbish
electronics,420.29,76,better_price_found,very_good,peer_exchange
clothing,188.59,26,better_price_found,good,refurbish
books,25.72,75,better_price_found,like_new,recycle
toys,66.5,88,defective,like_new,recycle
home,222.75,2,no_longer_needed,like_new,resell_as_is
books,24.48,47,no_longer_needed,very_good,peer_exchange
books,20.11,58,better_price_found,for_parts,recycle
clothing,62.95,192,wrong_size,good,refurbish
clothing,86.94,404,wrong_size,good,donate
home,188.51,4,defective,like_new,resell_as_is
clothing,145.45,30,wrong_size,very_good,resell_as_is
home,469.76,69,not_as_described,good,refurbish
home,26.66,46,no_longer_needed,acceptable,refurbish
books,48.01,17,better_price_found,like_new,resell_as_is
books,27.42,56,not_as_described,good,peer_exchange
clothing,198.15,57,wrong_size,acceptable,refurbish
clothing,75.92,34,no_longer_needed,good,refurbish
clothing,74.99,100,wrong_size,very_good,resell_as_is
clothing,11.73,63,not_as_described,good,peer_exchange
clothing,174.05,10,not_as_described,acceptable,refurbish
home,195.44,6,not_as_described,very_good,resell_as_is
electronics,774.05,191,defective,very_good,resell_as_is
toys,48.8,24,no_longer_needed,good,refurbish
home,40.05,4,not_as_described,very_good,resell_as_is
clothing,70.94,13,wrong_size,for_parts,recycle
clothing,119.54,246,wrong_size,good,refurbish
home,57.96,68,defective,good,refurbish
electronics,676.47,2,no_longer_needed,good,refurbish
electronics,763.58,5,defective,very_good,resell_as_is
clothing,33.87,21,wrong_size,very_good,resell_as_is
home,120.46,28,not_as_described,for_parts,recycle
books,15.87,5,no_longer_needed,very_good,peer_exchange
home,431.29,112,not_as_described,good,refurbish
electronics,567.22,1,not_as_described,very_good,resell_as_is
home,162.49,101,defective,good,refurbish
home,493.87,16,no_longer_needed,good,refurbish
electronics,606.4,51,defective,good,refurbish
clothing,178.91,51,not_as_described,good,donate
clothing,66.32,160,wrong_size,good,resell_as_is
clothing,66.61,37,wrong_size,very_good,resell_as_is
clothing,180.95,60,defective,like_new,resell_as_is
home,143.8,99,defective,acceptable,peer_exchange
clothing,65.6,48,wrong_size,good,refurbish
electronics,101.36,10,better_price_found,good,refurbish
electronics,526.65,122,no_longer_needed,good,refurbish
home,121.63,36,better_price_found,like_new,resell_as_is
books,48.63,37,no_longer_needed,good,refurbish
books,12.68,35,no_longer_needed,acceptable,donate
home,499.13,5,defective,good,refurbish
electronics,91.59,69,better_price_found,good,refurbish
clothing,155.9,84,not_as_described,very_good,recycle
clothing,166.76,118,defective,acceptable,refurbish
clothing,85.61,161,wrong_size,for_parts,recycle
home,411.19,84,no_longer_needed,very_good,peer_exchange
electronics,531.3,3,not_as_described,acceptable,refurbish
clothing,97.27,5,not_as_described,acceptable,refurbish
clothing,169.38,126,wrong_size,good,refurbish
electronics,730.67,104,no_longer_needed,like_new,resell_as_is
clothing,75.06,48,wrong_size,acceptable,refurbish
electronics,166.82,13,defective,good,refurbish
electronics,58.22,52,no_longer_needed,very_good,resell_as_is
clothing,62.1,2,no_longer_needed,good,refurbish
home,342.49,14,not_as_described,like_new,resell_as_is
home,431.42,198,no_longer_needed,very_good,resell_as_is
books,31.04,58,better_price_found,acceptable,refurbish
electronics,603.07,115,defective,good,refurbish
toys,11.07,53,defective,acceptable,donate
electronics,405.61,148,defective,like_new,resell_as_is
clothing,183.24,10,not_as_described,very_good,resell_as_is
home,302.94,85,not_as_described,good,refurbish
toys,34.89,21,not_as_described,good,refurbish
toys,32.44,136,defective,good,refurbish
electronics,775.3,37,better_price_found,good,refurbish
electronics,256.91,6,defective,like_new,resell_as_is
home,83.57,9,no_longer_needed,very_good,recycle
electronics,204.74,11,defective,very_good,resell_as_is
electronics,62.66,2,defective,very_good,resell_as_is
clothing,36.71,34,wrong_size,very_good,donate
home,124.74,9,better_price_found,very_good,resell_as_is
books,41.77,36,no_longer_needed,very_good,peer_exchange
home,469.05,170,defective,acceptable,refurbish
clothing,22.78,19,better_price_found,good,peer_exchange
clothing,146.68,2,wrong_size,good,refurbish
books,15.58,64,no_longer_needed,good,peer_exchange
electronics,729.46,19,no_longer_needed,for_parts,recycle
clothing,135.94,202,better_price_found,good,refurbish
electronics,782.4,201,defective,very_good,resell_as_is
clothing,165.03,29,wrong_size,very_good,resell_as_is
home,216.84,11,better_price_found,acceptable,refurbish
electronics,64.17,8,not_as_described,for_parts,recycle
books,25.06,74,no_longer_needed,very_good,peer_exchange
home,49.29,27,not_as_described,for_parts,recycle
books,24.44,96,no_longer_needed,acceptable,refurbish
home,320.56,33,defective,like_new,peer_exchange
electronics,184.98,80,defective,good,refurbish
toys,86.35,120,not_as_described,acceptable,refurbish
electronics,35.58,54,not_as_described,good,recycle
home,229.71,80,defective,acceptable,refurbish
electronics,204.64,60,no_longer_needed,good,refurbish
books,35.12,36,no_longer_needed,very_good,resell_as_is
clothing,199.17,40,defective,good,refurbish
books,25.3,77,no_longer_needed,good,peer_exchange
clothing,56.71,148,wrong_size,for_parts,recycle
home,278.33,9,not_as_described,like_new,resell_as_is
clothing,157.82,15,wrong_size,good,refurbish
home,218.18,44,defective,for_parts,recycle
clothing,121.3,7,better_price_found,very_good,resell_as_is
electronics,579.7,90,no_longer_needed,good,refurbish
electronics,278.11,18,better_price_found,very_good,resell_as_is
home,117.86,17,defective,good,refurbish
electronics,705.93,203,defective,very_good,donate
clothing,196.25,64,no_longer_needed,like_new,resell_as_is
home,451.03,59,defective,like_new,resell_as_is
electronics,425.78,3,defective,good,refurbish
clothing,50.97,101,wrong_size,good,refurbish
electronics,753.88,13,not_as_described,very_good,resell_as_is
clothing,85.94,244,not_as_described,good,refurbish
home,21.97,4,not_as_described,very_good,refurbish
toys,73.66,103,no_longer_needed,like_new,resell_as_is
electronics,272.29,103,not_as_described,acceptable,refurbish
home,55.64,62,no_longer_needed,good,refurbish
electronics,113.17,59,better_price_found,very_good,resell_as_is
books,28.44,67,better_price_found,very_good,peer_exchange
electronics,771.21,150,no_longer_needed,like_new,resell_as_is
electronics,32.42,58,better_price_found,for_parts,recycle
electronics,233.85,24,no_longer_needed,acceptable,refurbish
clothing,18.46,21,defective,like_new,peer_exchange
books,31.16,5,not_as_described,good,refurbish
clothing,110.56,53,no_longer_needed,very_good,resell_as_is
clothing,20.53,49,not_as_described,for_parts,recycle
toys,91.57,56,no_longer_needed,good,refurbish
home,66.54,91,defective,good,refurbish
home,440.5,21,defective,very_good,resell_as_is
clothing,62.84,13,defective,very_good,resell_as_is
electronics,537.95,17,not_as_described,very_good,resell_as_is
toys,92.37,53,no_longer_needed,acceptable,refurbish
electronics,660.32,34,defective,very_good,resell_as_is
clothing,54.53,8,wrong_size,good,refurbish
clothing,16.58,9,better_price_found,good,peer_exchange
electronics,588.34,46,defective,like_new,resell_as_is
books,43.94,56,no_longer_needed,like_new,resell_as_is
home,112.35,128,defective,very_good,resell_as_is
home,354.2,8,no_longer_needed,good,refurbish
toys,76.11,8,no_longer_needed,like_new,refurbish
home,473.9,53,not_as_described,like_new,recycle
home,113.39,83,better_price_found,good,refurbish
toys,9.46,79,better_price_found,like_new,peer_exchange
electronics,461.88,63,defective,good,refurbish
clothing,40.31,131,wrong_size,acceptable,refurbish
clothing,147.38,43,defective,like_new,resell_as_is
electronics,32.24,27,defective,very_good,refurbish
toys,8.2,62,defective,for_parts,donate
electronics,568.56,31,better_price_found,good,peer_exchange
toys,52.5,23,no_longer_needed,good,refurbish
home,133.11,161,defective,very_good,resell_as_is
clothing,12.91,92,wrong_size,good,peer_exchange
clothing,18.97,12,better_price_found,like_new,peer_exchange
clothing,103.72,1,not_as_described,very_good,resell_as_is
electronics,296.24,33,not_as_described,good,refurbish
electronics,588.78,42,not_as_described,very_good,resell_as_is
electronics,91.31,49,better_price_found,very_good,resell_as_is
electronics,323.13,3,better_price_found,good,refurbish
books,26.28,44,not_as_described,good,peer_exchange
electronics,693.57,26,better_price_found,for_parts,recycle
home,234.59,109,better_price_found,acceptable,refurbish
home,426.99,47,no_longer_needed,good,recycle
electronics,463.67,122,not_as_described,for_parts,recycle
electronics,323.76,182,defective,acceptable,refurbish
clothing,25.82,78,wrong_size,acceptable,refurbish
clothing,157.8,29,defective,very_good,resell_as_is
clothing,163.67,27,not_as_described,good,refurbish
clothing,187.35,78,not_as_described,good,donate
clothing,113.69,27,wrong_size,very_good,resell_as_is
clothing,98.67,4,wrong_size,acceptable,refurbish
clothing,56.19,82,wrong_size,very_good,resell_as_is
clothing,57.02,63,not_as_described,acceptable,refurbish
electronics,233.46,235,not_as_described,acceptable,recycle
electronics,136.07,90,not_as_described,good,refurbish
toys,36.63,15,better_price_found,for_parts,recycle
home,139.6,97,no_longer_needed,good,refurbish
home,179.11,165,better_price_found,very_good,peer_exchange
clothing,190.08,4,wrong_size,very_good,resell_as_is
home,447.65,80,not_as_described,for_parts,recycle
books,24.21,63,no_longer_needed,good,peer_exchange
clothing,116.67,114,defective,for_parts,recycle
clothing,161.29,53,better_price_found,good,refurbish
electronics,342.71,22,no_longer_needed,very_good,resell_as_is
electronics,117.98,23,better_price_found,acceptable,refurbish
home,145.67,132,defective,very_good,resell_as_is
electronics,589.5,30,no_longer_needed,good,refurbish
home,137.29,41,defective,good,refurbish
clothing,191.34,125,no_longer_needed,acceptable,refurbish
home,111.13,10,better_price_found,good,refurbish
clothing,124.74,4,wrong_size,like_new,resell_as_is
home,45.3,77,defective,good,refurbish
home,443.35,178,not_as_described,acceptable,refurbish
clothing,59.67,176,no_longer_needed,very_good,resell_as_is
home,280.33,63,no_longer_needed,good,refurbish
home,367.87,60,not_as_described,good,refurbish
electronics,229.43,41,no_longer_needed,very_good,resell_as_is
electronics,570.67,17,not_as_described,good,refurbish
clothing,37.59,45,better_price_found,good,refurbish
books,6.62,65,no_longer_needed,good,peer_exchange
clothing,185.4,14,no_longer_needed,like_new,peer_exchange
electronics,679.36,78,better_price_found,very_good,resell_as_is
electronics,638.18,13,defective,for_parts,donate
electronics,300.38,118,defective,like_new,resell_as_is
electronics,741.72,122,not_as_described,like_new,resell_as_is
home,485.72,50,not_as_described,good,refurbish
home,340.91,17,no_longer_needed,acceptable,refurbish
clothing,65.97,18,wrong_size,very_good,resell_as_is
electronics,240.91,128,not_as_described,good,refurbish
home,107.12,103,defective,good,refurbish
home,281.64,37,defective,good,refurbish
books,7.7,29,better_price_found,good,peer_exchange
toys,88.39,42,not_as_described,very_good,resell_as_is
clothing,57.48,27,wrong_size,good,refurbish
clothing,84.16,144,wrong_size,acceptable,refurbish
clothing,114.63,174,wrong_size,good,refurbish
clothing,165.53,138,no_longer_needed,very_good,resell_as_is
electronics,48.35,7,no_longer_needed,very_good,resell_as_is
clothing,147.84,8,defective,good,refurbish
books,12.73,99,no_longer_needed,good,peer_exchange
clothing,36.3,66,not_as_described,good,refurbish
toys,62.04,6,not_as_described,acceptable,refurbish
clothing,180.0,19,defective,acceptable,refurbish
home,431.61,6,better_price_found,very_good,resell_as_is
electronics,346.02,18,defective,like_new,resell_as_is
clothing,93.95,26,no_longer_needed,acceptable,refurbish
clothing,151.44,10,wrong_size,very_good,resell_as_is
electronics,69.34,9,no_longer_needed,good,refurbish
clothing,110.24,64,wrong_size,acceptable,refurbish
home,22.82,28,not_as_described,good,donate
books,23.69,21,no_longer_needed,good,peer_exchange
clothing,125.91,29,wrong_size,like_new,donate
clothing,97.28,103,better_price_found,good,refurbish
toys,17.07,16,no_longer_needed,acceptable,refurbish
clothing,26.97,35,wrong_size,very_good,peer_exchange
electronics,665.51,34,not_as_described,like_new,resell_as_is
electronics,770.0,99,not_as_described,very_good,resell_as_is
clothing,40.59,50,better_price_found,like_new,resell_as_is
toys,23.74,8,no_longer_needed,acceptable,refurbish
toys,70.48,5,better_price_found,good,refurbish
clothing,67.82,6,wrong_size,good,refurbish
clothing,199.85,21,wrong_size,very_good,resell_as_is
clothing,160.64,142,better_price_found,very_good,resell_as_is
clothing,31.44,123,not_as_described,very_good,resell_as_is
clothing,149.99,37,better_price_found,like_new,resell_as_is
clothing,105.6,23,no_longer_needed,acceptable,refurbish
books,43.28,48,better_price_found,very_good,resell_as_is
clothing,98.8,21,better_price_found,very_good,resell_as_is
electronics,472.25,60,defective,good,refurbish
books,48.11,105,no_longer_needed,very_good,resell_as_is
home,406.66,43,defective,good,refurbish
clothing,163.79,97,better_price_found,acceptable,refurbish
electronics,66.74,44,defective,for_parts,recycle
books,22.44,24,better_price_found,very_good,peer_exchange
electronics,542.95,21,not_as_described,good,refurbish
home,264.51,25,no_longer_needed,very_good,resell_as_is
clothing,172.46,34,wrong_size,good,refurbish
electronics,416.37,80,better_price_found,good,refurbish
electronics,700.81,102,defective,very_good,resell_as_is
clothing,68.22,10,wrong_size,good,refurbish
clothing,72.43,21,defective,very_good,resell_as_is
home,29.45,1,defective,good,refurbish
electronics,750.6,7,no_longer_needed,good,refurbish
clothing,100.64,109,no_longer_needed,good,refurbish
electronics,645.2,46,not_as_described,good,refurbish
home,384.98,87,not_as_described,very_good,resell_as_is
clothing,181.63,5,wrong_size,for_parts,recycle
clothing,153.46,67,not_as_described,like_new,resell_as_is
books,12.75,115,better_price_found,good,peer_exchange
clothing,63.54,77,no_longer_needed,good,refurbish
electronics,61.7,36,defective,good,refurbish
home,163.24,54,not_as_described,like_new,resell_as_is
home,81.2,16,better_price_found,like_new,resell_as_is
clothing,94.89,1,no_longer_needed,very_good,resell_as_is
home,355.78,188,not_as_described,very_good,resell_as_is
home,159.6,9,no_longer_needed,very_good,resell_as_is
clothing,47.8,56,wrong_size,good,refurbish
clothing,152.25,106,no_longer_needed,like_new,resell_as_is
clothing,187.62,109,no_longer_needed,very_good,resell_as_is
clothing,39.9,2,better_price_found,very_good,resell_as_is
electronics,744.24,53,no_longer_needed,for_parts,recycle
home,33.82,13,no_longer_needed,acceptable,refurbish
clothing,111.38,1,wrong_size,very_good,resell_as_is
books,17.59,13,no_longer_needed,acceptable,refurbish
electronics,298.0,83,not_as_described,acceptable,refurbish
home,307.84,41,wrong_size,for_parts,recycle
electronics,540.03,21,not_as_described,good,refurbish
books,16.92,36,no_longer_needed,good,peer_exchange
clothing,132.75,10,better_price_found,very_good,resell_as_is
electronics,180.05,41,better_price_found,good,refurbish
clothing,103.19,8,no_longer_needed,very_good,resell_as_is
toys,94.78,45,no_longer_needed,acceptable,refurbish
home,31.63,42,defective,very_good,resell_as_is
clothing,128.4,5,not_as_described,very_good,resell_as_is
home,285.0,81,not_as_described,acceptable,refurbish
clothing,133.14,2,not_as_described,good,refurbish
electronics,90.93,155,no_longer_needed,like_new,resell_as_is
clothing,168.76,3,wrong_size,acceptable,peer_exchange
toys,99.65,13,not_as_described,good,refurbish
clothing,194.19,78,wrong_size,like_new,resell_as_is
electronics,634.39,23,defective,like_new,resell_as_is
electronics,622.85,41,no_longer_needed,good,resell_as_is
electronics,236.95,24,better_price_found,very_good,resell_as_is
home,93.66,40,no_longer_needed,acceptable,refurbish
home,76.25,175,defective,acceptable,refurbish
toys,74.24,85,defective,good,refurbish
home,65.42,197,better_price_found,very_good,resell_as_is
clothing,97.74,23,not_as_described,acceptable,refurbish
home,354.17,75,defective,acceptable,refurbish
clothing,55.94,40,no_longer_needed,very_good,resell_as_is
electronics,391.32,288,no_longer_needed,very_good,resell_as_is
electronics,339.46,91,no_longer_needed,very_good,resell_as_is
clothing,82.19,42,not_as_described,good,refurbish
clothing,43.52,101,not_as_described,like_new,resell_as_is
toys,95.15,28,defective,good,refurbish
toys,24.89,18,not_as_described,very_good,peer_exchange
clothing,42.45,19,not_as_described,like_new,resell_as_is
clothing,145.79,167,better_price_found,for_parts,recycle
electronics,255.78,136,better_price_found,acceptable,refurbish
toys,46.95,1,not_as_described,like_new,resell_as_is
clothing,99.95,57,no_longer_needed,good,refurbish
books,45.75,8,no_longer_needed,very_good,donate
clothing,111.72,12,wrong_size,good,refurbish
toys,65.81,31,not_as_described,for_parts,recycle
toys,80.28,24,better_price_found,good,refurbish
home,53.63,3,not_as_described,good,refurbish
electronics,116.16,10,defective,like_new,resell_as_is
clothing,155.08,295,not_as_described,like_new,resell_as_is
books,28.74,105,better_price_found,for_parts,recycle
clothing,74.79,196,not_as_described,like_new,resell_as_is
clothing,180.2,64,wrong_size,for_parts,recycle
home,157.07,29,no_longer_needed,like_new,resell_as_is
home,247.81,31,defective,good,refurbish
clothing,11.03,67,better_price_found,good,peer_exchange
clothing,174.85,16,not_as_described,good,refurbish
books,38.43,66,not_as_described,like_new,resell_as_is
clothing,45.79,4,wrong_size,for_parts,recycle
toys,25.95,194,defective,good,peer_exchange
clothing,90.72,9,wrong_size,good,refurbish
home,284.99,63,wrong_size,very_good,resell_as_is
electronics,549.45,12,no_longer_needed,acceptable,refurbish
clothing,134.41,30,wrong_size,acceptable,refurbish
books,28.16,7,no_longer_needed,good,peer_exchange
clothing,66.68,19,wrong_size,very_good,resell_as_is
home,346.68,42,no_longer_needed,acceptable,refurbish
home,152.2,136,wrong_size,very_good,resell_as_is
electronics,162.87,54,not_as_described,acceptable,refurbish
electronics,34.34,71,defective,good,refurbish
clothing,105.84,53,not_as_described,good,refurbish
electronics,89.83,35,defective,good,refurbish
home,434.02,22,defective,like_new,resell_as_is
clothing,45.72,64,wrong_size,good,refurbish
home,41.73,132,no_longer_needed,very_good,resell_as_is
clothing,165.34,112,not_as_described,acceptable,recycle
electronics,518.63,5,defective,good,refurbish
home,285.35,18,no_longer_needed,like_new,resell_as_is
clothing,60.9,56,no_longer_needed,for_parts,recycle
clothing,52.79,18,defective,very_good,resell_as_is
clothing,80.95,30,no_longer_needed,good,refurbish
clothing,165.4,3,no_longer_needed,good,refurbish
clothing,136.81,1,no_longer_needed,good,refurbish
electronics,362.78,42,not_as_described,good,refurbish
toys,63.13,99,defective,very_good,resell_as_is
clothing,173.61,5,wrong_size,acceptable,refurbish
home,278.3,108,defective,like_new,resell_as_is
toys,46.18,24,no_longer_needed,for_parts,recycle
toys,10.08,8,no_longer_needed,acceptable,donate
electronics,633.84,4,defective,good,refurbish
home,187.1,57,not_as_described,good,refurbish
clothing,26.08,8,wrong_size,good,peer_exchange
home,397.68,26,not_as_described,very_good,resell_as_is
electronics,480.91,272,defective,like_new,resell_as_is
clothing,167.63,74,better_price_found,good,refurbish
clothing,129.81,36,wrong_size,good,refurbish
books,38.1,66,defective,acceptable,refurbish
books,46.39,4,better_price_found,like_new,resell_as_is
clothing,38.14,83,wrong_size,very_good,resell_as_is
home,459.57,74,no_longer_needed,very_good,resell_as_is
home,252.28,29,defective,acceptable,refurbish
clothing,189.36,3,no_longer_needed,for_parts,recycle
books,21.84,16,no_longer_needed,very_good,peer_exchange
home,166.58,148,no_longer_needed,acceptable,refurbish
books,41.26,56,no_longer_needed,acceptable,refurbish
clothing,17.42,62,wrong_size,for_parts,recycle
electronics,547.58,6,no_longer_needed,very_good,resell_as_is
clothing,37.66,32,wrong_size,good,refurbish
books,42.7,129,better_price_found,like_new,resell_as_is
clothing,179.85,220,wrong_size,very_good,resell_as_is
home,325.49,8,not_as_described,good,refurbish
electronics,714.57,51,no_longer_needed,acceptable,refurbish
electronics,582.6,11,no_longer_needed,acceptable,refurbish
clothing,70.15,67,wrong_size,acceptable,refurbish
clothing,155.33,12,wrong_size,for_parts,recycle
clothing,187.51,45,wrong_size,very_good,resell_as_is
electronics,472.11,49,no_longer_needed,good,refurbish
electronics,504.24,77,not_as_described,acceptable,refurbish
books,31.21,9,no_longer_needed,acceptable,refurbish
clothing,145.14,7,wrong_size,good,refurbish
home,180.0,1,not_as_described,like_new,peer_exchange
clothing,55.04,36,wrong_size,for_parts,recycle
toys,47.18,255,no_longer_needed,for_parts,peer_exchange
toys,13.04,33,no_longer_needed,good,peer_exchange
electronics,768.48,30,defective,acceptable,refurbish
clothing,148.13,53,wrong_size,good,refurbish
books,49.54,29,no_longer_needed,like_new,refurbish
home,91.77,70,defective,good,refurbish
home,142.09,129,better_price_found,very_good,resell_as_is
electronics,325.4,75,no_longer_needed,good,refurbish
clothing,29.56,77,not_as_described,acceptable,refurbish
clothing,73.5,2,wrong_size,acceptable,refurbish
clothing,96.55,2,no_longer_needed,like_new,resell_as_is
clothing,74.97,155,wrong_size,good,refurbish
electronics,354.53,64,no_longer_needed,like_new,resell_as_is
electronics,202.19,19,defective,like_new,resell_as_is
clothing,31.91,7,no_longer_needed,acceptable,refurbish
electronics,194.01,4,defective,good,refurbish
clothing,58.16,170,better_price_found,good,refurbish
clothing,88.25,79,defective,acceptable,refurbish
clothing,116.53,6,wrong_size,good,refurbish
books,12.12,37,no_longer_needed,good,peer_exchange
books,30.57,35,defective,good,refurbish
home,418.6,41,defective,like_new,resell_as_is
home,398.28,22,not_as_described,good,refurbish
electronics,126.37,14,defective,very_good,recycle
clothing,81.18,13,defective,for_parts,recycle
clothing,157.53,83,wrong_size,good,refurbish
electronics,359.87,16,not_as_described,good,refurbish
electronics,419.82,50,not_as_described,acceptable,refurbish
toys,52.33,51,better_price_found,very_good,peer_exchange
clothing,171.27,74,defective,very_good,resell_as_is
clothing,52.02,19,no_longer_needed,like_new,resell_as_is
electronics,640.93,31,not_as_described,acceptable,refurbish
clothing,19.37,1,wrong_size,good,peer_exchange
electronics,340.55,63,no_longer_needed,very_good,donate
clothing,130.36,7,not_as_described,like_new,recycle
home,304.41,25,defective,like_new,resell_as_is
clothing,78.27,39,wrong_size,good,refurbish
electronics,317.5,10,no_longer_needed,acceptable,refurbish
clothing,190.54,4,not_as_described,like_new,resell_as_is
clothing,137.18,107,wrong_size,like_new,resell_as_is
clothing,34.51,38,not_as_described,like_new,resell_as_is
electronics,347.86,136,better_price_found,good,refurbish
toys,55.49,11,better_price_found,acceptable,refurbish
home,112.16,15,no_longer_needed,very_good,resell_as_is
home,395.22,37,no_longer_needed,acceptable,refurbish
electronics,233.73,23,defective,very_good,resell_as_is
clothing,182.6,7,no_longer_needed,good,refurbish
electronics,335.62,4,no_longer_needed,like_new,resell_as_is
electronics,544.83,112,not_as_described,good,refurbish
clothing,162.62,20,no_longer_needed,very_good,resell_as_is
clothing,121.94,37,no_longer_needed,very_good,peer_exchange
clothing,163.16,27,not_as_described,very_good,resell_as_is
home,63.0,19,better_price_found,very_good,resell_as_is
toys,32.68,3,no_longer_needed,good,refurbish
home,30.12,123,defective,like_new,resell_as_is
toys,71.77,97,not_as_described,very_good,resell_as_is
clothing,114.85,60,wrong_size,for_parts,recycle
toys,9.37,40,not_as_described,good,peer_exchange
clothing,88.82,80,not_as_described,acceptable,refurbish
home,298.82,28,not_as_described,very_good,resell_as_is
electronics,102.3,69,no_longer_needed,for_parts,recycle
electronics,709.71,120,not_as_described,good,refurbish
clothing,182.01,6,wrong_size,good,refurbish
books,49.47,30,defective,acceptable,refurbish
electronics,405.97,82,no_longer_needed,good,refurbish
toys,69.03,32,not_as_described,acceptable,refurbish
electronics,433.27,21,no_longer_needed,like_new,resell_as_is
clothing,10.05,9,better_price_found,acceptable,donate
home,310.16,213,not_as_described,good,recycle
home,350.11,32,better_price_found,good,refurbish
electronics,449.89,75,defective,very_good,resell_as_is
clothing,55.9,67,wrong_size,acceptable,refurbish
home,257.28,123,defective,good,refurbish
clothing,103.37,77,better_price_found,like_new,donate
electronics,789.62,58,no_longer_needed,very_good,resell_as_is
home,456.22,243,defective,like_new,resell_as_is
electronics,194.58,25,better_price_found,good,refurbish
clothing,72.76,2,wrong_size,good,refurbish
electronics,293.58,86,not_as_described,good,refurbish
home,16.38,161,defective,good,peer_exchange
clothing,189.9,38,no_longer_needed,acceptable,refurbish
toys,90.63,79,not_as_described,like_new,resell_as_is
toys,74.85,159,better_price_found,very_good,resell_as_is
clothing,41.97,53,better_price_found,acceptable,refurbish
electronics,264.36,45,defective,like_new,resell_as_is
clothing,182.75,7,wrong_size,like_new,resell_as_is
home,369.25,37,no_longer_needed,very_good,resell_as_is
electronics,324.79,94,no_longer_needed,acceptable,refurbish
electronics,796.95,7,defective,like_new,resell_as_is
electronics,408.2,39,better_price_found,like_new,resell_as_is
clothing,124.91,40,no_longer_needed,like_new,resell_as_is
clothing,35.41,131,not_as_described,very_good,resell_as_is
clothing,15.02,25,better_price_found,acceptable,refurbish
clothing,170.99,35,wrong_size,like_new,resell_as_is
toys,71.78,5,defective,acceptable,refurbish
home,327.55,2,no_longer_needed,acceptable,refurbish
home,119.2,3,defective,very_good,resell_as_is
clothing,106.62,39,wrong_size,like_new,resell_as_is
clothing,66.75,122,no_longer_needed,acceptable,refurbish
electronics,563.05,14,not_as_described,like_new,resell_as_is
electronics,724.42,120,not_as_described,acceptable,refurbish
books,24.43,93,no_longer_needed,for_parts,recycle
clothing,159.16,104,not_as_described,very_good,resell_as_is
toys,77.27,101,wrong_size,good,refurbish
books,7.22,115,no_longer_needed,very_good,peer_exchange
clothing,110.86,4,wrong_size,acceptable,refurbish
electronics,373.63,44,no_longer_needed,good,refurbish
home,69.85,11,not_as_described,very_good,resell_as_is
clothing,83.75,12,wrong_size,good,refurbish
clothing,42.43,66,no_longer_needed,very_good,resell_as_is
toys,38.66,55,defective,good,donate
home,100.17,5,not_as_described,very_good,resell_as_is
books,21.51,23,better_price_found,acceptable,refurbish
books,43.29,34,defective,like_new,resell_as_is
clothing,199.46,89,no_longer_needed,for_parts,recycle
clothing,41.54,83,wrong_size,good,refurbish
toys,46.56,92,not_as_described,good,resell_as_is
electronics,575.95,3,defective,good,refurbish
electronics,280.38,79,no_longer_needed,like_new,resell_as_is
electronics,443.48,19,not_as_described,very_good,resell_as_is
clothing,55.97,20,no_longer_needed,good,refurbish
toys,91.89,81,defective,acceptable,refurbish
home,347.52,86,not_as_described,good,refurbish
electronics,260.9,57,better_price_found,like_new,recycle
electronics,728.1,77,no_longer_needed,good,refurbish
electronics,325.71,41,defective,good,refurbish
electronics,126.65,87,wrong_size,for_parts,peer_exchange
electronics,385.55,168,defective,for_parts,recycle
clothing,42.33,23,defective,very_good,resell_as_is
toys,22.11,80,wrong_size,good,peer_exchange
clothing,45.25,64,no_longer_needed,good,refurbish
clothing,191.62,155,defective,acceptable,refurbish
clothing,39.78,34,not_as_described,like_new,resell_as_is
home,344.82,61,better_price_found,like_new,resell_as_is
home,277.55,24,defective,acceptable,refurbish
books,31.36,68,better_price_found,good,refurbish
clothing,162.58,29,wrong_size,like_new,resell_as_is
electronics,525.6,32,not_as_described,good,recycle
home,416.68,12,better_price_found,good,refurbish
clothing,112.99,151,no_longer_needed,good,refurbish
clothing,83.68,21,wrong_size,acceptable,donate
clothing,135.27,21,wrong_size,very_good,resell_as_is
electronics,34.54,98,defective,acceptable,refurbish
clothing,68.84,10,no_longer_needed,good,refurbish
electronics,743.46,5,defective,good,peer_exchange
home,432.7,11,not_as_described,good,refurbish
electronics,519.4,126,not_as_described,for_parts,recycle
electronics,201.78,181,better_price_found,like_new,peer_exchange
electronics,678.73,53,better_price_found,good,refurbish
home,182.55,19,not_as_described,good,refurbish
books,29.41,231,better_price_found,good,peer_exchange
clothing,178.55,27,wrong_size,good,refurbish
clothing,104.32,22,better_price_found,good,refurbish
home,387.46,195,not_as_described,like_new,resell_as_is
clothing,180.43,31,better_price_found,good,refurbish
electronics,721.08,161,better_price_found,like_new,resell_as_is
home,27.35,4,defective,good,refurbish
electronics,152.89,42,not_as_described,like_new,resell_as_is
toys,99.9,262,better_price_found,very_good,resell_as_is
clothing,133.22,23,not_as_described,good,resell_as_is
clothing,12.29,44,not_as_described,for_parts,recycle
clothing,118.95,158,no_longer_needed,very_good,resell_as_is
clothing,105.84,82,not_as_described,like_new,resell_as_is
books,18.03,66,no_longer_needed,acceptable,refurbish
clothing,141.39,129,defective,very_good,resell_as_is
electronics,323.05,121,no_longer_needed,good,refurbish
clothing,63.98,12,no_longer_needed,very_good,resell_as_is
clothing,196.59,30,wrong_size,like_new,resell_as_is
clothing,89.56,34,wrong_size,good,refurbish
electronics,100.99,8,defective,good,refurbish
clothing,42.98,190,no_longer_needed,very_good,resell_as_is
electronics,403.66,2,no_longer_needed,good,refurbish
electronics,647.21,95,defective,very_good,resell_as_is
clothing,60.02,49,defective,for_parts,recycle
toys,29.22,89,not_as_described,like_new,peer_exchange
clothing,135.18,51,defective,good,refurbish
electronics,541.18,136,defective,like_new,resell_as_is
clothing,86.67,9,not_as_described,like_new,resell_as_is
home,140.26,40,better_price_found,good,refurbish
clothing,155.89,3,wrong_size,very_good,resell_as_is
books,20.58,64,no_longer_needed,good,peer_exchange
clothing,75.03,6,better_price_found,like_new,refurbish
clothing,83.23,46,no_longer_needed,good,donate
electronics,628.37,66,defective,very_good,resell_as_is
home,185.87,22,not_as_described,like_new,recycle
home,467.56,65,not_as_described,like_new,resell_as_is
clothing,15.51,71,defective,like_new,peer_exchange
electronics,467.95,59,not_as_described,acceptable,refurbish
home,21.19,72,not_as_described,good,refurbish
clothing,184.25,9,not_as_described,like_new,resell_as_is
electronics,94.01,25,not_as_described,very_good,resell_as_is
clothing,16.49,24,no_longer_needed,good,peer_exchange
home,165.82,7,defective,acceptable,refurbish
clothing,11.84,10,wrong_size,good,recycle
clothing,183.39,91,no_longer_needed,good,refurbish
home,319.93,49,better_price_found,acceptable,refurbish
books,14.7,6,no_longer_needed,good,peer_exchange
clothing,118.46,45,wrong_size,good,refurbish
electronics,483.58,55,defective,like_new,resell_as_is
clothing,53.21,12,not_as_described,good,refurbish
electronics,716.96,30,defective,good,refurbish
books,46.82,22,better_price_found,acceptable,refurbish
electronics,470.03,20,no_longer_needed,like_new,resell_as_is
clothing,71.31,63,no_longer_needed,good,refurbish
clothing,108.71,36,wrong_size,good,refurbish
clothing,149.89,51,wrong_size,like_new,resell_as_is
clothing,25.13,34,not_as_described,very_good,peer_exchange
home,176.42,85,no_longer_needed,good,refurbish
electronics,563.28,29,better_price_found,acceptable,refurbish
clothing,48.71,25,defective,very_good,resell_as_is
electronics,782.62,7,better_price_found,for_parts,recycle
home,226.48,60,not_as_described,very_good,resell_as_is
clothing,120.11,21,wrong_size,like_new,peer_exchange
electronics,620.98,58,not_as_described,very_good,resell_as_is
home,69.74,46,defective,acceptable,refurbish
books,21.56,9,defective,very_good,peer_exchange
clothing,14.13,45,wrong_size,good,peer_exchange
home,492.55,9,not_as_described,good,refurbish
home,252.57,44,not_as_described,for_parts,recycle
clothing,31.2,110,better_price_found,very_good,resell_as_is
toys,73.42,22,no_longer_needed,for_parts,recycle
home,372.44,12,no_longer_needed,very_good,resell_as_is
clothing,172.96,19,not_as_described,like_new,resell_as_is
books,37.33,45,defective,for_parts,recycle
home,400.42,83,not_as_described,acceptable,refurbish
books,41.11,3,no_longer_needed,like_new,resell_as_is
home,438.8,8,not_as_described,for_parts,recycle
clothing,156.6,45,wrong_size,like_new,resell_as_is
clothing,186.8,97,defective,good,refurbish
home,404.34,17,wrong_size,good,refurbish
clothing,132.34,48,wrong_size,very_good,resell_as_is
books,48.24,135,no_longer_needed,good,refurbish
toys,31.0,46,no_longer_needed,good,refurbish
clothing,161.22,39,no_longer_needed,very_good,resell_as_is
clothing,123.23,2,wrong_size,good,refurbish
clothing,21.96,108,no_longer_needed,very_good,peer_exchange
books,33.84,23,no_longer_needed,very_good,resell_as_is
electronics,454.4,7,better_price_found,very_good,resell_as_is
clothing,62.63,46,wrong_size,like_new,resell_as_is
clothing,15.76,89,not_as_described,good,peer_exchange
clothing,187.58,1,wrong_size,very_good,resell_as_is
electronics,544.12,37,better_price_found,very_good,resell_as_is
toys,84.52,39,no_longer_needed,acceptable,refurbish
electronics,666.19,47,defective,good,refurbish
books,10.67,125,no_longer_needed,good,peer_exchange
home,464.5,29,defective,good,refurbish
electronics,512.47,55,defective,good,refurbish
home,322.75,46,not_as_described,very_good,resell_as_is
clothing,105.28,45,defective,very_good,resell_as_is
electronics,610.82,16,defective,acceptable,refurbish
home,179.24,9,not_as_described,like_new,resell_as_is
clothing,36.44,17,defective,very_good,resell_as_is
clothing,168.2,31,no_longer_needed,acceptable,refurbish
books,39.08,27,better_price_found,very_good,resell_as_is
home,225.81,25,defective,acceptable,refurbish
clothing,191.89,23,wrong_size,good,refurbish
electronics,79.76,100,better_price_found,good,refurbish
toys,90.18,44,better_price_found,acceptable,refurbish
books,33.97,57,no_longer_needed,good,refurbish
toys,50.99,52,not_as_described,good,refurbish
electronics,442.11,6,defective,acceptable,refurbish
clothing,22.18,12,no_longer_needed,good,peer_exchange
clothing,61.05,26,no_longer_needed,good,refurbish
home,254.11,93,better_price_found,very_good,resell_as_is
home,256.95,272,not_as_described,like_new,resell_as_is
books,13.02,141,no_longer_needed,very_good,peer_exchange
clothing,36.17,28,no_longer_needed,very_good,resell_as_is
home,181.77,72,better_price_found,good,refurbish
clothing,124.8,128,wrong_size,very_good,resell_as_is
clothing,53.4,104,wrong_size,acceptable,refurbish
clothing,44.13,80,wrong_size,like_new,resell_as_is
home,39.27,5,no_longer_needed,acceptable,refurbish
home,229.94,61,better_price_found,like_new,resell_as_is
clothing,117.18,64,better_price_found,like_new,donate
clothing,119.83,29,not_as_described,acceptable,refurbish
clothing,97.81,48,better_price_found,for_parts,recycle
home,198.35,1,wrong_size,good,refurbish
electronics,555.8,21,not_as_described,very_good,resell_as_is
clothing,54.13,46,wrong_size,good,refurbish
home,380.66,8,not_as_described,like_new,resell_as_is
clothing,110.25,44,better_price_found,good,refurbish
clothing,190.33,91,wrong_size,acceptable,refurbish
books,42.03,13,no_longer_needed,very_good,resell_as_is
clothing,147.86,16,wrong_size,acceptable,refurbish
electronics,205.26,29,not_as_described,like_new,resell_as_is
home,171.75,24,not_as_described,good,refurbish
electronics,690.36,18,not_as_described,acceptable,refurbish
clothing,139.9,2,no_longer_needed,good,refurbish
toys,93.17,144,no_longer_needed,very_good,resell_as_is
home,443.74,14,better_price_found,acceptable,refurbish
books,17.6,7,defective,very_good,peer_exchange
books,45.47,59,wrong_size,very_good,recycle
clothing,18.25,26,wrong_size,good,peer_exchange
clothing,91.26,188,wrong_size,good,refurbish
clothing,186.51,29,defective,like_new,resell_as_is
clothing,40.46,48,not_as_described,like_new,resell_as_is
home,106.67,39,no_longer_needed,good,refurbish
clothing,125.97,168,not_as_described,like_new,resell_as_is
books,9.25,270,better_price_found,like_new,peer_exchange
clothing,170.49,33,defective,good,refurbish
electronics,482.66,13,defective,very_good,resell_as_is
clothing,30.4,10,wrong_size,good,refurbish
electronics,758.09,80,no_longer_needed,good,refurbish
electronics,413.71,72,not_as_described,acceptable,recycle
clothing,82.04,25,not_as_described,acceptable,refurbish
books,23.1,7,defective,like_new,peer_exchange
clothing,146.41,82,wrong_size,very_good,resell_as_is
clothing,37.46,9,better_price_found,acceptable,refurbish
clothing,77.57,94,not_as_described,like_new,resell_as_is
clothing,59.96,29,defective,very_good,resell_as_is
clothing,13.64,89,wrong_size,like_new,peer_exchange
home,409.71,41,defective,acceptable,refurbish
electronics,724.66,7,better_price_found,acceptable,refurbish
toys,74.45,13,not_as_described,like_new,resell_as_is
home,202.43,25,not_as_described,acceptable,peer_exchange
toys,85.6,70,not_as_described,for_parts,recycle
books,46.32,56,better_price_found,acceptable,refurbish
home,60.33,43,defective,good,refurbish
toys,37.25,46,no_longer_needed,for_parts,recycle
home,462.07,29,better_price_found,for_parts,recycle
clothing,86.07,123,wrong_size,good,refurbish
electronics,341.36,52,not_as_described,good,refurbish
home,330.02,34,not_as_described,like_new,resell_as_is
clothing,100.53,24,no_longer_needed,like_new,resell_as_is
electronics,770.63,38,not_as_described,very_good,resell_as_is
electronics,534.66,24,no_longer_needed,very_good,resell_as_is
clothing,31.76,31,wrong_size,very_good,resell_as_is
home,457.13,42,better_price_found,for_parts,recycle
clothing,36.77,15,not_as_described,good,refurbish
clothing,13.31,80,wrong_size,good,peer_exchange
electronics,424.54,91,defective,very_good,resell_as_is
clothing,119.3,9,defective,very_good,resell_as_is
clothing,169.35,34,no_longer_needed,good,refurbish
clothing,155.96,34,defective,good,refurbish
home,184.34,67,no_longer_needed,for_parts,recycle
home,180.63,91,not_as_described,for_parts,recycle
electronics,74.52,62,better_price_found,like_new,resell_as_is
home,370.17,27,no_longer_needed,like_new,resell_as_is
clothing,100.6,104,wrong_size,very_good,resell_as_is
clothing,107.74,18,wrong_size,good,refurbish
toys,11.8,34,defective,like_new,peer_exchange
home,31.03,1,defective,acceptable,refurbish
electronics,400.72,75,no_longer_needed,for_parts,recycle
electronics,204.8,90,better_price_found,good,refurbish
clothing,67.91,18,not_as_described,like_new,resell_as_is
home,30.55,6,defective,acceptable,refurbish
electronics,411.34,20,no_longer_needed,acceptable,refurbish
clothing,198.95,235,no_longer_needed,good,refurbish
clothing,12.3,18,no_longer_needed,good,peer_exchange
electronics,141.12,94,defective,like_new,resell_as_is
home,213.24,105,no_longer_needed,acceptable,refurbish
electronics,505.92,1,defective,for_parts,recycle
home,421.67,180,better_price_found,good,refurbish
electronics,332.25,28,not_as_described,good,refurbish
home,327.22,25,wrong_size,very_good,resell_as_is
electronics,575.51,53,defective,very_good,resell_as_is
clothing,157.93,80,not_as_described,acceptable,refurbish
toys,27.98,76,not_as_described,very_good,peer_exchange
clothing,50.94,14,better_price_found,acceptable,refurbish
home,484.93,52,defective,acceptable,refurbish
clothing,99.98,32,better_price_found,very_good,resell_as_is
toys,66.01,53,not_as_described,like_new,resell_as_is
home,243.7,10,defective,for_parts,recycle
toys,36.03,48,wrong_size,good,refurbish
electronics,471.57,63,no_longer_needed,acceptable,refurbish
clothing,196.5,138,better_price_found,very_good,resell_as_is
home,55.13,105,no_longer_needed,very_good,recycle
electronics,91.26,34,defective,for_parts,recycle
clothing,186.34,46,wrong_size,acceptable,refurbish
clothing,147.41,98,no_longer_needed,for_parts,recycle
home,430.88,1,not_as_described,acceptable,refurbish
electronics,256.91,25,not_as_described,acceptable,refurbish
home,423.83,39,not_as_described,very_good,resell_as_is
electronics,472.01,66,not_as_described,for_parts,recycle
electronics,393.79,68,defective,like_new,resell_as_is
toys,52.63,142,better_price_found,like_new,resell_as_is
clothing,57.55,70,no_longer_needed,very_good,resell_as_is
home,467.69,23,better_price_found,very_good,resell_as_is
books,37.81,158,no_longer_needed,good,peer_exchange
electronics,222.96,12,defective,for_parts,refurbish
electronics,567.82,20,not_as_described,very_good,resell_as_is
clothing,195.36,58,better_price_found,for_parts,recycle
clothing,156.3,121,not_as_described,for_parts,refurbish
home,242.61,8,not_as_described,like_new,resell_as_is
books,44.82,73,no_longer_needed,good,refurbish
clothing,45.67,104,better_price_found,good,refurbish
electronics,494.66,73,not_as_described,very_good,resell_as_is
home,451.43,103,better_price_found,very_good,recycle
toys,33.22,14,not_as_described,like_new,resell_as_is
clothing,115.82,64,defective,like_new,resell_as_is
home,217.12,85,defective,very_good,resell_as_is
clothing,170.93,106,wrong_size,good,refurbish
electronics,151.15,215,not_as_described,for_parts,recycle
home,122.96,19,not_as_described,very_good,resell_as_is
clothing,16.79,74,defective,like_new,peer_exchange
electronics,497.82,6,no_longer_needed,like_new,resell_as_is
books,37.33,5,better_price_found,good,refurbish
home,345.69,303,defective,good,refurbish
electronics,31.29,8,no_longer_needed,good,refurbish
electronics,386.06,156,not_as_described,good,refurbish
home,266.85,118,not_as_described,acceptable,refurbish
clothing,20.09,96,defective,very_good,peer_exchange
toys,84.72,49,no_longer_needed,good,refurbish
toys,19.56,33,not_as_described,good,peer_exchange
clothing,36.58,44,wrong_size,very_good,refurbish
home,242.62,35,not_as_described,good,refurbish
clothing,179.3,25,wrong_size,like_new,resell_as_is
electronics,511.71,22,wrong_size,acceptable,refurbish
toys,74.0,87,defective,very_good,resell_as_is
electronics,258.24,24,defective,very_good,resell_as_is
electronics,42.2,60,better_price_found,very_good,resell_as_is
clothing,182.21,92,not_as_described,very_good,resell_as_is
electronics,549.58,78,better_price_found,very_good,peer_exchange
clothing,137.7,57,defective,very_good,resell_as_is
clothing,133.06,37,better_price_found,like_new,resell_as_is
clothing,13.22,28,wrong_size,good,peer_exchange
home,262.32,9,no_longer_needed,like_new,resell_as_is
toys,37.66,157,no_longer_needed,for_parts,recycle
electronics,717.73,13,defective,very_good,resell_as_is
clothing,145.56,157,wrong_size,for_parts,recycle
electronics,301.05,101,not_as_described,acceptable,refurbish
clothing,17.83,53,wrong_size,good,peer_exchange
clothing,199.43,37,no_longer_needed,good,refurbish
home,94.55,187,no_longer_needed,like_new,resell_as_is
books,30.97,27,better_price_found,acceptable,refurbish
electronics,215.77,81,no_longer_needed,very_good,resell_as_is
electronics,576.5,1,defective,like_new,resell_as_is
clothing,66.53,147,wrong_size,very_good,resell_as_is
clothing,115.39,6,no_longer_needed,good,refurbish
clothing,90.27,93,better_price_found,like_new,resell_as_is
clothing,114.64,21,not_as_described,very_good,resell_as_is
electronics,134.63,150,better_price_found,acceptable,refurbish
clothing,150.51,208,defective,acceptable,refurbish
books,15.22,1,no_longer_needed,good,peer_exchange
clothing,155.38,39,wrong_size,good,refurbish
home,91.0,82,not_as_described,like_new,resell_as_is
clothing,72.77,36,wrong_size,very_good,resell_as_is
electronics,777.07,49,defective,like_new,resell_as_is
home,40.72,17,no_longer_needed,like_new,resell_as_is
home,225.7,26,wrong_size,acceptable,refurbish
clothing,118.13,17,defective,acceptable,refurbish
toys,85.97,25,not_as_described,good,refurbish
clothing,194.16,57,wrong_size,good,refurbish
books,30.55,3,not_as_described,acceptable,refurbish
toys,14.66,21,defective,good,peer_exchange
electronics,521.35,47,defective,good,refurbish
electronics,248.47,26,no_longer_needed,acceptable,refurbish
clothing,178.99,442,not_as_described,for_parts,recycle
home,203.5,35,defective,acceptable,refurbish
home,181.67,11,defective,very_good,resell_as_is
toys,12.44,1,no_longer_needed,very_good,peer_exchange
clothing,65.05,19,wrong_size,good,refurbish
clothing,97.58,2,wrong_size,good,refurbish
toys,24.48,7,defective,good,peer_exchange
books,35.72,15,no_longer_needed,for_parts,recycle
clothing,192.13,80,no_longer_needed,very_good,resell_as_is
electronics,493.09,7,no_longer_needed,acceptable,refurbish
electronics,39.95,96,not_as_described,acceptable,refurbish
clothing,151.96,38,not_as_described,acceptable,refurbish
electronics,434.82,4,no_longer_needed,acceptable,refurbish
home,47.59,18,no_longer_needed,very_good,resell_as_is
home,175.1,24,not_as_described,acceptable,refurbish
toys,63.12,291,defective,like_new,resell_as_is
books,25.05,76,better_price_found,like_new,peer_exchange
books,22.92,22,better_price_found,very_good,refurbish
clothing,101.02,7,not_as_described,acceptable,refurbish
toys,45.67,184,better_price_found,very_good,resell_as_is
clothing,86.36,52,not_as_described,acceptable,refurbish
electronics,689.47,23,better_price_found,like_new,resell_as_is
electronics,200.21,3,no_longer_needed,acceptable,refurbish
toys,62.31,60,better_price_found,very_good,resell_as_is
toys,90.89,226,better_price_found,like_new,resell_as_is
clothing,198.25,39,not_as_described,good,refurbish
electronics,718.61,98,defective,acceptable,refurbish
clothing,58.26,118,no_longer_needed,good,refurbish
electronics,389.66,13,defective,good,refurbish
clothing,49.47,63,no_longer_needed,acceptable,refurbish
clothing,152.86,10,wrong_size,very_good,resell_as_is
toys,88.44,9,defective,very_good,resell_as_is
home,452.85,197,no_longer_needed,acceptable,refurbish
electronics,429.26,49,no_longer_needed,very_good,resell_as_is
clothing,192.29,36,no_longer_needed,acceptable,refurbish
clothing,179.92,39,better_price_found,very_good,resell_as_is
clothing,97.17,247,wrong_size,very_good,resell_as_is
books,27.35,55,not_as_described,good,peer_exchange
home,418.78,76,no_longer_needed,good,refurbish
clothing,133.78,18,wrong_size,good,refurbish
clothing,148.26,5,wrong_size,acceptable,refurbish
home,290.23,181,not_as_described,like_new,resell_as_is
electronics,741.21,7,not_as_described,very_good,resell_as_is
clothing,198.46,3,wrong_size,very_good,resell_as_is
books,8.22,2,no_longer_needed,like_new,peer_exchange
electronics,58.85,19,defective,very_good,resell_as_is
clothing,148.29,6,not_as_described,very_good,resell_as_is
electronics,720.35,17,defective,for_parts,recycle
clothing,190.42,24,wrong_size,for_parts,recycle
books,12.45,79,no_longer_needed,for_parts,recycle
electronics,491.02,10,no_longer_needed,acceptable,refurbish
home,85.38,41,not_as_described,good,peer_exchange
home,23.95,107,defective,good,refurbish
home,170.86,78,defective,acceptable,peer_exchange
home,179.46,75,wrong_size,good,refurbish
electronics,640.32,60,not_as_described,very_good,resell_as_is
clothing,99.77,72,defective,very_good,resell_as_is
electronics,254.75,83,no_longer_needed,very_good,resell_as_is
clothing,184.23,74,no_longer_needed,like_new,resell_as_is
electronics,578.58,26,no_longer_needed,very_good,resell_as_is
electronics,155.23,26,not_as_described,very_good,resell_as_is
electronics,293.95,109,defective,for_parts,recycle
electronics,247.19,28,no_longer_needed,good,refurbish
home,72.22,108,no_longer_needed,good,refurbish
home,112.82,34,not_as_described,like_new,resell_as_is
electronics,564.02,43,defective,for_parts,recycle
clothing,53.5,8,wrong_size,very_good,resell_as_is
toys,60.9,133,no_longer_needed,good,refurbish
clothing,175.04,21,wrong_size,acceptable,refurbish
books,47.2,4,no_longer_needed,very_good,resell_as_is
home,151.09,49,no_longer_needed,like_new,resell_as_is
home,475.53,25,defective,good,resell_as_is
electronics,179.94,63,no_longer_needed,good,refurbish
toys,99.1,82,no_longer_needed,very_good,resell_as_is
clothing,192.78,6,defective,good,refurbish
electronics,482.53,85,no_longer_needed,very_good,resell_as_is
clothing,43.29,71,no_longer_needed,good,refurbish
clothing,103.98,9,better_price_found,acceptable,refurbish
clothing,160.51,41,wrong_size,very_good,resell_as_is
toys,22.13,12,not_as_described,acceptable,refurbish
clothing,127.79,47,wrong_size,like_new,resell_as_is
clothing,194.49,69,wrong_size,good,refurbish
electronics,740.1,99,defective,very_good,donate
electronics,624.61,35,defective,for_parts,recycle
electronics,35.82,59,no_longer_needed,very_good,resell_as_is
clothing,139.23,4,better_price_found,very_good,resell_as_is
electronics,621.81,16,defective,acceptable,refurbish
clothing,143.46,49,no_longer_needed,very_good,resell_as_is
clothing,77.24,134,wrong_size,like_new,resell_as_is
home,109.39,30,better_price_found,very_good,resell_as_is
home,232.34,167,no_longer_needed,good,refurbish
home,302.21,127,not_as_described,very_good,resell_as_is
electronics,53.55,123,no_longer_needed,good,refurbish
books,26.61,123,no_longer_needed,for_parts,recycle
clothing,117.18,46,wrong_size,good,refurbish
electronics,759.95,62,better_price_found,good,refurbish
clothing,138.39,194,wrong_size,acceptable,refurbish
home,466.66,31,better_price_found,acceptable,recycle
electronics,570.85,3,no_longer_needed,good,donate
clothing,46.28,1,defective,like_new,recycle
toys,79.33,52,no_longer_needed,for_parts,recycle
clothing,145.48,3,wrong_size,good,refurbish
electronics,124.04,64,no_longer_needed,for_parts,recycle
clothing,188.06,11,no_longer_needed,acceptable,peer_exchange
books,6.5,6,defective,very_good,peer_exchange
clothing,60.86,146,wrong_size,like_new,resell_as_is
clothing,87.56,20,wrong_size,acceptable,refurbish
clothing,82.51,58,no_longer_needed,very_good,resell_as_is
clothing,95.57,63,better_price_found,acceptable,donate
clothing,192.02,54,wrong_size,like_new,resell_as_is
electronics,55.92,27,better_price_found,very_good,resell_as_is
home,26.69,137,not_as_described,good,refurbish
toys,46.96,12,better_price_found,good,refurbish
toys,18.56,189,not_as_described,good,donate
home,420.23,31,not_as_described,acceptable,refurbish
clothing,71.56,69,not_as_described,very_good,resell_as_is
books,35.97,257,no_longer_needed,for_parts,recycle
home,24.81,67,not_as_described,very_good,refurbish
books,6.0,57,no_longer_needed,good,peer_exchange
clothing,189.18,12,not_as_described,good,refurbish
clothing,168.61,87,wrong_size,good,peer_exchange
electronics,508.23,33,no_longer_needed,very_good,resell_as_is
clothing,122.69,28,wrong_size,very_good,resell_as_is
clothing,47.89,61,not_as_described,very_good,resell_as_is
electronics,437.66,151,no_longer_needed,acceptable,refurbish
clothing,21.95,59,wrong_size,good,peer_exchange
home,161.39,44,no_longer_needed,acceptable,refurbish
toys,8.74,35,not_as_described,like_new,peer_exchange
toys,24.61,3,not_as_described,acceptable,refurbish
electronics,60.94,34,better_price_found,very_good,resell_as_is
electronics,404.99,72,defective,very_good,resell_as_is
electronics,516.45,31,defective,good,refurbish
clothing,15.91,38,defective,good,peer_exchange
electronics,411.57,54,defective,good,refurbish
clothing,192.92,26,wrong_size,good,refurbish
toys,61.33,1,better_price_found,good,refurbish
books,22.99,3,better_price_found,good,peer_exchange
clothing,122.82,14,wrong_size,good,refurbish
clothing,154.23,87,not_as_described,very_good,resell_as_is
clothing,18.4,17,no_longer_needed,like_new,peer_exchange
home,447.91,61,defective,like_new,resell_as_is
electronics,497.92,16,better_price_found,good,refurbish
books,16.43,22,better_price_found,very_good,peer_exchange
clothing,32.12,3,no_longer_needed,good,refurbish
clothing,189.55,264,defective,acceptable,refurbish
clothing,21.13,10,no_longer_needed,acceptable,refurbish
electronics,519.15,89,no_longer_needed,like_new,resell_as_is
electronics,571.36,61,defective,acceptable,donate
clothing,140.88,155,wrong_size,good,refurbish
electronics,480.44,82,better_price_found,acceptable,refurbish
home,403.38,41,defective,good,refurbish
clothing,147.65,13,better_price_found,good,refurbish
electronics,119.31,92,better_price_found,very_good,refurbish
clothing,154.11,28,wrong_size,acceptable,refurbish
toys,40.15,153,better_price_found,very_good,resell_as_is
clothing,184.33,36,no_longer_needed,good,refurbish
electronics,351.84,85,not_as_described,good,refurbish
clothing,18.44,103,better_price_found,good,recycle
clothing,198.21,36,not_as_described,like_new,resell_as_is
clothing,95.24,129,better_price_found,good,refurbish
electronics,681.11,60,not_as_described,acceptable,refurbish
clothing,160.38,7,no_longer_needed,good,donate
toys,42.56,86,no_longer_needed,acceptable,refurbish
toys,56.77,107,not_as_described,like_new,resell_as_is
electronics,390.73,13,no_longer_needed,for_parts,recycle
books,27.85,42,better_price_found,acceptable,refurbish
clothing,113.55,16,defective,good,refurbish
books,23.66,2,better_price_found,very_good,peer_exchange
electronics,331.62,256,defective,good,refurbish
toys,87.98,17,defective,good,refurbish
home,30.58,9,no_longer_needed,very_good,resell_as_is
electronics,188.08,393,not_as_described,acceptable,refurbish
home,367.16,23,no_longer_needed,good,refurbish
clothing,119.58,11,defective,very_good,resell_as_is
home,249.03,170,defective,good,refurbish
clothing,113.94,4,wrong_size,very_good,resell_as_is
clothing,178.05,68,wrong_size,good,refurbish
books,12.22,25,no_longer_needed,like_new,peer_exchange
books,22.17,81,no_longer_needed,very_good,peer_exchange
home,429.46,70,wrong_size,very_good,resell_as_is
clothing,73.97,18,not_as_described,for_parts,recycle
electronics,113.13,92,defective,very_good,resell_as_is
home,280.19,82,not_as_described,good,refurbish
electronics,380.56,22,not_as_described,like_new,resell_as_is
books,30.48,75,better_price_found,good,refurbish
clothing,52.32,25,defective,very_good,resell_as_is
clothing,33.34,6,wrong_size,like_new,resell_as_is
clothing,45.75,132,no_longer_needed,good,refurbish
clothing,16.99,141,wrong_size,for_parts,recycle
clothing,104.15,42,wrong_size,very_good,resell_as_is
clothing,56.4,25,no_longer_needed,good,refurbish
toys,37.52,40,better_price_found,acceptable,refurbish
electronics,566.55,18,better_price_found,like_new,resell_as_is
electronics,568.58,134,no_longer_needed,for_parts,recycle
electronics,673.96,117,no_longer_needed,acceptable,refurbish
electronics,744.47,23,not_as_described,good,refurbish
books,8.15,94,no_longer_needed,good,peer_exchange
clothing,98.17,36,not_as_described,very_good,donate
home,25.91,117,no_longer_needed,acceptable,refurbish
electronics,661.51,43,better_price_found,acceptable,refurbish
clothing,13.14,102,wrong_size,good,refurbish
home,223.22,4,defective,good,refurbish
clothing,112.31,134,better_price_found,very_good,donate
home,476.29,5,wrong_size,acceptable,refurbish
toys,44.5,33,defective,like_new,resell_as_is
clothing,25.26,131,wrong_size,acceptable,refurbish
books,10.33,85,defective,good,peer_exchange
electronics,242.82,121,better_price_found,like_new,resell_as_is
electronics,160.16,211,not_as_described,good,refurbish
clothing,135.61,25,wrong_size,good,resell_as_is
clothing,172.69,8,not_as_described,good,refurbish
clothing,24.43,72,wrong_size,very_good,peer_exchange
books,27.2,51,no_longer_needed,good,peer_exchange
home,76.62,7,no_longer_needed,very_good,resell_as_is
clothing,95.38,74,not_as_described,good,refurbish
clothing,71.24,35,wrong_size,for_parts,recycle
electronics,24.36,3,defective,like_new,refurbish
books,38.15,15,no_longer_needed,good,refurbish
books,45.94,43,no_longer_needed,like_new,resell_as_is
electronics,356.74,61,defective,like_new,resell_as_is
clothing,161.71,201,wrong_size,like_new,resell_as_is
electronics,53.13,11,not_as_described,very_good,resell_as_is
toys,72.81,75,defective,acceptable,refurbish
home,125.79,33,no_longer_needed,good,refurbish
clothing,95.42,86,wrong_size,good,refurbish
home,155.92,20,no_longer_needed,acceptable,refurbish
clothing,40.47,76,no_longer_needed,for_parts,recycle
home,225.52,50,no_longer_needed,very_good,resell_as_is
home,291.67,6,not_as_described,good,refurbish
electronics,648.64,9,defective,very_good,resell_as_is
electronics,633.83,38,better_price_found,acceptable,refurbish
books,33.53,112,not_as_described,like_new,resell_as_is
clothing,91.02,45,wrong_size,good,resell_as_is
toys,34.49,133,better_price_found,acceptable,refurbish
electronics,434.94,27,no_longer_needed,acceptable,refurbish
electronics,651.1,168,no_longer_needed,like_new,peer_exchange
home,320.39,261,not_as_described,very_good,resell_as_is
books,47.15,98,no_longer_needed,good,refurbish
clothing,51.17,12,wrong_size,acceptable,refurbish
electronics,252.34,50,not_as_described,good,resell_as_is
clothing,74.02,22,wrong_size,acceptable,refurbish
electronics,70.74,222,no_longer_needed,good,refurbish
home,393.28,39,not_as_described,like_new,resell_as_is
home,113.53,152,better_price_found,for_parts,recycle
toys,30.51,111,better_price_found,very_good,recycle
electronics,595.11,36,defective,acceptable,refurbish
clothing,151.24,102,not_as_described,good,refurbish
home,266.18,74,better_price_found,for_parts,recycle
electronics,223.8,84,not_as_described,very_good,recycle
electronics,141.97,70,wrong_size,like_new,resell_as_is
books,19.82,6,no_longer_needed,very_good,peer_exchange
books,18.94,14,no_longer_needed,good,peer_exchange
electronics,221.04,84,defective,very_good,resell_as_is
home,91.69,119,not_as_described,for_parts,recycle
clothing,36.95,1,not_as_described,like_new,resell_as_is
clothing,62.38,12,no_longer_needed,for_parts,recycle
electronics,768.81,3,better_price_found,like_new,resell_as_is
clothing,188.33,23,not_as_described,like_new,resell_as_is
home,271.41,158,not_as_described,acceptable,refurbish
toys,96.3,24,better_price_found,acceptable,refurbish
home,50.25,109,defective,like_new,resell_as_is
clothing,172.43,220,defective,like_new,resell_as_is
clothing,95.1,23,not_as_described,very_good,resell_as_is
clothing,176.6,48,wrong_size,acceptable,refurbish
electronics,506.34,27,no_longer_needed,good,refurbish
electronics,328.9,246,no_longer_needed,very_good,resell_as_is
clothing,133.57,85,no_longer_needed,good,refurbish
clothing,33.54,50,better_price_found,acceptable,refurbish
home,466.32,34,not_as_described,for_parts,recycle
clothing,98.12,33,wrong_size,for_parts,recycle
books,13.52,48,defective,acceptable,donate
home,40.08,15,defective,very_good,resell_as_is
clothing,126.31,48,wrong_size,very_good,resell_as_is
books,32.74,13,not_as_described,acceptable,refurbish
home,212.33,19,better_price_found,acceptable,refurbish
books,39.15,22,no_longer_needed,very_good,resell_as_is
home,144.74,103,better_price_found,like_new,resell_as_is
books,40.5,86,no_longer_needed,good,refurbish
toys,38.13,154,not_as_described,for_parts,recycle
clothing,126.54,20,wrong_size,like_new,resell_as_is
clothing,154.94,57,wrong_size,acceptable,refurbish
toys,69.66,12,no_longer_needed,good,resell_as_is
home,372.31,71,not_as_described,for_parts,donate
electronics,272.74,44,no_longer_needed,acceptable,refurbish
clothing,189.84,17,no_longer_needed,good,refurbish
electronics,368.35,20,defective,like_new,resell_as_is
home,421.2,13,not_as_described,very_good,resell_as_is
books,29.91,113,no_longer_needed,good,peer_exchange
books,46.57,62,better_price_found,like_new,resell_as_is
electronics,220.09,4,better_price_found,acceptable,refurbish
books,26.58,155,better_price_found,good,peer_exchange
home,488.09,124,better_price_found,for_parts,recycle
home,363.36,19,no_longer_needed,good,refurbish
clothing,34.27,1,not_as_described,good,refurbish
electronics,384.04,7,defective,very_good,resell_as_is
clothing,58.83,114,wrong_size,very_good,resell_as_is
clothing,22.84,3,not_as_described,good,peer_exchange
home,33.99,165,defective,good,refurbish
books,27.98,6,no_longer_needed,like_new,peer_exchange
home,118.12,29,wrong_size,good,refurbish
clothing,191.78,22,better_price_found,good,refurbish
clothing,150.69,36,wrong_size,very_good,resell_as_is
home,291.37,12,no_longer_needed,for_parts,resell_as_is
books,32.81,174,no_longer_needed,very_good,resell_as_is
home,493.09,15,not_as_described,acceptable,refurbish
clothing,178.7,32,not_as_described,acceptable,refurbish
toys,72.58,42,not_as_described,for_parts,recycle
clothing,68.48,21,defective,for_parts,recycle
clothing,90.35,67,wrong_size,acceptable,refurbish
books,21.88,38,wrong_size,very_good,peer_exchange
toys,90.25,204,better_price_found,like_new,resell_as_is
electronics,232.62,52,no_longer_needed,good,resell_as_is
toys,89.18,189,not_as_described,like_new,resell_as_is
clothing,160.71,10,not_as_described,very_good,resell_as_is
home,241.49,101,defective,acceptable,resell_as_is
toys,91.58,16,no_longer_needed,for_parts,recycle
clothing,101.82,94,defective,acceptable,refurbish
clothing,72.03,5,defective,like_new,resell_as_is
clothing,155.35,186,no_longer_needed,for_parts,recycle
electronics,749.61,122,no_longer_needed,good,refurbish
electronics,603.48,6,defective,good,refurbish
electronics,662.71,127,no_longer_needed,good,refurbish
electronics,595.57,9,not_as_described,good,refurbish
electronics,223.27,47,not_as_described,good,refurbish
clothing,46.06,13,not_as_described,good,refurbish
electronics,460.94,19,not_as_described,good,refurbish
electronics,685.46,76,no_longer_needed,good,refurbish
toys,69.24,19,no_longer_needed,good,refurbish
clothing,173.17,64,wrong_size,like_new,resell_as_is
electronics,268.27,28,not_as_described,for_parts,recycle
clothing,34.58,43,wrong_size,good,refurbish
clothing,166.99,3,defective,good,refurbish
clothing,117.83,94,not_as_described,very_good,refurbish
books,48.65,157,better_price_found,good,refurbish
clothing,123.01,26,wrong_size,acceptable,refurbish
electronics,177.51,118,no_longer_needed,good,refurbish
clothing,20.91,37,no_longer_needed,very_good,peer_exchange
electronics,377.11,2,not_as_described,good,refurbish
clothing,71.45,44,not_as_described,like_new,resell_as_is
toys,35.52,60,better_price_found,good,refurbish
clothing,68.15,67,no_longer_needed,for_parts,recycle
clothing,57.6,6,defective,very_good,resell_as_is
clothing,78.48,270,no_longer_needed,like_new,resell_as_is
home,446.94,26,not_as_described,acceptable,refurbish
toys,84.22,237,not_as_described,very_good,resell_as_is
toys,38.64,50,not_as_described,very_good,resell_as_is
clothing,171.39,4,no_longer_needed,good,refurbish
home,158.69,33,no_longer_needed,very_good,resell_as_is
electronics,592.18,33,not_as_described,like_new,resell_as_is
clothing,130.65,53,no_longer_needed,very_good,resell_as_is
clothing,88.12,68,no_longer_needed,good,refurbish
clothing,181.12,9,not_as_described,good,refurbish
clothing,105.71,11,wrong_size,like_new,resell_as_is
electronics,145.07,6,not_as_described,acceptable,refurbish
electronics,514.95,70,not_as_described,good,refurbish
clothing,84.27,6,not_as_described,good,refurbish
clothing,157.31,98,not_as_described,good,refurbish
clothing,34.05,30,not_as_described,good,refurbish
home,88.72,12,defective,acceptable,refurbish
toys,56.03,106,no_longer_needed,acceptable,refurbish
home,289.08,78,not_as_described,like_new,resell_as_is
clothing,24.98,21,wrong_size,good,peer_exchange
electronics,148.59,12,no_longer_needed,very_good,resell_as_is
clothing,195.64,20,wrong_size,like_new,resell_as_is
home,56.35,17,better_price_found,good,peer_exchange
clothing,65.22,16,no_longer_needed,like_new,resell_as_is
home,144.12,56,no_longer_needed,good,refurbish
clothing,168.83,86,wrong_size,like_new,resell_as_is
electronics,282.8,84,defective,acceptable,refurbish
electronics,588.48,83,not_as_described,very_good,resell_as_is
toys,66.84,12,no_longer_needed,good,refurbish
home,264.75,101,no_longer_needed,good,refurbish
books,47.12,9,no_longer_needed,very_good,resell_as_is
home,83.33,126,defective,acceptable,refurbish
clothing,40.07,12,not_as_described,good,refurbish
electronics,76.4,82,no_longer_needed,like_new,resell_as_is
electronics,724.92,143,no_longer_needed,for_parts,recycle
books,30.64,22,not_as_described,very_good,resell_as_is
electronics,221.74,38,defective,good,refurbish
home,338.22,53,not_as_described,very_good,resell_as_is
electronics,91.22,84,defective,very_good,resell_as_is
electronics,62.44,65,no_longer_needed,very_good,resell_as_is
electronics,273.8,10,no_longer_needed,good,refurbish
home,279.67,60,better_price_found,very_good,resell_as_is
home,311.48,12,not_as_described,good,refurbish
electronics,741.06,87,not_as_described,good,refurbish
electronics,215.29,47,no_longer_needed,like_new,resell_as_is
clothing,78.25,21,wrong_size,acceptable,refurbish
clothing,190.96,105,defective,good,refurbish
clothing,21.03,72,wrong_size,acceptable,refurbish
electronics,272.46,40,not_as_described,very_good,resell_as_is
clothing,20.54,1,wrong_size,acceptable,refurbish
clothing,107.41,10,not_as_described,like_new,resell_as_is
toys,26.0,87,wrong_size,very_good,peer_exchange
clothing,42.97,29,defective,very_good,resell_as_is
toys,44.85,13,not_as_described,acceptable,refurbish
clothing,38.43,36,wrong_size,for_parts,recycle
electronics,422.99,16,not_as_described,acceptable,refurbish
clothing,49.5,97,not_as_described,good,refurbish
clothing,192.37,45,defective,good,refurbish
clothing,43.95,53,not_as_described,acceptable,refurbish
clothing,24.32,191,defective,good,peer_exchange
clothing,49.0,85,no_longer_needed,good,refurbish
electronics,85.48,25,defective,for_parts,recycle
home,266.06,11,better_price_found,very_good,resell_as_is
clothing,176.06,131,wrong_size,acceptable,refurbish
electronics,681.28,120,not_as_described,good,refurbish
home,446.7,49,better_price_found,for_parts,recycle
books,27.49,30,no_longer_needed,like_new,peer_exchange
books,14.61,34,better_price_found,good,peer_exchange
clothing,108.7,60,no_longer_needed,good,refurbish
clothing,74.31,65,no_longer_needed,good,refurbish
clothing,181.28,74,no_longer_needed,good,refurbish
electronics,667.0,72,not_as_described,very_good,resell_as_is
electronics,112.69,23,not_as_described,like_new,resell_as_is
home,291.31,46,not_as_described,for_parts,peer_exchange
electronics,67.4,17,not_as_described,acceptable,refurbish
electronics,412.55,157,no_longer_needed,very_good,resell_as_is
home,45.29,3,defective,acceptable,refurbish
clothing,27.72,153,wrong_size,for_parts,recycle
electronics,382.03,2,better_price_found,good,donate
toys,94.01,11,wrong_size,for_parts,recycle
clothing,127.02,94,no_longer_needed,very_good,resell_as_is
books,41.88,58,better_price_found,acceptable,refurbish
books,23.66,3,no_longer_needed,acceptable,refurbish
clothing,56.84,50,no_longer_needed,acceptable,refurbish
home,132.42,34,defective,acceptable,refurbish
home,141.24,39,defective,very_good,resell_as_is
home,192.37,78,not_as_described,good,refurbish
toys,41.77,14,better_price_found,very_good,resell_as_is
electronics,533.8,10,better_price_found,good,refurbish
electronics,309.53,74,not_as_described,very_good,resell_as_is
clothing,41.5,11,no_longer_needed,for_parts,recycle
home,57.49,29,not_as_described,very_good,resell_as_is
books,47.5,7,no_longer_needed,for_parts,recycle
home,137.93,27,defective,acceptable,refurbish
clothing,166.48,27,wrong_size,acceptable,refurbish
clothing,58.07,223,no_longer_needed,acceptable,refurbish
home,119.05,228,defective,very_good,resell_as_is
books,39.48,29,no_longer_needed,acceptable,donate
toys,23.97,16,no_longer_needed,like_new,peer_exchange
clothing,109.19,25,not_as_described,for_parts,recycle
home,36.05,5,not_as_described,like_new,refurbish
books,22.74,156,better_price_found,very_good,peer_exchange
electronics,225.31,75,no_longer_needed,very_good,resell_as_is
electronics,379.79,39,defective,for_parts,recycle
clothing,107.0,11,wrong_size,good,refurbish
books,18.52,35,defective,like_new,peer_exchange
clothing,60.17,62,no_longer_needed,very_good,resell_as_is
electronics,444.52,98,not_as_described,for_parts,refurbish
home,273.08,35,not_as_described,acceptable,refurbish
home,382.38,33,defective,good,resell_as_is
electronics,165.97,43,no_longer_needed,very_good,resell_as_is
toys,96.22,110,not_as_described,like_new,resell_as_is
clothing,171.5,332,not_as_described,very_good,resell_as_is
electronics,417.11,49,no_longer_needed,good,refurbish
home,422.56,10,better_price_found,good,refurbish
electronics,742.67,2,not_as_described,very_good,resell_as_is
books,21.22,34,better_price_found,acceptable,refurbish
clothing,54.47,32,no_longer_needed,like_new,resell_as_is
electronics,357.23,106,defective,good,refurbish
electronics,561.04,222,better_price_found,very_good,resell_as_is
electronics,567.59,78,no_longer_needed,very_good,resell_as_is
clothing,101.9,79,defective,very_good,resell_as_is
electronics,227.28,6,defective,like_new,resell_as_is
home,172.85,67,no_longer_needed,good,refurbish
electronics,596.15,192,no_longer_needed,very_good,resell_as_is
electronics,489.02,75,defective,good,refurbish
clothing,172.26,89,wrong_size,good,refurbish
clothing,191.81,127,defective,very_good,resell_as_is
clothing,31.71,48,wrong_size,very_good,resell_as_is
toys,74.91,26,defective,good,refurbish
clothing,168.72,58,not_as_described,good,refurbish
toys,55.17,22,no_longer_needed,very_good,resell_as_is
clothing,29.63,14,defective,acceptable,refurbish
home,179.43,51,not_as_described,good,donate
electronics,528.23,108,not_as_described,good,refurbish
electronics,163.06,135,better_price_found,acceptable,refurbish
clothing,57.07,30,wrong_size,acceptable,refurbish
books,29.97,21,not_as_described,very_good,peer_exchange
clothing,187.47,116,wrong_size,like_new,resell_as_is
electronics,637.0,54,defective,good,refurbish
books,6.45,136,no_longer_needed,acceptable,peer_exchange
clothing,112.07,93,not_as_described,acceptable,refurbish
books,13.07,101,better_price_found,very_good,peer_exchange
home,53.54,41,not_as_described,acceptable,refurbish
home,333.03,80,not_as_described,good,refurbish
toys,74.61,49,no_longer_needed,very_good,resell_as_is
clothing,63.14,57,not_as_described,good,refurbish
home,387.34,136,not_as_described,for_parts,recycle
home,354.39,14,defective,acceptable,refurbish
home,246.27,23,defective,acceptable,refurbish
home,201.22,89,defective,very_good,resell_as_is
clothing,48.74,140,wrong_size,good,refurbish
clothing,103.41,21,no_longer_needed,very_good,resell_as_is
electronics,314.09,1,no_longer_needed,good,refurbish
clothing,161.95,63,wrong_size,very_good,resell_as_is
home,46.81,74,not_as_described,good,refurbish
clothing,15.22,5,no_longer_needed,very_good,peer_exchange
electronics,367.58,4,defective,good,refurbish
toys,43.77,30,no_longer_needed,very_good,resell_as_is
clothing,46.5,95,wrong_size,for_parts,recycle
clothing,31.15,15,wrong_size,very_good,resell_as_is
toys,48.86,66,no_longer_needed,acceptable,resell_as_is
toys,16.69,28,no_longer_needed,very_good,peer_exchange
electronics,63.66,8,better_price_found,good,refurbish
clothing,122.61,41,better_price_found,acceptable,refurbish
electronics,448.74,38,better_price_found,very_good,resell_as_is
clothing,56.24,9,no_longer_needed,good,refurbish
books,17.69,48,defective,for_parts,recycle
clothing,67.52,38,wrong_size,very_good,resell_as_is
books,18.69,38,better_price_found,like_new,peer_exchange
electronics,549.26,53,not_as_described,acceptable,refurbish
clothing,112.27,101,wrong_size,acceptable,refurbish
electronics,612.01,6,not_as_described,like_new,resell_as_is
home,284.72,32,not_as_described,very_good,resell_as_is
toys,86.24,10,wrong_size,for_parts,recycle
clothing,158.34,23,defective,for_parts,recycle
electronics,123.92,14,no_longer_needed,very_good,refurbish
toys,22.69,2,better_price_found,acceptable,refurbish
electronics,141.82,7,no_longer_needed,good,refurbish
electronics,518.94,51,defective,for_parts,recycle
home,444.26,52,defective,very_good,resell_as_is
clothing,151.78,278,better_price_found,good,refurbish
toys,42.47,18,defective,like_new,resell_as_is
clothing,176.0,94,not_as_described,good,recycle
toys,24.7,8,defective,good,peer_exchange
books,38.83,36,no_longer_needed,good,refurbish
clothing,132.57,49,not_as_described,good,refurbish
home,267.08,69,not_as_described,very_good,peer_exchange
clothing,113.88,49,no_longer_needed,very_good,resell_as_is
books,14.9,12,wrong_size,very_good,peer_exchange
clothing,58.34,5,no_longer_needed,acceptable,refurbish
toys,93.2,97,no_longer_needed,like_new,resell_as_is
electronics,710.53,40,no_longer_needed,like_new,resell_as_is
clothing,64.14,30,wrong_size,good,refurbish
books,25.18,28,better_price_found,good,peer_exchange
clothing,163.74,25,wrong_size,acceptable,recycle
home,257.21,39,defective,good,refurbish
toys,81.29,32,defective,acceptable,refurbish
electronics,184.99,49,no_longer_needed,very_good,refurbish
electronics,692.37,31,defective,good,refurbish
electronics,582.19,60,defective,for_parts,recycle
clothing,49.2,9,defective,like_new,resell_as_is
electronics,532.31,93,not_as_described,good,refurbish
home,191.62,36,better_price_found,like_new,resell_as_is
clothing,138.51,87,wrong_size,like_new,resell_as_is
electronics,94.73,41,no_longer_needed,acceptable,refurbish
electronics,313.07,20,no_longer_needed,good,recycle
electronics,463.2,101,no_longer_needed,acceptable,refurbish
toys,45.31,51,no_longer_needed,good,refurbish
electronics,297.0,20,defective,very_good,resell_as_is
electronics,598.45,71,defective,very_good,resell_as_is
home,440.1,115,better_price_found,good,refurbish
books,45.26,1,better_price_found,good,refurbish
electronics,328.83,20,defective,like_new,resell_as_is
electronics,263.75,12,not_as_described,very_good,resell_as_is
clothing,134.01,8,wrong_size,very_good,resell_as_is
clothing,123.81,17,defective,like_new,recycle
clothing,36.01,70,better_price_found,very_good,resell_as_is
toys,84.5,38,no_longer_needed,like_new,resell_as_is
clothing,40.62,34,wrong_size,good,refurbish
clothing,37.81,10,not_as_described,for_parts,donate
electronics,184.27,20,not_as_described,good,refurbish
home,458.16,108,defective,very_good,resell_as_is
electronics,725.04,3,defective,good,refurbish
home,270.85,16,defective,for_parts,recycle
clothing,88.46,10,not_as_described,good,refurbish
home,86.6,37,wrong_size,like_new,resell_as_is
clothing,139.84,78,no_longer_needed,acceptable,donate
electronics,771.23,8,defective,acceptable,refurbish
books,28.21,29,better_price_found,like_new,peer_exchange
electronics,682.01,9,not_as_described,acceptable,refurbish
home,405.27,81,better_price_found,good,refurbish
electronics,212.24,10,not_as_described,very_good,peer_exchange
electronics,600.81,2,no_longer_needed,very_good,resell_as_is
clothing,175.87,25,not_as_described,very_good,resell_as_is
home,133.0,179,not_as_described,good,refurbish
electronics,767.99,26,defective,acceptable,refurbish
electronics,111.29,76,defective,for_parts,recycle
clothing,78.96,43,wrong_size,acceptable,refurbish
clothing,94.75,16,not_as_described,good,refurbish
electronics,721.32,25,no_longer_needed,acceptable,refurbish
clothing,125.59,3,no_longer_needed,like_new,resell_as_is
electronics,672.92,48,no_longer_needed,good,refurbish
electronics,534.59,52,defective,very_good,resell_as_is
electronics,296.68,2,not_as_described,very_good,resell_as_is
toys,54.26,19,no_longer_needed,very_good,peer_exchange
clothing,196.51,107,better_price_found,very_good,resell_as_is
clothing,49.66,174,wrong_size,for_parts,recycle
books,17.42,26,not_as_described,good,peer_exchange
home,22.59,4,defective,good,refurbish
books,16.02,52,no_longer_needed,very_good,peer_exchange
clothing,35.63,2,wrong_size,good,donate
clothing,24.8,13,better_price_found,like_new,peer_exchange
clothing,137.8,54,wrong_size,acceptable,refurbish
books,23.27,251,better_price_found,for_parts,recycle
clothing,153.54,128,better_price_found,very_good,resell_as_is
electronics,445.55,12,defective,for_parts,recycle
home,302.58,8,not_as_described,good,refurbish
books,48.75,15,not_as_described,good,refurbish
clothing,13.78,47,better_price_found,very_good,peer_exchange
toys,71.9,77,no_longer_needed,for_parts,recycle
books,36.47,80,no_longer_needed,very_good,resell_as_is
clothing,116.93,18,no_longer_needed,like_new,resell_as_is
home,105.65,47,defective,very_good,resell_as_is
electronics,789.05,2,no_longer_needed,very_good,resell_as_is
clothing,138.01,79,not_as_described,like_new,resell_as_is
clothing,15.47,33,defective,good,peer_exchange
clothing,69.9,4,not_as_described,good,refurbish
home,275.62,39,not_as_described,good,refurbish
clothing,36.74,11,not_as_described,acceptable,refurbish
electronics,610.15,108,better_price_found,good,refurbish
electronics,103.64,6,no_longer_needed,like_new,resell_as_is
clothing,69.03,123,wrong_size,very_good,resell_as_is
electronics,544.9,102,better_price_found,acceptable,refurbish
clothing,24.69,18,wrong_size,very_good,peer_exchange
clothing,116.76,35,defective,for_parts,recycle
home,218.73,4,not_as_described,acceptable,donate
home,313.94,16,not_as_described,very_good,resell_as_is
clothing,195.72,17,wrong_size,very_good,resell_as_is
clothing,143.35,3,better_price_found,like_new,resell_as_is
books,28.6,9,no_longer_needed,good,peer_exchange
clothing,88.03,110,better_price_found,good,refurbish
clothing,141.06,70,no_longer_needed,very_good,resell_as_is
clothing,69.86,26,no_longer_needed,good,refurbish
books,44.74,38,not_as_described,for_parts,recycle
electronics,94.56,35,no_longer_needed,very_good,resell_as_is
clothing,179.2,34,not_as_described,for_parts,recycle
clothing,161.92,20,no_longer_needed,like_new,resell_as_is
toys,57.75,77,defective,very_good,resell_as_is
clothing,96.46,2,wrong_size,acceptable,refurbish
home,350.71,43,not_as_described,acceptable,refurbish
electronics,760.94,2,defective,good,refurbish
clothing,77.46,229,no_longer_needed,acceptable,refurbish
electronics,76.86,16,not_as_described,good,refurbish
electronics,353.83,8,not_as_described,good,refurbish
books,41.23,61,better_price_found,good,refurbish
clothing,109.79,78,wrong_size,good,refurbish
home,32.84,29,no_longer_needed,for_parts,recycle
books,43.87,8,better_price_found,very_good,resell_as_is
clothing,135.98,81,defective,acceptable,refurbish
home,237.25,3,not_as_described,acceptable,refurbish
toys,82.31,75,no_longer_needed,good,refurbish
clothing,170.6,72,no_longer_needed,acceptable,donate
electronics,353.94,246,defective,acceptable,refurbish
toys,80.69,65,better_price_found,like_new,resell_as_is
toys,78.8,197,no_longer_needed,acceptable,refurbish
home,268.74,155,no_longer_needed,acceptable,refurbish
clothing,16.77,165,not_as_described,very_good,peer_exchange
books,42.64,102,no_longer_needed,very_good,resell_as_is
electronics,670.21,6,no_longer_needed,good,refurbish
toys,10.91,90,defective,like_new,peer_exchange
electronics,635.53,46,defective,like_new,resell_as_is
books,24.7,49,better_price_found,good,peer_exchange
home,319.72,80,no_longer_needed,for_parts,recycle
toys,57.53,67,defective,very_good,resell_as_is
home,34.47,48,defective,for_parts,recycle
electronics,689.75,152,defective,acceptable,refurbish
home,180.05,24,not_as_described,like_new,resell_as_is
clothing,86.03,135,defective,good,refurbish
books,12.63,39,better_price_found,very_good,peer_exchange
electronics,109.17,81,no_longer_needed,for_parts,recycle
electronics,51.29,254,defective,very_good,resell_as_is
clothing,50.83,132,better_price_found,like_new,resell_as_is
clothing,109.57,148,better_price_found,very_good,resell_as_is
electronics,458.2,1,not_as_described,like_new,resell_as_is
electronics,671.47,15,defective,acceptable,refurbish
electronics,76.08,76,not_as_described,acceptable,refurbish
clothing,95.73,83,better_price_found,like_new,resell_as_is
electronics,385.36,130,defective,for_parts,recycle
toys,77.66,7,defective,very_good,resell_as_is
clothing,99.56,188,defective,acceptable,refurbish
books,14.39,42,no_longer_needed,very_good,peer_exchange
books,25.35,45,better_price_found,like_new,peer_exchange
home,88.31,57,defective,acceptable,refurbish
clothing,123.66,13,wrong_size,good,refurbish
clothing,123.93,51,not_as_described,very_good,resell_as_is
home,427.63,18,not_as_described,good,refurbish
home,35.18,77,defective,good,refurbish
clothing,38.33,253,no_longer_needed,acceptable,refurbish
electronics,754.3,46,no_longer_needed,very_good,resell_as_is
toys,56.01,10,defective,good,donate
home,495.34,127,wrong_size,good,refurbish
electronics,681.16,54,better_price_found,acceptable,refurbish
home,118.38,8,not_as_described,very_good,resell_as_is
clothing,173.49,2,wrong_size,good,refurbish
electronics,772.09,52,not_as_described,like_new,resell_as_is
books,14.88,26,defective,for_parts,peer_exchange
books,20.59,28,better_price_found,good,peer_exchange
clothing,62.57,65,wrong_size,acceptable,refurbish
electronics,561.34,56,defective,very_good,resell_as_is
home,324.78,46,no_longer_needed,acceptable,refurbish
home,177.12,128,no_longer_needed,acceptable,refurbish
electronics,443.08,28,no_longer_needed,good,refurbish
home,347.0,15,better_price_found,acceptable,refurbish
clothing,111.77,9,not_as_described,like_new,resell_as_is
home,204.25,42,better_price_found,like_new,resell_as_is
electronics,48.63,13,no_longer_needed,good,refurbish
clothing,14.23,76,wrong_size,acceptable,donate
clothing,154.64,186,wrong_size,acceptable,refurbish
books,34.59,13,no_longer_needed,like_new,resell_as_is
electronics,522.32,313,wrong_size,good,refurbish
toys,54.55,48,no_longer_needed,very_good,donate
electronics,449.38,23,not_as_described,like_new,resell_as_is
books,13.55,26,no_longer_needed,like_new,peer_exchange
clothing,183.95,115,not_as_described,good,refurbish
toys,97.18,9,defective,good,refurbish
electronics,68.34,132,no_longer_needed,very_good,resell_as_is
clothing,163.12,34,wrong_size,good,refurbish
clothing,30.06,286,wrong_size,very_good,resell_as_is
clothing,93.57,89,not_as_described,good,refurbish
electronics,465.1,130,wrong_size,good,refurbish
clothing,97.16,240,wrong_size,like_new,resell_as_is
books,26.24,44,better_price_found,acceptable,refurbish
electronics,394.17,118,better_price_found,for_parts,recycle
clothing,94.48,90,no_longer_needed,good,peer_exchange
clothing,96.36,76,defective,very_good,resell_as_is
electronics,779.94,30,better_price_found,very_good,resell_as_is
home,393.0,51,defective,like_new,resell_as_is
electronics,287.68,68,defective,like_new,recycle
clothing,94.22,36,wrong_size,like_new,resell_as_is
clothing,10.25,23,wrong_size,very_good,peer_exchange
clothing,141.56,60,no_longer_needed,good,refurbish
books,24.25,73,no_longer_needed,good,peer_exchange
electronics,284.1,16,defective,very_good,resell_as_is
home,396.51,28,better_price_found,good,refurbish
books,37.84,84,not_as_described,good,refurbish
clothing,139.86,54,no_longer_needed,very_good,resell_as_is
electronics,558.36,79,defective,good,refurbish
electronics,347.53,13,not_as_described,very_good,resell_as_is
home,309.41,2,better_price_found,good,resell_as_is
electronics,471.79,38,not_as_described,acceptable,refurbish
electronics,758.38,152,no_longer_needed,good,resell_as_is
books,13.47,25,no_longer_needed,good,peer_exchange
clothing,23.14,26,wrong_size,good,refurbish
clothing,106.25,2,wrong_size,very_good,resell_as_is
home,308.43,30,defective,acceptable,refurbish
home,263.79,81,better_price_found,for_parts,recycle
clothing,60.48,165,defective,like_new,resell_as_is
electronics,411.97,50,defective,like_new,resell_as_is
home,421.86,28,no_longer_needed,good,refurbish
electronics,289.14,9,better_price_found,like_new,resell_as_is
clothing,67.12,51,wrong_size,acceptable,refurbish
clothing,145.97,132,no_longer_needed,good,refurbish
clothing,156.06,127,wrong_size,very_good,resell_as_is
clothing,73.12,32,not_as_described,for_parts,recycle
electronics,147.02,3,not_as_described,good,refurbish
home,374.44,18,not_as_described,for_parts,recycle
home,234.57,95,no_longer_needed,good,refurbish
toys,61.36,17,not_as_described,acceptable,refurbish
electronics,59.97,69,defective,good,refurbish
clothing,25.83,13,wrong_size,very_good,peer_exchange
clothing,48.6,5,wrong_size,for_parts,recycle
books,43.19,43,no_longer_needed,very_good,resell_as_is
clothing,168.09,6,no_longer_needed,like_new,resell_as_is
clothing,134.33,41,wrong_size,good,refurbish
electronics,736.71,57,no_longer_needed,very_good,resell_as_is
books,23.67,46,defective,very_good,peer_exchange
home,297.56,10,not_as_described,very_good,resell_as_is
books,39.91,6,better_price_found,good,refurbish
electronics,543.16,17,not_as_described,like_new,resell_as_is
electronics,207.0,7,no_longer_needed,like_new,resell_as_is
electronics,757.23,163,defective,good,refurbish
clothing,18.21,26,wrong_size,very_good,peer_exchange
clothing,82.91,8,wrong_size,like_new,resell_as_is
electronics,484.39,26,defective,good,refurbish
clothing,122.64,41,wrong_size,good,refurbish
electronics,383.38,4,defective,good,refurbish
books,8.15,33,no_longer_needed,like_new,peer_exchange
home,453.12,1,defective,acceptable,refurbish
books,7.57,55,no_longer_needed,like_new,peer_exchange
home,107.78,20,no_longer_needed,good,refurbish
clothing,60.67,252,better_price_found,like_new,resell_as_is
electronics,41.44,20,defective,acceptable,refurbish
toys,73.46,33,no_longer_needed,for_parts,recycle
home,470.11,8,no_longer_needed,acceptable,refurbish
electronics,413.06,69,defective,good,refurbish
clothing,93.89,46,defective,good,refurbish
electronics,56.93,14,not_as_described,acceptable,refurbish
electronics,604.45,22,better_price_found,acceptable,refurbish
clothing,109.5,5,wrong_size,very_good,resell_as_is
clothing,12.01,68,defective,good,peer_exchange
clothing,196.04,5,wrong_size,very_good,resell_as_is
clothing,165.44,147,wrong_size,good,refurbish
clothing,92.47,13,defective,good,refurbish
home,79.99,6,better_price_found,good,refurbish
electronics,430.68,47,no_longer_needed,like_new,resell_as_is
clothing,174.51,168,better_price_found,for_parts,recycle
electronics,725.62,1,not_as_described,good,refurbish
clothing,83.92,380,better_price_found,for_parts,recycle
home,494.47,134,not_as_described,acceptable,refurbish
home,220.05,5,no_longer_needed,for_parts,recycle
electronics,274.67,53,defective,good,refurbish
home,190.89,165,not_as_described,like_new,resell_as_is
home,421.55,166,not_as_described,very_good,donate
electronics,82.33,1,not_as_described,very_good,resell_as_is
clothing,102.34,32,not_as_described,very_good,resell_as_is
toys,86.02,152,not_as_described,good,refurbish
home,446.98,76,better_price_found,very_good,resell_as_is
home,350.32,24,no_longer_needed,for_parts,recycle
home,205.19,274,not_as_described,very_good,resell_as_is
home,51.9,56,better_price_found,acceptable,peer_exchange
clothing,46.47,47,wrong_size,very_good,resell_as_is
electronics,317.14,32,not_as_described,good,refurbish
electronics,710.2,238,defective,good,refurbish
clothing,73.78,62,wrong_size,for_parts,recycle
clothing,155.45,1,defective,very_good,resell_as_is
clothing,15.94,10,wrong_size,for_parts,refurbish
electronics,505.31,1,not_as_described,good,refurbish
clothing,155.39,55,better_price_found,very_good,resell_as_is
books,7.22,9,defective,acceptable,refurbish
home,118.94,92,defective,good,refurbish
clothing,169.05,62,wrong_size,good,refurbish
electronics,560.82,74,better_price_found,acceptable,refurbish
toys,84.28,76,wrong_size,very_good,resell_as_is
clothing,70.67,10,not_as_described,very_good,resell_as_is
clothing,159.24,41,wrong_size,like_new,resell_as_is
home,331.62,16,not_as_described,acceptable,refurbish
clothing,77.68,8,wrong_size,good,donate
clothing,18.27,31,wrong_size,very_good,peer_exchange
home,231.02,6,no_longer_needed,very_good,recycle
books,17.85,58,better_price_found,good,peer_exchange
clothing,21.47,96,wrong_size,acceptable,recycle
home,296.51,71,no_longer_needed,like_new,resell_as_is
toys,95.34,1,defective,for_parts,recycle
clothing,41.62,135,wrong_size,very_good,resell_as_is
toys,72.66,88,not_as_described,for_parts,recycle
home,485.91,28,no_longer_needed,for_parts,recycle
clothing,24.48,64,not_as_described,very_good,peer_exchange
clothing,83.62,67,defective,like_new,resell_as_is
electronics,168.79,1,defective,very_good,resell_as_is
toys,57.71,74,not_as_described,acceptable,refurbish
clothing,46.82,22,not_as_described,good,refurbish
electronics,77.0,54,better_price_found,very_good,resell_as_is
electronics,455.61,93,no_longer_needed,like_new,resell_as_is
home,31.84,71,not_as_described,very_good,resell_as_is
clothing,198.37,102,no_longer_needed,like_new,resell_as_is
home,126.08,30,defective,for_parts,recycle
toys,80.57,37,defective,very_good,resell_as_is
clothing,184.79,289,wrong_size,good,refurbish
clothing,136.5,28,better_price_found,acceptable,refurbish
electronics,151.49,31,no_longer_needed,for_parts,recycle
home,243.15,21,no_longer_needed,acceptable,refurbish
clothing,104.01,13,better_price_found,good,refurbish
electronics,764.4,81,no_longer_needed,like_new,resell_as_is
clothing,135.35,193,wrong_size,good,recycle
home,472.0,31,defective,good,refurbish
clothing,49.5,31,wrong_size,like_new,resell_as_is
home,358.55,65,defective,very_good,resell_as_is
books,38.61,14,no_longer_needed,for_parts,recycle
books,16.91,15,better_price_found,good,peer_exchange
clothing,117.08,80,wrong_size,very_good,resell_as_is
clothing,113.8,73,better_price_found,good,refurbish
books,41.25,79,no_longer_needed,very_good,resell_as_is
books,44.77,7,no_longer_needed,good,refurbish
home,212.51,2,not_as_described,like_new,resell_as_is
home,238.35,34,better_price_found,very_good,resell_as_is
toys,82.45,104,defective,like_new,peer_exchange
home,420.99,14,defective,like_new,resell_as_is
books,21.23,40,no_longer_needed,good,peer_exchange
clothing,175.98,44,wrong_size,good,refurbish
toys,44.05,31,no_longer_needed,good,refurbish
toys,35.8,20,better_price_found,like_new,resell_as_is
clothing,40.87,256,defective,good,refurbish
clothing,126.78,48,no_longer_needed,very_good,resell_as_is
clothing,121.48,56,wrong_size,good,peer_exchange
clothing,32.66,32,wrong_size,very_good,resell_as_is
clothing,18.42,54,not_as_described,like_new,peer_exchange
electronics,686.77,1,better_price_found,like_new,resell_as_is
clothing,150.26,31,wrong_size,acceptable,donate
electronics,393.87,78,not_as_described,very_good,resell_as_is
home,462.51,29,not_as_described,very_good,resell_as_is
home,179.73,34,not_as_described,acceptable,refurbish
home,243.72,91,no_longer_needed,like_new,resell_as_is
clothing,166.91,23,wrong_size,for_parts,recycle
home,144.4,8,wrong_size,like_new,resell_as_is
clothing,22.16,9,wrong_size,good,peer_exchange
clothing,57.6,28,wrong_size,very_good,resell_as_is
toys,67.58,150,no_longer_needed,like_new,resell_as_is
electronics,552.46,18,not_as_described,good,refurbish
clothing,73.54,26,better_price_found,acceptable,refurbish
electronics,652.59,11,defective,very_good,resell_as_is
electronics,115.34,41,defective,good,refurbish
clothing,31.27,10,no_longer_needed,acceptable,refurbish
electronics,61.67,57,no_longer_needed,very_good,resell_as_is
home,468.64,5,defective,like_new,resell_as_is
home,293.7,6,defective,very_good,resell_as_is
clothing,23.86,79,wrong_size,good,peer_exchange
books,30.45,140,no_longer_needed,for_parts,recycle
clothing,187.44,24,wrong_size,like_new,resell_as_is
home,390.16,10,not_as_described,very_good,resell_as_is
electronics,725.25,16,defective,acceptable,refurbish
electronics,405.78,6,better_price_found,good,refurbish
clothing,24.6,97,better_price_found,acceptable,refurbish
clothing,16.67,64,not_as_described,good,peer_exchange
electronics,27.54,5,defective,like_new,refurbish
clothing,44.29,84,wrong_size,good,refurbish
clothing,187.43,3,not_as_described,acceptable,refurbish
clothing,85.56,69,no_longer_needed,like_new,recycle
toys,42.02,59,no_longer_needed,like_new,refurbish
electronics,210.05,189,not_as_described,like_new,resell_as_is
clothing,72.43,2,defective,like_new,resell_as_is
home,33.31,21,not_as_described,good,refurbish
clothing,196.77,3,better_price_found,like_new,resell_as_is
clothing,37.23,9,wrong_size,for_parts,recycle
clothing,143.82,82,not_as_described,very_good,resell_as_is
clothing,49.96,9,wrong_size,for_parts,recycle
electronics,155.01,10,defective,very_good,resell_as_is
electronics,185.1,6,better_price_found,for_parts,recycle
clothing,46.13,16,defective,acceptable,refurbish
clothing,123.99,17,not_as_described,very_good,recycle
home,429.98,38,no_longer_needed,very_good,resell_as_is
home,437.02,134,no_longer_needed,good,refurbish
toys,37.41,82,no_longer_needed,good,refurbish
toys,60.59,167,wrong_size,good,refurbish
home,453.91,1,wrong_size,good,peer_exchange
electronics,83.25,96,defective,acceptable,refurbish
home,156.46,37,not_as_described,very_good,resell_as_is
home,33.15,103,defective,good,refurbish
electronics,529.27,65,no_longer_needed,very_good,resell_as_is
electronics,768.85,5,not_as_described,acceptable,refurbish
books,48.75,30,no_longer_needed,like_new,resell_as_is
clothing,39.96,80,wrong_size,very_good,resell_as_is
clothing,148.46,330,no_longer_needed,very_good,resell_as_is
electronics,585.51,2,defective,for_parts,recycle
books,21.92,110,better_price_found,good,peer_exchange
home,468.39,18,no_longer_needed,very_good,resell_as_is
electronics,504.15,129,defective,good,refurbish
clothing,181.64,28,wrong_size,like_new,resell_as_is
toys,34.58,10,no_longer_needed,acceptable,refurbish
toys,83.24,122,no_longer_needed,very_good,resell_as_is
clothing,64.67,10,not_as_described,good,refurbish
electronics,464.59,12,no_longer_needed,good,refurbish
home,366.33,73,not_as_described,like_new,resell_as_is
clothing,99.22,29,better_price_found,very_good,resell_as_is
toys,82.53,1,better_price_found,very_good,resell_as_is
clothing,111.99,76,wrong_size,very_good,resell_as_is
clothing,195.05,37,wrong_size,good,refurbish
electronics,349.8,200,not_as_described,very_good,resell_as_is
electronics,123.82,114,better_price_found,very_good,resell_as_is
toys,22.41,13,better_price_found,acceptable,refurbish
clothing,20.69,35,no_longer_needed,good,peer_exchange
clothing,40.67,1,no_longer_needed,good,refurbish
clothing,162.27,47,wrong_size,very_good,resell_as_is
books,31.18,75,better_price_found,for_parts,recycle
electronics,380.36,3,no_longer_needed,acceptable,refurbish
clothing,33.4,29,no_longer_needed,very_good,peer_exchange
toys,70.25,139,no_longer_needed,good,refurbish
clothing,120.91,123,wrong_size,like_new,resell_as_is
electronics,496.08,19,defective,very_good,resell_as_is
clothing,56.5,134,wrong_size,like_new,resell_as_is
electronics,413.81,182,no_longer_needed,good,refurbish
electronics,357.47,26,better_price_found,very_good,resell_as_is
toys,80.6,201,no_longer_needed,very_good,resell_as_is
clothing,41.31,74,not_as_described,acceptable,refurbish
books,7.7,66,better_price_found,for_parts,recycle
electronics,685.29,23,not_as_described,very_good,resell_as_is
home,190.32,71,wrong_size,very_good,resell_as_is
home,167.56,61,no_longer_needed,good,refurbish
clothing,80.93,50,wrong_size,acceptable,refurbish
clothing,117.7,162,wrong_size,acceptable,peer_exchange
clothing,43.55,61,wrong_size,acceptable,refurbish
clothing,44.35,63,better_price_found,good,resell_as_is
electronics,657.32,80,no_longer_needed,very_good,resell_as_is
electronics,217.82,66,no_longer_needed,very_good,resell_as_is
clothing,10.03,11,no_longer_needed,very_good,peer_exchange
home,228.74,96,better_price_found,acceptable,refurbish
clothing,133.53,24,wrong_size,good,recycle
books,45.98,192,better_price_found,for_parts,recycle
electronics,25.06,74,better_price_found,very_good,refurbish
home,464.89,63,better_price_found,very_good,resell_as_is
clothing,82.87,1,no_longer_needed,acceptable,refurbish
clothing,109.23,27,wrong_size,good,refurbish
electronics,609.29,1,better_price_found,good,refurbish
electronics,475.15,26,no_longer_needed,very_good,resell_as_is
books,21.86,2,no_longer_needed,good,peer_exchange
clothing,20.78,54,no_longer_needed,good,peer_exchange
electronics,177.51,11,not_as_described,good,refurbish
electronics,487.9,45,not_as_described,acceptable,refurbish
electronics,544.37,26,wrong_size,very_good,resell_as_is
home,98.7,32,not_as_described,good,refurbish
electronics,761.76,53,no_longer_needed,good,refurbish
books,45.32,17,not_as_described,good,refurbish
clothing,133.88,74,no_longer_needed,good,refurbish
toys,64.24,79,not_as_described,good,refurbish
electronics,577.48,45,no_longer_needed,very_good,resell_as_is
clothing,123.42,21,no_longer_needed,acceptable,refurbish
clothing,135.62,72,no_longer_needed,good,refurbish
clothing,58.42,11,not_as_described,like_new,resell_as_is
books,43.59,143,no_longer_needed,acceptable,refurbish
electronics,632.22,5,better_price_found,good,refurbish
electronics,545.62,3,no_longer_needed,very_good,resell_as_is
electronics,73.39,40,defective,acceptable,refurbish
clothing,117.81,21,wrong_size,acceptable,refurbish
electronics,276.12,34,not_as_described,very_good,resell_as_is
electronics,356.78,29,no_longer_needed,for_parts,recycle
toys,35.81,2,defective,very_good,resell_as_is
electronics,357.47,25,defective,very_good,resell_as_is
clothing,145.65,57,defective,very_good,resell_as_is
clothing,76.64,15,wrong_size,acceptable,refurbish
home,252.85,124,not_as_described,good,refurbish
home,69.1,12,no_longer_needed,acceptable,refurbish
clothing,130.07,35,not_as_described,like_new,resell_as_is
home,321.12,23,defective,good,refurbish
home,200.58,58,no_longer_needed,like_new,resell_as_is
home,279.88,64,not_as_described,for_parts,peer_exchange
clothing,109.51,8,wrong_size,good,refurbish
home,51.19,31,wrong_size,good,refurbish
books,9.7,1,no_longer_needed,very_good,peer_exchange
toys,11.86,31,better_price_found,acceptable,donate
electronics,192.67,11,defective,acceptable,refurbish
clothing,61.15,107,wrong_size,very_good,resell_as_is
electronics,383.72,35,no_longer_needed,good,refurbish
toys,98.38,64,no_longer_needed,good,refurbish
toys,72.86,21,defective,like_new,resell_as_is
electronics,343.74,15,no_longer_needed,very_good,resell_as_is
clothing,178.85,38,defective,good,refurbish
clothing,50.63,51,not_as_described,good,refurbish
home,139.14,10,not_as_described,good,refurbish
home,433.59,21,not_as_described,very_good,resell_as_is
electronics,763.94,33,no_longer_needed,like_new,resell_as_is
books,37.2,141,not_as_described,good,refurbish
clothing,173.6,15,wrong_size,very_good,resell_as_is
toys,60.41,42,no_longer_needed,good,refurbish
home,234.39,44,wrong_size,acceptable,refurbish
home,378.13,45,no_longer_needed,very_good,resell_as_is
clothing,139.24,59,no_longer_needed,acceptable,refurbish
books,27.38,189,no_longer_needed,very_good,peer_exchange
clothing,197.05,77,wrong_size,very_good,resell_as_is
books,37.82,28,no_longer_needed,good,refurbish
electronics,286.08,14,defective,like_new,resell_as_is
clothing,65.16,14,defective,good,refurbish
home,365.65,29,not_as_described,good,refurbish
home,403.7,63,not_as_described,for_parts,recycle
clothing,87.56,71,no_longer_needed,very_good,resell_as_is
home,461.79,13,no_longer_needed,good,refurbish
clothing,81.69,72,better_price_found,very_good,resell_as_is
electronics,163.06,91,defective,acceptable,refurbish
toys,26.16,6,defective,acceptable,refurbish
electronics,702.32,126,no_longer_needed,very_good,resell_as_is
home,252.34,11,defective,for_parts,recycle
home,246.84,83,no_longer_needed,good,refurbish
home,171.72,94,no_longer_needed,good,refurbish
electronics,574.13,6,better_price_found,for_parts,recycle
electronics,341.92,199,not_as_described,very_good,resell_as_is
electronics,303.39,21,not_as_described,very_good,resell_as_is
books,28.14,70,defective,good,peer_exchange
clothing,64.58,5,wrong_size,good,refurbish
electronics,528.14,41,not_as_described,acceptable,refurbish
electronics,450.41,175,not_as_described,acceptable,refurbish
clothing,133.04,32,not_as_described,good,refurbish
clothing,28.96,94,not_as_described,for_parts,recycle
electronics,114.86,90,defective,for_parts,recycle
books,39.81,123,not_as_described,good,recycle
clothing,150.75,2,better_price_found,like_new,resell_as_is
electronics,619.79,10,better_price_found,good,refurbish
clothing,96.32,72,no_longer_needed,good,refurbish
electronics,572.77,26,defective,very_good,resell_as_is
toys,44.14,131,no_longer_needed,acceptable,peer_exchange
home,340.11,139,wrong_size,acceptable,refurbish
home,59.32,35,defective,very_good,resell_as_is
books,38.47,54,no_longer_needed,good,refurbish
clothing,58.25,16,not_as_described,good,resell_as_is
home,335.99,5,not_as_described,for_parts,recycle
clothing,39.84,36,wrong_size,good,refurbish
clothing,21.82,137,wrong_size,for_parts,recycle
toys,26.37,3,no_longer_needed,good,peer_exchange
toys,83.68,66,defective,acceptable,refurbish
clothing,185.71,11,wrong_size,like_new,resell_as_is
home,167.75,11,wrong_size,very_good,resell_as_is
electronics,222.01,126,not_as_described,acceptable,refurbish
toys,20.39,88,no_longer_needed,acceptable,refurbish
toys,65.68,93,better_price_found,acceptable,refurbish
clothing,172.35,40,not_as_described,like_new,resell_as_is
home,298.27,36,defective,very_good,resell_as_is
electronics,504.95,54,better_price_found,like_new,resell_as_is
clothing,110.15,3,no_longer_needed,good,refurbish
clothing,173.67,14,wrong_size,very_good,resell_as_is
books,19.89,12,not_as_described,good,peer_exchange
books,9.68,2,defective,acceptable,donate
toys,38.94,15,no_longer_needed,good,refurbish
clothing,11.12,3,not_as_described,good,peer_exchange
clothing,164.94,34,wrong_size,for_parts,recycle
home,340.34,28,no_longer_needed,acceptable,refurbish
home,382.21,13,not_as_described,like_new,resell_as_is
books,32.49,12,no_longer_needed,acceptable,refurbish
books,40.31,2,not_as_described,good,refurbish
books,33.85,29,not_as_described,acceptable,refurbish
home,102.89,6,defective,very_good,resell_as_is
electronics,745.64,49,not_as_described,good,refurbish
electronics,792.27,49,defective,good,refurbish
electronics,741.05,1,not_as_described,for_parts,recycle
clothing,10.08,5,wrong_size,acceptable,donate
home,186.08,104,not_as_described,very_good,resell_as_is
electronics,757.03,58,no_longer_needed,good,refurbish
electronics,429.79,104,defective,for_parts,recycle
clothing,111.05,97,defective,good,refurbish
home,81.94,3,defective,very_good,resell_as_is
home,236.11,3,wrong_size,like_new,resell_as_is
electronics,405.31,27,not_as_described,acceptable,refurbish
electronics,236.88,1,defective,acceptable,refurbish
toys,23.44,94,no_longer_needed,very_good,peer_exchange
clothing,171.95,30,wrong_size,very_good,resell_as_is
toys,72.15,4,not_as_described,like_new,resell_as_is
toys,18.33,35,better_price_found,like_new,peer_exchange
clothing,15.71,3,better_price_found,good,peer_exchange
clothing,145.82,28,wrong_size,like_new,resell_as_is
electronics,74.33,34,defective,for_parts,recycle
electronics,154.51,51,defective,acceptable,refurbish
clothing,192.97,30,defective,good,refurbish
home,353.83,29,not_as_described,very_good,resell_as_is
electronics,20.98,163,defective,very_good,refurbish
clothing,100.16,5,wrong_size,very_good,resell_as_is
electronics,335.74,21,defective,acceptable,refurbish
electronics,147.04,48,no_longer_needed,for_parts,recycle
home,440.92,36,defective,very_good,resell_as_is
electronics,606.21,17,wrong_size,acceptable,refurbish
electronics,224.98,17,defective,acceptable,refurbish
clothing,24.69,180,not_as_described,for_parts,recycle
books,43.41,73,defective,like_new,resell_as_is
electronics,585.61,49,not_as_described,very_good,resell_as_is
electronics,332.22,81,defective,good,refurbish
books,15.48,36,defective,very_good,peer_exchange
home,111.07,15,no_longer_needed,very_good,resell_as_is
books,27.46,64,no_longer_needed,acceptable,refurbish
electronics,286.89,273,defective,good,refurbish
clothing,80.73,6,wrong_size,very_good,resell_as_is
home,378.45,35,defective,very_good,resell_as_is
clothing,97.59,35,defective,for_parts,recycle
home,131.16,38,defective,good,refurbish
electronics,655.91,9,defective,good,refurbish
home,304.44,22,defective,acceptable,refurbish
books,22.78,76,better_price_found,good,peer_exchange
clothing,113.25,53,wrong_size,good,refurbish
electronics,507.33,8,no_longer_needed,acceptable,refurbish
home,248.78,27,not_as_described,very_good,resell_as_is
home,120.45,19,no_longer_needed,very_good,resell_as_is
electronics,581.64,58,no_longer_needed,very_good,resell_as_is
clothing,79.56,35,not_as_described,good,refurbish
electronics,441.75,36,not_as_described,good,refurbish
books,33.33,76,defective,acceptable,refurbish
clothing,36.56,5,wrong_size,very_good,peer_exchange
electronics,178.98,24,wrong_size,good,refurbish
books,21.16,40,better_price_found,very_good,peer_exchange
home,122.18,42,not_as_described,acceptable,refurbish
clothing,158.08,17,no_longer_needed,acceptable,refurbish
home,212.89,241,not_as_described,good,refurbish
toys,72.77,84,defective,acceptable,refurbish
home,156.58,41,defective,good,refurbish
clothing,40.89,16,wrong_size,for_parts,recycle
clothing,111.66,60,better_price_found,very_good,resell_as_is
toys,42.15,2,defective,like_new,resell_as_is
clothing,185.47,330,not_as_described,like_new,recycle
books,38.76,83,better_price_found,good,refurbish
books,26.58,40,no_longer_needed,acceptable,refurbish
clothing,89.67,5,wrong_size,good,refurbish
home,278.19,166,defective,for_parts,recycle
home,258.4,27,defective,like_new,resell_as_is
clothing,192.65,24,better_price_found,very_good,resell_as_is
clothing,178.26,45,wrong_size,very_good,resell_as_is
clothing,73.15,83,not_as_described,acceptable,refurbish
clothing,199.29,27,defective,acceptable,recycle
electronics,128.66,1,wrong_size,very_good,resell_as_is
clothing,130.63,44,no_longer_needed,acceptable,refurbish
books,13.22,55,no_longer_needed,good,peer_exchange
electronics,99.69,140,no_longer_needed,very_good,resell_as_is
home,212.36,35,defective,like_new,resell_as_is
home,38.29,25,no_longer_needed,acceptable,refurbish
home,478.37,143,no_longer_needed,acceptable,refurbish
home,326.99,32,not_as_described,good,refurbish
clothing,56.81,56,wrong_size,good,refurbish
home,49.0,14,not_as_described,very_good,resell_as_is
clothing,82.6,36,wrong_size,acceptable,donate
clothing,143.87,118,better_price_found,good,refurbish
books,6.83,99,no_longer_needed,for_parts,recycle
electronics,495.37,8,defective,good,refurbish
electronics,590.21,42,defective,like_new,resell_as_is
clothing,60.41,64,not_as_described,very_good,resell_as_is
clothing,161.02,16,wrong_size,acceptable,refurbish
electronics,110.67,110,no_longer_needed,very_good,resell_as_is
electronics,415.5,2,not_as_described,like_new,resell_as_is
clothing,94.43,3,wrong_size,acceptable,refurbish
home,194.2,34,not_as_described,for_parts,recycle
electronics,494.21,179,better_price_found,good,refurbish
home,284.48,61,better_price_found,acceptable,refurbish
clothing,131.52,37,defective,like_new,resell_as_is
clothing,166.3,20,not_as_described,very_good,resell_as_is
toys,86.63,5,no_longer_needed,very_good,resell_as_is
clothing,55.36,51,no_longer_needed,very_good,resell_as_is
electronics,736.77,6,better_price_found,good,refurbish
toys,99.12,64,defective,good,refurbish
clothing,118.2,2,no_longer_needed,acceptable,refurbish
clothing,117.99,69,wrong_size,good,refurbish
clothing,156.93,74,wrong_size,good,refurbish
electronics,685.27,73,no_longer_needed,very_good,resell_as_is
toys,41.1,4,no_longer_needed,like_new,resell_as_is
home,439.24,93,defective,very_good,resell_as_is
clothing,194.75,80,wrong_size,acceptable,refurbish
electronics,592.9,121,not_as_described,very_good,resell_as_is
clothing,72.07,17,not_as_described,for_parts,recycle
electronics,674.09,82,better_price_found,very_good,resell_as_is
clothing,126.74,40,not_as_described,very_good,resell_as_is
home,224.86,69,not_as_described,very_good,resell_as_is
clothing,14.39,67,no_longer_needed,very_good,recycle
home,146.02,47,better_price_found,acceptable,refurbish
clothing,101.88,32,wrong_size,good,recycle
home,409.51,26,not_as_described,very_good,resell_as_is
electronics,619.26,31,no_longer_needed,acceptable,refurbish
clothing,45.17,215,no_longer_needed,acceptable,refurbish
clothing,110.66,66,wrong_size,for_parts,recycle
books,37.63,115,not_as_described,very_good,resell_as_is
books,13.89,213,not_as_described,very_good,peer_exchange
clothing,184.33,18,not_as_described,very_good,resell_as_is
electronics,403.22,64,not_as_described,like_new,resell_as_is
home,407.32,144,no_longer_needed,for_parts,recycle
clothing,15.35,36,not_as_described,acceptable,refurbish
clothing,135.78,49,wrong_size,acceptable,refurbish
toys,95.64,28,not_as_described,acceptable,refurbish
electronics,737.5,34,defective,good,refurbish
electronics,445.67,30,not_as_described,for_parts,recycle
electronics,59.43,57,no_longer_needed,acceptable,refurbish
electronics,385.44,100,better_price_found,very_good,resell_as_is
electronics,407.66,6,better_price_found,good,refurbish
toys,24.81,72,better_price_found,good,peer_exchange
clothing,138.2,31,defective,like_new,donate
clothing,55.12,19,defective,good,refurbish
books,26.67,64,not_as_described,good,peer_exchange
clothing,158.36,88,wrong_size,good,refurbish
home,86.98,69,defective,acceptable,refurbish
clothing,20.83,29,better_price_found,like_new,peer_exchange
toys,44.33,34,no_longer_needed,good,refurbish
electronics,495.65,153,defective,very_good,resell_as_is
books,17.12,129,defective,for_parts,recycle
home,193.33,92,defective,like_new,resell_as_is
books,38.97,44,no_longer_needed,like_new,resell_as_is
home,333.39,38,better_price_found,acceptable,refurbish
clothing,127.42,52,wrong_size,very_good,resell_as_is
clothing,91.35,19,no_longer_needed,good,recycle
books,38.99,24,better_price_found,like_new,resell_as_is
electronics,27.09,35,defective,good,refurbish
books,23.06,34,not_as_described,like_new,peer_exchange
electronics,592.39,47,defective,good,refurbish
clothing,161.92,38,wrong_size,acceptable,refurbish
home,247.49,37,better_price_found,acceptable,resell_as_is
books,5.82,48,no_longer_needed,good,peer_exchange
home,350.63,104,no_longer_needed,good,refurbish
home,440.01,20,not_as_described,for_parts,recycle
electronics,537.68,282,no_longer_needed,acceptable,refurbish
books,28.66,133,no_longer_needed,like_new,peer_exchange
clothing,145.89,189,not_as_described,acceptable,refurbish
home,423.88,75,not_as_described,good,refurbish
clothing,163.82,181,defective,acceptable,refurbish
home,280.35,129,not_as_described,like_new,resell_as_is
home,426.89,9,wrong_size,for_parts,recycle
books,42.04,75,not_as_described,good,refurbish
clothing,88.57,36,wrong_size,acceptable,refurbish
toys,61.84,84,defective,good,refurbish
toys,84.43,168,better_price_found,acceptable,refurbish
clothing,184.67,176,defective,very_good,resell_as_is
clothing,187.56,10,defective,for_parts,recycle
home,203.79,99,better_price_found,very_good,resell_as_is
toys,98.51,35,no_longer_needed,very_good,resell_as_is
clothing,48.1,75,not_as_described,acceptable,refurbish
clothing,106.1,84,wrong_size,like_new,resell_as_is
electronics,713.74,147,not_as_described,acceptable,refurbish
books,42.11,5,no_longer_needed,good,recycle
clothing,47.01,57,no_longer_needed,good,refurbish
home,130.26,35,defective,like_new,donate
clothing,68.77,78,wrong_size,like_new,resell_as_is
home,173.57,60,no_longer_needed,acceptable,refurbish
clothing,41.62,24,defective,acceptable,refurbish
home,219.7,84,no_longer_needed,like_new,resell_as_is
home,482.43,204,not_as_described,good,refurbish
electronics,357.57,71,not_as_described,good,refurbish
home,369.99,5,no_longer_needed,for_parts,resell_as_is
toys,63.13,44,defective,good,refurbish
electronics,382.18,11,no_longer_needed,for_parts,recycle
home,224.02,9,better_price_found,like_new,resell_as_is
clothing,135.19,27,wrong_size,acceptable,refurbish
electronics,304.77,15,not_as_described,good,refurbish
electronics,150.22,2,defective,like_new,resell_as_is
electronics,472.32,30,defective,very_good,resell_as_is
home,191.75,10,not_as_described,very_good,resell_as_is
toys,10.35,71,not_as_described,like_new,recycle
electronics,265.63,54,defective,like_new,resell_as_is
books,38.53,25,defective,very_good,resell_as_is
toys,74.5,106,not_as_described,good,refurbish
clothing,91.68,77,not_as_described,for_parts,recycle
electronics,388.11,17,not_as_described,like_new,resell_as_is
books,12.0,12,no_longer_needed,acceptable,donate
electronics,445.52,71,defective,acceptable,refurbish
electronics,418.6,4,defective,like_new,resell_as_is
books,30.97,16,defective,good,refurbish
clothing,106.94,141,wrong_size,good,donate
clothing,164.25,46,wrong_size,very_good,refurbish
clothing,148.2,40,wrong_size,very_good,resell_as_is
clothing,50.56,164,no_longer_needed,like_new,resell_as_is
home,92.73,17,no_longer_needed,acceptable,refurbish
clothing,68.35,55,wrong_size,like_new,resell_as_is
home,257.95,28,not_as_described,very_good,resell_as_is
home,115.92,30,not_as_described,good,refurbish
books,39.54,43,better_price_found,acceptable,refurbish
toys,32.51,19,better_price_found,acceptable,refurbish
electronics,509.65,10,not_as_described,very_good,resell_as_is
electronics,511.59,27,defective,very_good,resell_as_is
toys,37.44,25,better_price_found,good,refurbish
home,473.91,14,better_price_found,acceptable,refurbish
home,329.68,4,defective,for_parts,recycle
clothing,154.79,45,wrong_size,acceptable,refurbish
electronics,766.19,16,not_as_described,like_new,resell_as_is
clothing,77.1,106,wrong_size,acceptable,refurbish
toys,62.23,4,defective,acceptable,refurbish
clothing,127.43,41,better_price_found,for_parts,recycle
books,45.93,15,better_price_found,acceptable,refurbish
clothing,26.18,55,not_as_described,very_good,peer_exchange
clothing,81.08,29,wrong_size,for_parts,recycle
electronics,617.18,81,wrong_size,very_good,resell_as_is
clothing,157.82,34,wrong_size,for_parts,recycle
home,84.43,24,not_as_described,very_good,resell_as_is
electronics,456.03,66,defective,acceptable,refurbish
electronics,535.85,38,not_as_described,like_new,resell_as_is
home,80.66,29,no_longer_needed,good,refurbish
clothing,56.11,44,no_longer_needed,good,refurbish
toys,61.01,51,not_as_described,good,refurbish
clothing,198.23,129,no_longer_needed,good,refurbish
electronics,258.48,90,not_as_described,acceptable,refurbish
clothing,132.92,44,no_longer_needed,for_parts,recycle
electronics,121.65,69,not_as_described,acceptable,refurbish
home,388.38,48,not_as_described,like_new,resell_as_is
clothing,97.78,139,better_price_found,acceptable,refurbish
home,206.71,16,not_as_described,like_new,resell_as_is
clothing,191.54,23,better_price_found,very_good,resell_as_is
clothing,137.78,3,wrong_size,good,refurbish
home,262.91,11,better_price_found,very_good,resell_as_is
home,482.13,42,no_longer_needed,very_good,resell_as_is
clothing,93.15,117,wrong_size,acceptable,refurbish
clothing,103.14,27,better_price_found,like_new,resell_as_is
home,468.15,91,no_longer_needed,like_new,resell_as_is
electronics,707.35,84,no_longer_needed,good,refurbish
electronics,277.16,9,no_longer_needed,very_good,resell_as_is
home,237.76,9,not_as_described,very_good,resell_as_is
electronics,666.67,86,defective,acceptable,refurbish
home,106.63,11,defective,very_good,resell_as_is
home,463.84,4,wrong_size,good,refurbish
clothing,113.89,7,not_as_described,very_good,resell_as_is
books,12.7,161,no_longer_needed,for_parts,recycle
home,210.89,90,no_longer_needed,good,refurbish
clothing,51.8,57,not_as_described,good,refurbish
toys,75.41,8,defective,for_parts,recycle
toys,35.96,82,no_longer_needed,very_good,resell_as_is
home,248.35,106,no_longer_needed,acceptable,refurbish
clothing,82.47,107,defective,very_good,resell_as_is
electronics,559.47,25,defective,for_parts,recycle
home,317.51,110,no_longer_needed,good,refurbish
electronics,755.84,31,not_as_described,like_new,resell_as_is
home,498.89,222,better_price_found,very_good,resell_as_is
clothing,171.85,15,not_as_described,for_parts,recycle
home,401.94,12,no_longer_needed,good,peer_exchange
home,495.48,4,defective,acceptable,refurbish
electronics,20.01,18,no_longer_needed,acceptable,refurbish
electronics,452.67,17,no_longer_needed,good,refurbish
books,29.11,25,no_longer_needed,very_good,peer_exchange
electronics,671.67,6,defective,very_good,resell_as_is
toys,26.59,10,not_as_described,very_good,peer_exchange
clothing,158.18,83,not_as_described,acceptable,refurbish
electronics,605.51,17,wrong_size,for_parts,recycle
clothing,147.89,25,better_price_found,like_new,resell_as_is
home,242.53,85,better_price_found,acceptable,refurbish
clothing,183.2,36,not_as_described,good,refurbish
electronics,762.77,57,defective,acceptable,refurbish
home,76.48,143,not_as_described,acceptable,refurbish
clothing,177.99,93,not_as_described,very_good,resell_as_is
books,31.77,93,no_longer_needed,good,refurbish
home,115.3,91,no_longer_needed,acceptable,refurbish
electronics,97.78,82,better_price_found,good,refurbish
toys,99.0,35,no_longer_needed,acceptable,refurbish
toys,18.57,53,no_longer_needed,acceptable,refurbish
toys,55.11,107,not_as_described,good,refurbish
books,49.36,18,defective,acceptable,refurbish
toys,31.21,5,no_longer_needed,like_new,resell_as_is
electronics,194.82,7,better_price_found,very_good,resell_as_is
books,35.48,58,no_longer_needed,acceptable,refurbish
home,446.65,46,defective,acceptable,refurbish
toys,11.7,31,better_price_found,very_good,peer_exchange
toys,89.16,50,no_longer_needed,acceptable,refurbish
home,491.4,70,better_price_found,like_new,resell_as_is
clothing,83.13,92,wrong_size,for_parts,recycle
clothing,62.2,52,wrong_size,like_new,resell_as_is
electronics,203.7,95,defective,good,refurbish
electronics,622.68,41,defective,very_good,resell_as_is
home,339.75,15,not_as_described,for_parts,recycle
electronics,622.28,12,defective,like_new,resell_as_is
clothing,22.19,124,not_as_described,good,peer_exchange
home,224.41,86,no_longer_needed,good,refurbish
home,254.73,8,defective,for_parts,recycle
books,16.1,34,no_longer_needed,very_good,peer_exchange
home,278.4,51,defective,good,donate
clothing,22.92,69,wrong_size,very_good,peer_exchange
home,254.7,2,no_longer_needed,good,refurbish
clothing,144.71,15,no_longer_needed,acceptable,refurbish
electronics,369.05,69,defective,good,refurbish
clothing,197.23,4,no_longer_needed,good,refurbish
toys,19.93,136,no_longer_needed,very_good,peer_exchange
clothing,164.7,30,no_longer_needed,good,refurbish
home,107.8,32,defective,like_new,resell_as_is
clothing,101.5,42,wrong_size,good,refurbish
clothing,177.42,62,no_longer_needed,very_good,recycle
clothing,76.52,24,wrong_size,good,refurbish
electronics,773.05,8,not_as_described,like_new,peer_exchange
clothing,171.46,4,wrong_size,very_good,resell_as_is
books,22.4,14,defective,like_new,peer_exchange
clothing,147.97,69,wrong_size,like_new,resell_as_is
home,198.34,5,wrong_size,very_good,peer_exchange
clothing,33.07,7,no_longer_needed,good,refurbish
clothing,138.66,14,not_as_described,like_new,refurbish
toys,49.42,84,no_longer_needed,good,peer_exchange
clothing,185.82,2,no_longer_needed,very_good,resell_as_is
clothing,105.96,9,wrong_size,good,refurbish
clothing,38.22,1,better_price_found,for_parts,recycle
toys,69.98,5,defective,for_parts,recycle
books,45.42,36,defective,very_good,refurbish
clothing,135.04,28,no_longer_needed,good,resell_as_is
clothing,84.66,187,defective,acceptable,refurbish
electronics,793.09,38,not_as_described,for_parts,recycle
home,425.43,17,defective,like_new,resell_as_is
electronics,260.05,21,defective,good,refurbish
clothing,87.45,89,defective,for_parts,recycle
clothing,194.6,34,wrong_size,very_good,resell_as_is
home,213.2,106,not_as_described,very_good,resell_as_is
home,257.58,3,defective,acceptable,refurbish
home,421.95,77,better_price_found,very_good,resell_as_is
clothing,66.56,78,better_price_found,good,refurbish
clothing,109.28,56,wrong_size,very_good,resell_as_is
toys,67.13,25,wrong_size,for_parts,recycle
toys,58.54,56,no_longer_needed,very_good,resell_as_is
clothing,137.77,109,wrong_size,good,peer_exchange
electronics,521.01,37,not_as_described,like_new,resell_as_is
home,25.47,30,defective,acceptable,refurbish
toys,29.75,37,defective,very_good,peer_exchange
electronics,577.6,48,no_longer_needed,very_good,resell_as_is
toys,92.58,91,better_price_found,good,refurbish
home,360.69,254,not_as_described,very_good,resell_as_is
toys,24.3,24,no_longer_needed,very_good,peer_exchange
books,6.96,34,no_longer_needed,for_parts,recycle
clothing,190.57,3,no_longer_needed,good,refurbish
clothing,34.62,124,wrong_size,good,refurbish
electronics,793.73,84,better_price_found,very_good,resell_as_is
clothing,103.99,12,no_longer_needed,very_good,resell_as_is
clothing,117.1,78,defective,good,refurbish
toys,93.44,70,wrong_size,good,refurbish
toys,99.64,117,defective,for_parts,recycle
books,23.32,24,no_longer_needed,like_new,peer_exchange
books,6.71,10,not_as_described,good,peer_exchange
electronics,133.48,148,better_price_found,like_new,resell_as_is
home,387.35,41,better_price_found,like_new,resell_as_is
clothing,95.46,153,not_as_described,like_new,resell_as_is
clothing,193.44,55,not_as_described,acceptable,refurbish
home,130.04,125,no_longer_needed,acceptable,refurbish
books,42.31,182,not_as_described,good,refurbish
clothing,169.49,87,no_longer_needed,for_parts,recycle
home,282.43,23,defective,acceptable,refurbish
books,29.54,15,no_longer_needed,very_good,peer_exchange
electronics,788.82,237,better_price_found,good,refurbish
clothing,15.0,16,better_price_found,like_new,peer_exchange
electronics,243.39,6,no_longer_needed,good,refurbish
home,485.95,43,no_longer_needed,good,refurbish
books,34.0,97,better_price_found,very_good,resell_as_is
electronics,474.99,68,better_price_found,like_new,peer_exchange
electronics,617.39,16,defective,for_parts,recycle
electronics,70.07,21,not_as_described,acceptable,refurbish
clothing,61.63,1,no_longer_needed,acceptable,refurbish
electronics,132.76,38,defective,good,refurbish
electronics,605.93,10,no_longer_needed,good,refurbish
electronics,604.37,4,better_price_found,acceptable,refurbish
clothing,173.68,140,no_longer_needed,acceptable,refurbish
clothing,15.36,6,not_as_described,good,peer_exchange
electronics,526.55,17,not_as_described,good,refurbish
books,28.66,121,not_as_described,very_good,peer_exchange
electronics,81.51,137,better_price_found,for_parts,recycle
clothing,110.7,9,wrong_size,acceptable,refurbish
home,419.77,20,not_as_described,good,refurbish
toys,63.06,9,not_as_described,very_good,resell_as_is
electronics,191.4,26,better_price_found,good,refurbish
clothing,45.82,16,no_longer_needed,acceptable,refurbish
clothing,163.49,68,wrong_size,very_good,resell_as_is
clothing,195.83,121,wrong_size,acceptable,refurbish
home,314.35,42,better_price_found,acceptable,refurbish
clothing,76.14,59,better_price_found,very_good,resell_as_is
clothing,162.19,79,better_price_found,acceptable,refurbish
home,341.04,374,defective,very_good,resell_as_is
clothing,35.71,65,no_longer_needed,good,refurbish
toys,60.4,15,not_as_described,good,refurbish
home,499.63,64,not_as_described,very_good,resell_as_is
books,26.26,27,no_longer_needed,very_good,peer_exchange
clothing,92.52,18,wrong_size,like_new,resell_as_is
home,106.19,173,not_as_described,like_new,resell_as_is
home,112.79,4,no_longer_needed,good,refurbish
home,480.57,4,wrong_size,for_parts,recycle
home,61.79,5,defective,good,refurbish
clothing,116.69,1,wrong_size,very_good,refurbish
electronics,355.09,76,defective,acceptable,refurbish
home,36.21,35,no_longer_needed,for_parts,recycle
clothing,127.03,133,no_longer_needed,good,refurbish
electronics,400.62,77,better_price_found,acceptable,refurbish
home,155.21,70,no_longer_needed,very_good,resell_as_is
electronics,59.42,118,defective,like_new,resell_as_is
books,19.98,13,no_longer_needed,very_good,peer_exchange
home,137.05,137,not_as_described,good,refurbish
books,30.77,11,not_as_described,good,refurbish
toys,69.04,43,not_as_described,good,refurbish
clothing,40.81,7,wrong_size,good,refurbish
clothing,68.02,40,better_price_found,good,refurbish
electronics,376.47,97,defective,good,refurbish
clothing,46.42,153,not_as_described,acceptable,refurbish
toys,49.98,34,not_as_described,very_good,resell_as_is
toys,88.11,23,not_as_described,like_new,resell_as_is
clothing,118.8,139,defective,acceptable,refurbish
home,224.12,30,better_price_found,good,refurbish
clothing,17.56,74,wrong_size,acceptable,refurbish
clothing,158.04,41,no_longer_needed,good,refurbish
clothing,10.76,23,wrong_size,good,peer_exchange
clothing,72.95,1,wrong_size,very_good,resell_as_is
electronics,140.25,109,no_longer_needed,good,refurbish
electronics,289.05,105,no_longer_needed,for_parts,recycle
electronics,778.15,175,not_as_described,for_parts,refurbish
home,241.31,25,no_longer_needed,for_parts,recycle
clothing,98.21,5,not_as_described,very_good,resell_as_is
clothing,10.64,31,wrong_size,like_new,peer_exchange
toys,27.11,47,not_as_described,good,peer_exchange
clothing,143.07,9,wrong_size,acceptable,refurbish
clothing,98.88,42,defective,very_good,resell_as_is
clothing,141.46,75,wrong_size,good,refurbish
clothing,96.14,133,not_as_described,acceptable,refurbish
toys,66.49,199,defective,like_new,resell_as_is
toys,46.42,15,no_longer_needed,good,refurbish
home,487.93,137,defective,very_good,resell_as_is
clothing,29.06,87,wrong_size,acceptable,refurbish
electronics,791.03,75,not_as_described,very_good,resell_as_is
clothing,128.31,6,not_as_described,very_good,resell_as_is
electronics,454.65,63,better_price_found,good,refurbish
electronics,141.83,45,not_as_described,good,refurbish
clothing,128.3,13,wrong_size,like_new,resell_as_is
clothing,55.26,49,wrong_size,acceptable,refurbish
electronics,788.37,5,no_longer_needed,good,refurbish
home,76.06,118,defective,very_good,resell_as_is
electronics,388.74,135,no_longer_needed,very_good,resell_as_is
toys,25.28,46,defective,acceptable,refurbish
books,47.44,16,defective,very_good,resell_as_is
home,401.89,26,not_as_described,acceptable,refurbish
electronics,479.6,35,better_price_found,very_good,resell_as_is
clothing,20.37,6,wrong_size,like_new,peer_exchange
clothing,124.45,54,wrong_size,good,refurbish
toys,91.9,88,no_longer_needed,like_new,donate
home,356.92,6,not_as_described,good,refurbish
electronics,128.36,28,not_as_described,like_new,resell_as_is
home,369.46,12,no_longer_needed,good,refurbish
home,294.24,115,defective,like_new,resell_as_is
electronics,110.04,82,defective,good,refurbish
clothing,51.26,7,wrong_size,like_new,refurbish
clothing,74.17,13,wrong_size,very_good,resell_as_is
electronics,222.31,6,defective,like_new,resell_as_is
clothing,43.07,12,not_as_described,very_good,refurbish
electronics,482.81,184,defective,for_parts,recycle
clothing,153.3,17,no_longer_needed,acceptable,refurbish
home,408.87,27,defective,like_new,resell_as_is
toys,83.71,35,no_longer_needed,very_good,resell_as_is
clothing,98.07,45,better_price_found,good,refurbish
electronics,797.26,89,better_price_found,good,refurbish
clothing,46.88,71,better_price_found,very_good,refurbish
clothing,35.19,152,wrong_size,very_good,resell_as_is
home,96.79,33,better_price_found,for_parts,recycle
clothing,179.09,38,no_longer_needed,very_good,resell_as_is
books,24.16,94,not_as_described,for_parts,recycle
home,58.42,41,better_price_found,acceptable,donate
clothing,18.85,353,no_longer_needed,acceptable,refurbish
electronics,421.77,89,no_longer_needed,good,refurbish
electronics,535.99,30,defective,very_good,resell_as_is
books,17.73,13,defective,for_parts,recycle
toys,87.47,25,defective,good,refurbish
electronics,103.83,93,defective,acceptable,refurbish
electronics,653.93,52,defective,acceptable,resell_as_is
home,359.05,21,defective,acceptable,refurbish
electronics,422.53,145,defective,acceptable,refurbish
clothing,151.38,203,wrong_size,like_new,resell_as_is
home,227.42,52,no_longer_needed,acceptable,refurbish
clothing,65.75,62,defective,good,refurbish
electronics,386.15,71,no_longer_needed,good,refurbish
clothing,159.4,32,not_as_described,good,refurbish
home,55.84,45,defective,like_new,resell_as_is
clothing,144.31,82,no_longer_needed,good,refurbish
clothing,90.1,55,better_price_found,very_good,resell_as_is
electronics,260.54,21,no_longer_needed,like_new,resell_as_is
books,34.34,37,better_price_found,acceptable,refurbish
home,289.96,54,not_as_described,good,donate
clothing,87.81,143,wrong_size,acceptable,refurbish
clothing,110.38,58,better_price_found,for_parts,recycle
electronics,280.14,41,better_price_found,good,refurbish
toys,63.07,126,better_price_found,acceptable,refurbish
books,8.72,61,not_as_described,like_new,peer_exchange
home,133.12,30,better_price_found,acceptable,recycle
clothing,126.58,18,wrong_size,good,refurbish
home,394.71,28,defective,good,refurbish
clothing,170.88,270,wrong_size,like_new,resell_as_is
clothing,34.9,123,wrong_size,very_good,resell_as_is
toys,69.59,146,better_price_found,good,refurbish
electronics,193.88,74,defective,like_new,resell_as_is
home,337.65,28,no_longer_needed,good,refurbish
home,477.24,4,not_as_described,good,refurbish
books,17.79,92,no_longer_needed,good,peer_exchange
electronics,56.93,17,defective,acceptable,refurbish
home,228.13,93,better_price_found,very_good,resell_as_is
home,411.39,64,not_as_described,very_good,donate
electronics,321.48,17,no_longer_needed,acceptable,refurbish
clothing,156.98,127,not_as_described,for_parts,recycle
electronics,160.12,67,not_as_described,very_good,resell_as_is
clothing,33.07,1,better_price_found,very_good,resell_as_is
home,428.9,61,defective,acceptable,refurbish
clothing,124.9,73,not_as_described,for_parts,recycle
books,31.41,24,no_longer_needed,like_new,resell_as_is
home,335.82,11,not_as_described,like_new,resell_as_is
electronics,530.3,57,not_as_described,very_good,resell_as_is
books,39.27,81,no_longer_needed,like_new,recycle
books,39.7,101,no_longer_needed,for_parts,recycle
electronics,572.81,47,no_longer_needed,like_new,resell_as_is
clothing,134.42,3,not_as_described,acceptable,refurbish
electronics,439.35,108,defective,very_good,resell_as_is
toys,41.05,1,no_longer_needed,good,refurbish
toys,63.94,42,not_as_described,acceptable,refurbish
clothing,33.26,86,not_as_described,good,refurbish
home,386.25,27,no_longer_needed,very_good,resell_as_is
electronics,449.91,210,better_price_found,very_good,resell_as_is
electronics,701.21,51,not_as_described,like_new,resell_as_is
clothing,63.76,26,wrong_size,good,refurbish
books,25.72,106,no_longer_needed,very_good,peer_exchange
clothing,71.51,275,wrong_size,acceptable,refurbish
clothing,10.48,29,wrong_size,good,peer_exchange
clothing,92.07,49,not_as_described,acceptable,refurbish
books,30.47,22,no_longer_needed,very_good,resell_as_is
electronics,737.86,52,better_price_found,like_new,resell_as_is
electronics,232.36,119,defective,good,refurbish
clothing,169.38,59,no_longer_needed,very_good,resell_as_is
home,219.57,34,better_price_found,good,refurbish
clothing,52.5,78,not_as_described,good,refurbish
electronics,639.27,178,better_price_found,very_good,resell_as_is
books,31.78,48,better_price_found,good,refurbish
electronics,74.15,1,better_price_found,good,refurbish
books,32.42,57,no_longer_needed,acceptable,refurbish
electronics,169.45,19,defective,good,refurbish
home,59.2,10,not_as_described,for_parts,recycle
toys,67.84,68,no_longer_needed,good,refurbish
clothing,83.35,36,not_as_described,like_new,resell_as_is
electronics,784.14,8,defective,acceptable,refurbish
electronics,319.7,8,defective,like_new,resell_as_is
books,31.37,56,not_as_described,very_good,resell_as_is
electronics,689.19,40,no_longer_needed,very_good,resell_as_is
home,395.72,16,better_price_found,like_new,peer_exchange
home,394.89,9,no_longer_needed,good,refurbish
home,476.23,7,wrong_size,for_parts,refurbish
home,104.83,14,defective,very_good,resell_as_is
toys,67.99,56,not_as_described,very_good,resell_as_is
toys,53.7,21,no_longer_needed,like_new,resell_as_is
books,10.62,226,better_price_found,for_parts,recycle
electronics,473.97,33,defective,good,refurbish
electronics,280.07,2,no_longer_needed,good,resell_as_is
electronics,480.17,90,no_longer_needed,like_new,resell_as_is
toys,59.65,40,wrong_size,good,refurbish
home,210.88,70,defective,like_new,resell_as_is
electronics,442.24,95,not_as_described,good,refurbish
clothing,78.77,23,no_longer_needed,very_good,recycle
clothing,139.99,3,defective,good,refurbish
toys,20.81,71,not_as_described,good,peer_exchange
electronics,615.6,5,not_as_described,acceptable,refurbish
home,95.9,97,not_as_described,good,refurbish
clothing,54.26,122,wrong_size,good,refurbish
home,109.91,10,defective,very_good,resell_as_is
home,188.16,166,no_longer_needed,for_parts,recycle
clothing,71.08,18,not_as_described,acceptable,refurbish
home,351.43,30,wrong_size,for_parts,recycle
toys,94.82,102,no_longer_needed,acceptable,refurbish
electronics,325.15,214,defective,acceptable,donate
electronics,705.58,6,not_as_described,acceptable,donate
clothing,89.23,101,no_longer_needed,acceptable,refurbish
electronics,154.27,82,no_longer_needed,for_parts,recycle
electronics,128.26,13,not_as_described,for_parts,recycle
clothing,137.94,5,no_longer_needed,good,refurbish
home,304.16,5,defective,very_good,resell_as_is
electronics,466.9,39,no_longer_needed,for_parts,recycle
clothing,171.04,60,wrong_size,very_good,resell_as_is
home,493.7,60,better_price_found,like_new,resell_as_is
toys,34.43,11,not_as_described,acceptable,peer_exchange
clothing,193.54,14,wrong_size,good,refurbish
clothing,112.94,184,wrong_size,very_good,resell_as_is
clothing,10.26,58,better_price_found,very_good,peer_exchange
electronics,491.37,36,not_as_described,good,refurbish
home,284.4,19,better_price_found,like_new,resell_as_is
clothing,109.28,21,wrong_size,like_new,resell_as_is
home,332.36,127,better_price_found,good,refurbish
electronics,680.15,102,defective,good,refurbish
electronics,295.06,25,defective,like_new,resell_as_is
clothing,174.52,27,defective,very_good,resell_as_is
toys,83.98,47,no_longer_needed,good,refurbish
electronics,335.37,249,defective,good,peer_exchange
clothing,66.51,142,defective,very_good,resell_as_is
home,24.42,43,no_longer_needed,like_new,refurbish
clothing,42.41,54,wrong_size,good,refurbish
electronics,731.74,68,not_as_described,very_good,resell_as_is
home,409.62,9,not_as_described,good,refurbish
home,63.27,14,wrong_size,very_good,resell_as_is
books,38.56,6,no_longer_needed,good,refurbish
electronics,109.83,18,no_longer_needed,good,refurbish
home,154.25,113,defective,like_new,resell_as_is
clothing,72.59,70,no_longer_needed,very_good,resell_as_is
clothing,134.1,14,better_price_found,good,refurbish
toys,91.47,9,defective,acceptable,refurbish
home,214.49,70,defective,for_parts,recycle
toys,47.63,158,not_as_described,acceptable,refurbish
home,343.62,7,not_as_described,acceptable,refurbish
home,342.72,16,defective,good,refurbish
toys,76.02,28,not_as_described,good,refurbish
electronics,355.52,124,defective,very_good,resell_as_is
electronics,714.7,29,defective,like_new,recycle
toys,30.59,17,better_price_found,like_new,resell_as_is
clothing,167.79,10,not_as_described,acceptable,refurbish
toys,80.19,64,not_as_described,like_new,resell_as_is
toys,75.78,2,no_longer_needed,good,refurbish
home,285.68,16,better_price_found,good,refurbish
clothing,185.17,132,defective,like_new,peer_exchange
toys,69.12,43,better_price_found,acceptable,refurbish
electronics,39.84,246,better_price_found,good,refurbish
home,265.93,30,not_as_described,good,refurbish
clothing,168.83,101,wrong_size,like_new,resell_as_is
clothing,134.93,10,wrong_size,like_new,resell_as_is
electronics,777.05,31,better_price_found,for_parts,recycle
clothing,157.99,11,wrong_size,acceptable,peer_exchange
toys,35.05,28,defective,acceptable,refurbish
clothing,184.85,99,wrong_size,acceptable,refurbish
electronics,663.67,48,no_longer_needed,good,refurbish
electronics,614.91,3,not_as_described,very_good,resell_as_is
clothing,96.28,34,no_longer_needed,good,refurbish
electronics,169.44,49,better_price_found,like_new,peer_exchange
toys,31.52,87,no_longer_needed,very_good,resell_as_is
clothing,67.88,91,better_price_found,acceptable,refurbish
electronics,49.03,135,better_price_found,like_new,resell_as_is
books,10.78,19,no_longer_needed,for_parts,recycle
home,181.19,65,defective,for_parts,recycle
home,439.94,1,better_price_found,very_good,resell_as_is
electronics,689.38,123,wrong_size,like_new,resell_as_is
electronics,504.32,58,no_longer_needed,good,refurbish
toys,29.05,19,defective,for_parts,recycle
electronics,569.36,32,better_price_found,very_good,resell_as_is
home,20.84,130,defective,good,refurbish
home,62.1,222,defective,good,refurbish
toys,63.57,18,better_price_found,very_good,recycle
clothing,136.61,67,wrong_size,very_good,resell_as_is
toys,8.92,92,defective,good,peer_exchange
home,43.36,33,not_as_described,like_new,resell_as_is
home,267.99,11,not_as_described,for_parts,recycle
electronics,799.17,53,defective,very_good,resell_as_is
electronics,49.08,97,no_longer_needed,very_good,recycle
books,20.24,95,not_as_described,acceptable,refurbish
electronics,363.48,63,no_longer_needed,very_good,resell_as_is
home,94.71,2,no_longer_needed,like_new,resell_as_is
clothing,124.67,70,wrong_size,acceptable,refurbish
clothing,143.58,159,not_as_described,good,refurbish
clothing,116.88,73,better_price_found,like_new,peer_exchange
electronics,505.51,24,not_as_described,very_good,resell_as_is
clothing,189.47,52,wrong_size,very_good,resell_as_is
home,38.9,73,not_as_described,very_good,resell_as_is
books,7.87,21,no_longer_needed,very_good,peer_exchange
electronics,254.76,163,defective,very_good,resell_as_is
clothing,163.65,13,no_longer_needed,acceptable,refurbish
electronics,36.88,55,no_longer_needed,good,refurbish
electronics,565.69,77,defective,like_new,resell_as_is
clothing,144.14,100,not_as_described,like_new,resell_as_is
toys,91.31,124,not_as_described,acceptable,refurbish
home,136.52,185,not_as_described,like_new,resell_as_is
home,227.29,6,no_longer_needed,acceptable,refurbish
electronics,558.02,1,defective,very_good,resell_as_is
clothing,12.14,27,defective,for_parts,recycle
electronics,164.41,11,no_longer_needed,like_new,resell_as_is
clothing,57.04,6,wrong_size,very_good,resell_as_is
toys,19.44,28,better_price_found,acceptable,refurbish
home,57.61,75,better_price_found,good,refurbish
electronics,514.35,54,no_longer_needed,like_new,resell_as_is
clothing,49.43,15,wrong_size,acceptable,refurbish
books,18.3,146,no_longer_needed,very_good,resell_as_is
clothing,74.07,11,wrong_size,good,refurbish
clothing,152.37,76,wrong_size,very_good,resell_as_is
electronics,607.17,3,defective,like_new,resell_as_is
electronics,538.41,3,no_longer_needed,for_parts,recycle
books,36.79,96,no_longer_needed,very_good,resell_as_is
toys,39.61,212,no_longer_needed,good,refurbish
books,22.74,3,no_longer_needed,for_parts,recycle
electronics,213.63,145,wrong_size,good,refurbish
clothing,68.33,15,no_longer_needed,very_good,resell_as_is
clothing,181.44,70,wrong_size,like_new,resell_as_is
books,19.55,18,no_longer_needed,good,peer_exchange
electronics,157.25,20,defective,for_parts,refurbish
clothing,65.15,37,wrong_size,good,refurbish
home,157.81,46,no_longer_needed,like_new,refurbish
toys,50.59,63,not_as_described,very_good,resell_as_is
electronics,623.74,53,no_longer_needed,acceptable,refurbish
clothing,12.48,39,wrong_size,good,peer_exchange
toys,56.12,147,wrong_size,good,refurbish
clothing,175.89,235,wrong_size,for_parts,recycle
toys,59.74,195,better_price_found,like_new,resell_as_is
electronics,466.24,98,no_longer_needed,acceptable,refurbish
electronics,184.26,82,defective,very_good,resell_as_is
electronics,185.9,10,better_price_found,very_good,resell_as_is
electronics,698.35,55,no_longer_needed,acceptable,refurbish
toys,61.86,75,not_as_described,for_parts,recycle
electronics,469.58,137,no_longer_needed,for_parts,recycle
clothing,106.37,16,wrong_size,good,refurbish
clothing,33.72,75,wrong_size,very_good,resell_as_is
electronics,740.26,21,better_price_found,good,refurbish
electronics,156.71,114,defective,acceptable,refurbish
home,455.21,240,not_as_described,very_good,resell_as_is
books,7.03,52,not_as_described,for_parts,recycle
clothing,136.39,166,no_longer_needed,very_good,resell_as_is
toys,75.69,70,no_longer_needed,very_good,resell_as_is
electronics,353.92,133,wrong_size,good,refurbish
electronics,674.09,72,defective,good,refurbish
electronics,643.81,28,no_longer_needed,very_good,resell_as_is
electronics,131.91,129,defective,like_new,resell_as_is
home,63.94,214,defective,acceptable,recycle
clothing,49.52,62,not_as_described,acceptable,refurbish
clothing,103.16,59,no_longer_needed,very_good,resell_as_is
clothing,197.79,54,wrong_size,good,refurbish
books,41.01,132,no_longer_needed,good,refurbish
clothing,80.6,107,no_longer_needed,for_parts,recycle
electronics,722.35,6,no_longer_needed,very_good,resell_as_is
toys,32.21,68,defective,like_new,resell_as_is
home,135.25,22,no_longer_needed,like_new,resell_as_is
toys,44.52,35,no_longer_needed,acceptable,refurbish
toys,14.57,242,better_price_found,acceptable,donate
books,14.94,95,not_as_described,acceptable,donate
electronics,718.35,52,no_longer_needed,very_good,resell_as_is
clothing,90.01,46,no_longer_needed,good,refurbish
clothing,116.83,155,no_longer_needed,very_good,resell_as_is
clothing,175.3,1,no_longer_needed,very_good,resell_as_is
electronics,719.34,146,defective,good,refurbish
home,337.71,22,defective,acceptable,refurbish
electronics,509.74,100,not_as_described,good,refurbish
home,325.42,205,defective,good,refurbish
electronics,542.02,149,defective,for_parts,recycle
clothing,39.2,58,not_as_described,good,refurbish
home,298.0,29,better_price_found,good,refurbish
clothing,159.7,7,no_longer_needed,very_good,resell_as_is
clothing,197.43,142,better_price_found,very_good,resell_as_is
clothing,144.49,15,no_longer_needed,for_parts,recycle
electronics,101.44,19,not_as_described,acceptable,refurbish
home,247.6,21,not_as_described,very_good,resell_as_is
electronics,590.16,12,better_price_found,acceptable,refurbish
clothing,59.25,88,wrong_size,acceptable,refurbish
clothing,30.69,56,wrong_size,acceptable,refurbish
electronics,397.36,37,no_longer_needed,good,resell_as_is
electronics,630.0,14,defective,good,refurbish
clothing,113.51,25,wrong_size,acceptable,refurbish
clothing,132.49,145,no_longer_needed,like_new,resell_as_is
toys,51.47,210,no_longer_needed,good,refurbish
home,126.46,7,wrong_size,very_good,resell_as_is
clothing,65.62,249,wrong_size,good,refurbish
clothing,19.18,50,no_longer_needed,very_good,peer_exchange
electronics,674.83,91,defective,very_good,resell_as_is
clothing,109.98,27,not_as_described,for_parts,recycle
home,211.09,41,not_as_described,for_parts,recycle
clothing,12.3,45,better_price_found,good,peer_exchange
electronics,296.67,151,better_price_found,for_parts,recycle
clothing,122.23,47,no_longer_needed,good,refurbish
electronics,227.24,109,better_price_found,good,refurbish
clothing,128.26,18,wrong_size,acceptable,refurbish
clothing,131.18,106,no_longer_needed,like_new,resell_as_is
clothing,146.49,28,not_as_described,good,refurbish
clothing,148.0,39,wrong_size,like_new,resell_as_is
books,40.34,23,no_longer_needed,very_good,resell_as_is
clothing,89.09,69,no_longer_needed,like_new,resell_as_is
clothing,127.48,5,not_as_described,good,refurbish
electronics,172.12,95,no_longer_needed,acceptable,refurbish
electronics,237.29,19,better_price_found,good,refurbish
clothing,175.66,113,better_price_found,very_good,resell_as_is
clothing,44.36,2,wrong_size,good,refurbish
electronics,736.05,26,not_as_described,very_good,resell_as_is
clothing,142.73,86,no_longer_needed,very_good,resell_as_is
home,479.59,34,better_price_found,acceptable,refurbish
electronics,407.97,46,defective,very_good,resell_as_is
clothing,45.47,44,wrong_size,good,refurbish
clothing,154.89,9,no_longer_needed,for_parts,peer_exchange
clothing,50.93,119,defective,good,refurbish
clothing,56.2,26,no_longer_needed,good,refurbish
books,7.46,73,no_longer_needed,acceptable,donate
home,229.35,10,no_longer_needed,good,resell_as_is
home,392.16,6,defective,for_parts,recycle
electronics,302.63,147,not_as_described,for_parts,recycle
electronics,406.26,58,not_as_described,very_good,resell_as_is
clothing,137.89,28,wrong_size,like_new,resell_as_is
toys,42.87,4,not_as_described,good,refurbish
clothing,140.74,60,wrong_size,very_good,resell_as_is
home,481.53,33,no_longer_needed,like_new,resell_as_is
home,320.08,10,wrong_size,acceptable,refurbish
electronics,166.25,7,no_longer_needed,good,refurbish
clothing,170.39,158,defective,good,refurbish
clothing,152.14,41,wrong_size,good,refurbish
books,39.62,20,not_as_described,acceptable,refurbish
home,227.88,38,not_as_described,acceptable,resell_as_is
home,320.57,39,no_longer_needed,for_parts,recycle
home,490.66,74,not_as_described,like_new,resell_as_is
clothing,161.47,35,better_price_found,very_good,resell_as_is
clothing,102.34,98,wrong_size,like_new,resell_as_is
clothing,161.46,208,wrong_size,good,refurbish
toys,94.72,75,no_longer_needed,very_good,resell_as_is
clothing,147.79,61,no_longer_needed,good,refurbish
electronics,146.82,11,better_price_found,like_new,resell_as_is
electronics,385.38,149,not_as_described,very_good,resell_as_is
toys,47.3,54,no_longer_needed,very_good,resell_as_is
home,363.35,20,no_longer_needed,acceptable,refurbish
electronics,257.06,119,defective,like_new,resell_as_is
clothing,88.75,36,no_longer_needed,very_good,resell_as_is
home,270.73,24,defective,good,refurbish
toys,53.23,44,not_as_described,acceptable,refurbish
clothing,173.79,55,not_as_described,good,refurbish
clothing,16.43,100,wrong_size,acceptable,resell_as_is
books,45.39,57,no_longer_needed,acceptable,refurbish
toys,25.49,36,better_price_found,for_parts,recycle
electronics,655.67,53,no_longer_needed,good,refurbish
electronics,456.13,11,defective,good,refurbish
clothing,35.07,174,wrong_size,very_good,resell_as_is
books,23.45,8,wrong_size,acceptable,refurbish
clothing,34.0,28,not_as_described,acceptable,peer_exchange
home,235.87,60,no_longer_needed,for_parts,recycle
toys,44.08,78,no_longer_needed,good,refurbish
clothing,33.96,41,not_as_described,very_good,resell_as_is
electronics,339.2,11,not_as_described,very_good,resell_as_is
electronics,61.94,91,no_longer_needed,very_good,resell_as_is
clothing,159.76,134,wrong_size,acceptable,refurbish
toys,31.12,161,defective,acceptable,refurbish
electronics,81.93,30,not_as_described,very_good,resell_as_is
clothing,87.92,36,no_longer_needed,good,refurbish
home,46.29,30,defective,good,refurbish
clothing,69.76,9,no_longer_needed,acceptable,refurbish
electronics,597.13,78,better_price_found,very_good,resell_as_is
electronics,512.37,26,no_longer_needed,acceptable,refurbish
clothing,32.31,33,wrong_size,very_good,resell_as_is
electronics,515.88,133,better_price_found,acceptable,refurbish
books,17.45,154,no_longer_needed,acceptable,recycle
clothing,131.11,58,wrong_size,good,refurbish
toys,61.37,6,no_longer_needed,like_new,resell_as_is
clothing,111.51,225,better_price_found,like_new,resell_as_is
books,15.7,84,better_price_found,good,peer_exchange
toys,89.28,76,not_as_described,acceptable,refurbish
clothing,107.85,352,no_longer_needed,acceptable,refurbish
clothing,172.62,51,no_longer_needed,good,refurbish
books,22.61,1,not_as_described,for_parts,recycle
home,172.76,73,no_longer_needed,very_good,resell_as_is
clothing,72.56,28,wrong_size,good,refurbish
books,22.74,37,no_longer_needed,acceptable,refurbish
toys,65.25,1,not_as_described,good,refurbish
clothing,72.93,5,wrong_size,acceptable,refurbish
electronics,109.46,29,no_longer_needed,acceptable,resell_as_is
electronics,342.35,89,better_price_found,for_parts,recycle
electronics,733.29,127,not_as_described,very_good,resell_as_is
home,141.51,2,defective,good,refurbish
home,66.74,150,better_price_found,for_parts,recycle
electronics,361.75,9,better_price_found,very_good,resell_as_is
home,461.5,85,no_longer_needed,good,refurbish
electronics,709.46,48,defective,for_parts,recycle
books,43.56,102,defective,very_good,resell_as_is
books,25.61,35,not_as_described,for_parts,recycle
electronics,535.37,17,better_price_found,like_new,peer_exchange
clothing,41.04,41,defective,acceptable,donate
electronics,178.67,21,no_longer_needed,for_parts,recycle
electronics,194.57,80,no_longer_needed,for_parts,resell_as_is
electronics,714.0,52,better_price_found,like_new,resell_as_is
home,290.23,44,wrong_size,for_parts,recycle
electronics,36.34,4,not_as_described,good,refurbish
clothing,111.03,44,wrong_size,very_good,resell_as_is
electronics,776.31,34,not_as_described,acceptable,refurbish
clothing,161.56,8,not_as_described,very_good,resell_as_is
electronics,622.32,16,better_price_found,acceptable,refurbish
clothing,143.29,6,wrong_size,like_new,resell_as_is
electronics,236.54,63,wrong_size,very_good,resell_as_is
home,163.19,3,not_as_described,very_good,resell_as_is
home,487.45,114,not_as_described,good,refurbish
clothing,21.68,39,wrong_size,acceptable,refurbish
toys,65.85,97,not_as_described,very_good,resell_as_is
home,332.81,18,no_longer_needed,acceptable,refurbish
home,205.94,8,no_longer_needed,very_good,resell_as_is
home,374.93,18,better_price_found,very_good,resell_as_is
home,205.37,9,not_as_described,very_good,resell_as_is
clothing,66.05,85,wrong_size,good,refurbish
home,318.18,97,defective,very_good,resell_as_is
electronics,100.35,50,not_as_described,acceptable,refurbish
clothing,198.35,46,not_as_described,for_parts,recycle
clothing,130.64,40,no_longer_needed,for_parts,recycle
books,34.47,20,better_price_found,good,refurbish
toys,47.16,47,better_price_found,for_parts,recycle
clothing,113.68,20,defective,for_parts,recycle
electronics,110.88,155,no_longer_needed,good,refurbish
clothing,160.64,56,not_as_described,very_good,resell_as_is
electronics,759.48,176,no_longer_needed,for_parts,recycle
electronics,612.96,24,not_as_described,very_good,resell_as_is
home,68.65,7,no_longer_needed,acceptable,refurbish
electronics,355.99,86,no_longer_needed,like_new,resell_as_is
electronics,191.9,37,defective,for_parts,recycle
clothing,103.76,1,wrong_size,very_good,resell_as_is
home,347.95,51,not_as_described,acceptable,refurbish
clothing,129.57,71,wrong_size,like_new,donate
clothing,44.9,16,wrong_size,like_new,resell_as_is
home,256.88,96,defective,acceptable,refurbish
electronics,774.76,17,no_longer_needed,very_good,resell_as_is
clothing,78.61,76,not_as_described,good,refurbish
toys,95.9,128,not_as_described,very_good,resell_as_is
toys,22.04,28,defective,very_good,peer_exchange
home,51.88,51,no_longer_needed,acceptable,refurbish
toys,78.85,1,no_longer_needed,acceptable,refurbish
electronics,472.33,88,defective,good,refurbish
clothing,83.07,22,no_longer_needed,acceptable,refurbish
clothing,141.42,100,not_as_described,good,refurbish
home,71.06,50,not_as_described,acceptable,donate
clothing,185.11,5,no_longer_needed,acceptable,refurbish
home,200.55,49,not_as_described,very_good,resell_as_is
electronics,448.08,142,better_price_found,like_new,refurbish
clothing,28.03,30,not_as_described,good,peer_exchange
clothing,144.23,106,wrong_size,like_new,resell_as_is
electronics,384.54,11,not_as_described,very_good,resell_as_is
electronics,452.7,12,wrong_size,acceptable,refurbish
electronics,537.98,57,not_as_described,good,refurbish
electronics,330.68,24,no_longer_needed,for_parts,recycle
home,493.59,72,no_longer_needed,for_parts,donate
toys,89.31,111,better_price_found,good,refurbish
home,481.47,108,defective,like_new,resell_as_is
home,167.24,73,better_price_found,good,refurbish
toys,51.45,32,not_as_described,good,refurbish
clothing,71.6,82,wrong_size,very_good,resell_as_is
books,15.85,13,no_longer_needed,good,peer_exchange
electronics,91.59,91,not_as_described,acceptable,refurbish
home,468.08,11,not_as_described,like_new,resell_as_is
electronics,166.51,164,not_as_described,acceptable,refurbish
clothing,16.1,39,not_as_described,like_new,peer_exchange
clothing,95.97,47,better_price_found,like_new,resell_as_is
clothing,23.09,61,wrong_size,like_new,peer_exchange
books,9.69,38,not_as_described,very_good,peer_exchange
clothing,55.18,7,no_longer_needed,good,refurbish
clothing,22.99,53,wrong_size,like_new,peer_exchange
clothing,163.22,12,wrong_size,good,refurbish
electronics,241.9,19,defective,very_good,donate
clothing,155.09,52,no_longer_needed,like_new,resell_as_is
home,342.86,72,no_longer_needed,good,resell_as_is
clothing,102.35,55,better_price_found,very_good,resell_as_is
books,47.38,41,defective,good,refurbish
books,36.87,17,better_price_found,good,refurbish
toys,8.3,8,no_longer_needed,for_parts,recycle
clothing,43.02,11,no_longer_needed,good,refurbish
clothing,147.78,118,wrong_size,very_good,resell_as_is
toys,40.03,20,defective,very_good,resell_as_is
clothing,63.36,58,wrong_size,like_new,resell_as_is
clothing,61.59,106,wrong_size,very_good,resell_as_is
books,23.83,31,no_longer_needed,very_good,peer_exchange
electronics,662.09,20,better_price_found,very_good,resell_as_is
clothing,56.75,16,no_longer_needed,very_good,resell_as_is
electronics,769.83,17,defective,for_parts,recycle
electronics,694.49,18,defective,acceptable,refurbish
clothing,27.13,14,no_longer_needed,for_parts,recycle
books,15.26,69,defective,good,peer_exchange
toys,34.66,31,better_price_found,good,refurbish
clothing,169.6,35,wrong_size,very_good,resell_as_is
electronics,338.59,63,defective,very_good,resell_as_is
electronics,606.36,111,defective,very_good,resell_as_is
home,69.99,15,no_longer_needed,good,refurbish
toys,46.66,129,no_longer_needed,like_new,resell_as_is
clothing,52.77,21,not_as_described,good,refurbish
books,14.26,90,wrong_size,like_new,peer_exchange
clothing,46.99,28,wrong_size,very_good,resell_as_is
toys,71.09,51,no_longer_needed,acceptable,refurbish
electronics,262.03,26,defective,very_good,resell_as_is
home,17.23,22,no_longer_needed,like_new,peer_exchange
clothing,107.33,31,better_price_found,acceptable,refurbish
clothing,140.85,10,wrong_size,for_parts,recycle
electronics,115.77,44,not_as_described,very_good,resell_as_is
electronics,133.21,48,defective,acceptable,refurbish
home,204.73,31,no_longer_needed,good,refurbish
clothing,122.65,86,not_as_described,good,refurbish
toys,42.66,52,defective,very_good,resell_as_is
books,28.1,79,wrong_size,good,peer_exchange
electronics,44.59,35,no_longer_needed,good,refurbish
home,138.38,84,defective,very_good,resell_as_is
books,40.62,77,no_longer_needed,like_new,resell_as_is
books,43.58,182,defective,good,refurbish
home,327.27,89,not_as_described,very_good,resell_as_is
electronics,293.25,6,defective,good,refurbish
books,16.37,9,not_as_described,for_parts,recycle
electronics,675.78,31,better_price_found,very_good,resell_as_is
clothing,179.6,122,not_as_described,very_good,resell_as_is
toys,63.92,92,not_as_described,good,refurbish
home,427.96,43,not_as_described,very_good,resell_as_is
toys,37.08,97,no_longer_needed,acceptable,refurbish
home,450.51,12,no_longer_needed,acceptable,refurbish
home,392.56,107,not_as_described,good,refurbish
home,239.54,55,not_as_described,very_good,resell_as_is
electronics,502.1,114,defective,like_new,resell_as_is
home,91.49,20,defective,very_good,resell_as_is
clothing,148.42,57,wrong_size,good,refurbish
toys,34.62,78,no_longer_needed,very_good,resell_as_is
clothing,138.99,10,wrong_size,good,refurbish
clothing,81.06,62,defective,like_new,resell_as_is
clothing,74.92,6,wrong_size,very_good,resell_as_is
clothing,17.99,9,wrong_size,good,peer_exchange
clothing,80.31,98,wrong_size,good,refurbish
clothing,160.71,66,defective,good,refurbish
home,453.92,12,not_as_described,for_parts,recycle
toys,16.93,140,not_as_described,like_new,peer_exchange
clothing,14.23,9,not_as_described,for_parts,recycle
clothing,44.32,82,wrong_size,very_good,resell_as_is
clothing,175.9,43,wrong_size,good,refurbish
electronics,76.71,13,no_longer_needed,good,refurbish
electronics,279.14,203,defective,for_parts,recycle
electronics,384.5,179,not_as_described,acceptable,refurbish
clothing,170.33,153,defective,good,refurbish
clothing,125.55,16,not_as_described,acceptable,refurbish
books,43.47,127,no_longer_needed,very_good,resell_as_is
home,117.12,81,not_as_described,like_new,resell_as_is
electronics,31.16,133,not_as_described,good,refurbish
clothing,42.09,83,no_longer_needed,acceptable,refurbish
clothing,163.66,9,wrong_size,acceptable,refurbish
clothing,30.85,44,wrong_size,good,refurbish
clothing,148.15,90,not_as_described,very_good,resell_as_is
electronics,372.31,212,no_longer_needed,very_good,resell_as_is
electronics,162.28,41,defective,very_good,resell_as_is
home,285.68,111,defective,acceptable,refurbish
clothing,61.98,30,defective,like_new,resell_as_is
electronics,397.1,29,not_as_described,acceptable,refurbish
electronics,326.73,103,defective,good,refurbish
home,68.93,112,better_price_found,acceptable,refurbish
toys,97.11,165,not_as_described,acceptable,refurbish
electronics,437.7,83,better_price_found,acceptable,refurbish
clothing,100.87,138,wrong_size,acceptable,refurbish
toys,50.04,65,better_price_found,acceptable,refurbish
books,20.07,74,no_longer_needed,for_parts,recycle
home,38.65,38,defective,acceptable,refurbish
electronics,268.26,73,no_longer_needed,good,refurbish
books,23.77,24,no_longer_needed,acceptable,refurbish
home,24.29,157,no_longer_needed,very_good,refurbish
electronics,656.6,88,no_longer_needed,like_new,resell_as_is
clothing,60.53,35,wrong_size,very_good,resell_as_is
books,22.33,71,not_as_described,good,peer_exchange
electronics,228.69,9,not_as_described,good,donate
clothing,97.96,174,wrong_size,acceptable,refurbish
electronics,420.95,46,no_longer_needed,very_good,resell_as_is
toys,85.31,144,no_longer_needed,for_parts,recycle
home,369.96,35,defective,good,peer_exchange
electronics,577.2,46,no_longer_needed,good,refurbish
toys,75.37,90,defective,very_good,resell_as_is
home,287.3,28,wrong_size,very_good,resell_as_is
electronics,155.05,43,not_as_described,very_good,resell_as_is
toys,51.53,117,better_price_found,like_new,refurbish
clothing,90.92,24,not_as_described,like_new,resell_as_is
electronics,735.34,7,defective,very_good,resell_as_is
electronics,518.92,123,no_longer_needed,very_good,resell_as_is
books,24.53,52,better_price_found,for_parts,recycle
books,18.59,28,not_as_described,very_good,peer_exchange
clothing,53.92,31,wrong_size,for_parts,recycle
clothing,183.64,26,not_as_described,for_parts,recycle
home,158.52,19,not_as_described,for_parts,recycle
toys,92.12,18,not_as_described,good,refurbish
electronics,795.08,84,not_as_described,good,resell_as_is
toys,55.17,49,not_as_described,like_new,resell_as_is
electronics,644.95,48,defective,good,refurbish
electronics,690.75,174,defective,acceptable,refurbish
clothing,140.99,19,wrong_size,very_good,resell_as_is
electronics,270.63,39,no_longer_needed,very_good,resell_as_is
electronics,715.12,14,better_price_found,good,refurbish
clothing,43.76,48,not_as_described,good,refurbish
electronics,508.84,163,better_price_found,good,refurbish
toys,57.89,17,defective,like_new,resell_as_is
electronics,367.14,268,no_longer_needed,acceptable,refurbish
clothing,64.38,135,wrong_size,good,refurbish
clothing,167.75,16,wrong_size,acceptable,refurbish
clothing,15.59,84,better_price_found,good,peer_exchange
clothing,54.02,1,not_as_described,good,refurbish
home,494.16,43,not_as_described,very_good,resell_as_is
books,6.91,229,better_price_found,good,peer_exchange
electronics,235.66,4,not_as_described,like_new,resell_as_is
clothing,47.88,48,better_price_found,good,refurbish
home,372.68,134,defective,acceptable,refurbish
toys,33.86,157,better_price_found,like_new,resell_as_is
electronics,190.48,36,better_price_found,good,refurbish
home,484.62,92,defective,very_good,peer_exchange
electronics,220.78,132,defective,good,refurbish
electronics,303.03,32,better_price_found,very_good,resell_as_is
home,383.09,97,better_price_found,acceptable,refurbish
books,27.89,20,no_longer_needed,very_good,peer_exchange
electronics,69.28,132,better_price_found,good,refurbish
electronics,723.31,43,defective,like_new,resell_as_is
electronics,261.25,4,defective,very_good,resell_as_is
electronics,206.57,70,no_longer_needed,very_good,resell_as_is
clothing,47.43,24,not_as_described,very_good,resell_as_is
electronics,566.77,26,not_as_described,good,refurbish
electronics,672.04,77,defective,for_parts,recycle
clothing,39.93,46,wrong_size,good,refurbish
home,108.31,104,not_as_described,good,refurbish
home,164.39,30,not_as_described,good,refurbish
home,296.2,10,not_as_described,very_good,resell_as_is
clothing,106.28,85,wrong_size,for_parts,recycle
clothing,140.18,99,wrong_size,acceptable,refurbish
home,31.59,106,no_longer_needed,good,refurbish
toys,47.66,5,no_longer_needed,like_new,resell_as_is
clothing,68.83,70,no_longer_needed,good,refurbish
electronics,675.29,106,defective,very_good,resell_as_is
books,42.42,25,no_longer_needed,like_new,resell_as_is
toys,22.61,177,better_price_found,for_parts,recycle
electronics,33.16,78,no_longer_needed,very_good,resell_as_is
clothing,35.65,33,wrong_size,very_good,resell_as_is
books,40.66,36,no_longer_needed,good,refurbish
home,346.5,58,no_longer_needed,good,refurbish
books,12.3,130,no_longer_needed,like_new,peer_exchange
clothing,164.94,34,not_as_described,very_good,resell_as_is
clothing,125.29,65,not_as_described,for_parts,recycle
toys,18.85,4,not_as_described,like_new,peer_exchange
clothing,119.26,83,better_price_found,acceptable,refurbish
clothing,58.61,12,not_as_described,good,refurbish
home,370.46,2,not_as_described,acceptable,refurbish
clothing,58.2,17,wrong_size,acceptable,peer_exchange
electronics,629.48,3,defective,good,refurbish
clothing,62.29,96,better_price_found,very_good,peer_exchange
home,333.5,39,defective,like_new,resell_as_is
home,480.81,34,not_as_described,good,refurbish
home,371.06,93,no_longer_needed,good,refurbish
home,221.93,36,no_longer_needed,good,refurbish
clothing,169.39,45,not_as_described,acceptable,refurbish
books,7.94,36,no_longer_needed,very_good,peer_exchange
books,25.94,9,wrong_size,good,recycle
home,182.12,23,defective,good,refurbish
toys,22.21,147,not_as_described,very_good,peer_exchange
home,347.48,38,defective,for_parts,recycle
clothing,126.6,36,wrong_size,like_new,resell_as_is
books,5.77,53,better_price_found,very_good,peer_exchange
home,138.72,13,not_as_described,very_good,resell_as_is
home,211.89,46,better_price_found,like_new,resell_as_is
toys,96.07,12,defective,good,donate
electronics,766.05,74,defective,very_good,resell_as_is
electronics,797.71,20,defective,good,refurbish
toys,81.79,34,no_longer_needed,acceptable,refurbish
clothing,49.92,21,no_longer_needed,very_good,resell_as_is
books,6.44,55,better_price_found,good,peer_exchange
clothing,146.32,44,wrong_size,like_new,resell_as_is
clothing,159.11,63,not_as_described,for_parts,recycle
home,46.93,63,better_price_found,acceptable,refurbish
books,10.23,37,no_longer_needed,very_good,recycle
home,77.55,29,better_price_found,good,refurbish
toys,59.5,55,not_as_described,very_good,resell_as_is
clothing,116.23,20,wrong_size,good,refurbish
books,18.66,55,not_as_described,very_good,peer_exchange
toys,44.02,104,defective,like_new,resell_as_is
clothing,105.71,20,wrong_size,good,refurbish
electronics,744.75,20,not_as_described,like_new,resell_as_is
electronics,57.42,204,no_longer_needed,acceptable,resell_as_is
toys,49.6,16,defective,very_good,resell_as_is
electronics,120.66,7,not_as_described,very_good,resell_as_is
clothing,154.65,25,not_as_described,like_new,resell_as_is
clothing,199.53,231,no_longer_needed,like_new,resell_as_is
electronics,718.21,94,better_price_found,good,refurbish
clothing,83.43,38,not_as_described,for_parts,recycle
books,43.83,44,no_longer_needed,good,refurbish
electronics,314.69,308,defective,good,refurbish
home,291.33,74,not_as_described,like_new,resell_as_is
clothing,136.42,46,wrong_size,for_parts,recycle
electronics,785.69,81,not_as_described,good,refurbish
clothing,24.0,48,not_as_described,acceptable,refurbish
electronics,712.97,52,not_as_described,very_good,resell_as_is
toys,79.3,170,not_as_described,acceptable,refurbish
electronics,541.66,70,defective,like_new,resell_as_is
clothing,41.84,13,wrong_size,for_parts,recycle
clothing,190.8,63,defective,good,refurbish
electronics,321.57,46,not_as_described,acceptable,refurbish
home,295.37,196,not_as_described,for_parts,recycle
home,332.44,6,better_price_found,like_new,resell_as_is
clothing,91.67,57,better_price_found,good,refurbish
clothing,40.51,13,no_longer_needed,like_new,resell_as_is
electronics,357.91,84,not_as_described,very_good,resell_as_is
clothing,23.22,53,not_as_described,like_new,peer_exchange
clothing,73.43,49,wrong_size,good,refurbish
electronics,502.91,43,defective,acceptable,refurbish
clothing,136.86,98,better_price_found,good,refurbish
electronics,433.58,15,defective,good,refurbish
clothing,137.32,41,defective,very_good,resell_as_is
clothing,132.78,8,wrong_size,good,refurbish
clothing,38.96,32,no_longer_needed,acceptable,refurbish
electronics,542.92,17,defective,very_good,resell_as_is
home,311.74,67,defective,good,refurbish
home,399.05,21,no_longer_needed,good,refurbish
clothing,190.24,12,not_as_described,good,refurbish
electronics,643.33,11,defective,for_parts,recycle
clothing,122.28,46,no_longer_needed,acceptable,refurbish
electronics,519.37,3,defective,acceptable,resell_as_is
clothing,183.44,22,not_as_described,acceptable,refurbish
books,37.57,153,no_longer_needed,like_new,resell_as_is
home,233.46,19,wrong_size,very_good,resell_as_is
electronics,285.89,2,no_longer_needed,acceptable,refurbish
electronics,189.75,35,not_as_described,good,refurbish
toys,17.86,9,not_as_described,good,peer_exchange
home,80.85,98,no_longer_needed,for_parts,recycle
home,109.68,88,defective,good,donate
toys,32.53,166,better_price_found,acceptable,refurbish
home,133.38,13,better_price_found,acceptable,refurbish
home,232.06,11,not_as_described,very_good,donate
toys,20.45,107,not_as_described,good,peer_exchange
toys,91.81,6,not_as_described,acceptable,refurbish
electronics,370.91,107,no_longer_needed,good,refurbish
clothing,183.4,54,defective,acceptable,refurbish
home,471.19,18,no_longer_needed,acceptable,refurbish
electronics,234.96,51,not_as_described,acceptable,refurbish
books,24.44,3,wrong_size,good,peer_exchange
clothing,160.1,29,better_price_found,for_parts,resell_as_is
home,258.51,53,no_longer_needed,for_parts,recycle
electronics,519.01,5,no_longer_needed,acceptable,refurbish
electronics,559.94,25,defective,good,refurbish
home,253.3,56,defective,acceptable,refurbish
toys,98.11,27,better_price_found,for_parts,recycle
clothing,153.13,19,not_as_described,like_new,resell_as_is
toys,29.63,91,not_as_described,acceptable,refurbish
electronics,485.76,118,not_as_described,acceptable,refurbish
clothing,184.54,50,wrong_size,very_good,resell_as_is
home,317.47,78,no_longer_needed,good,refurbish
toys,97.06,33,no_longer_needed,very_good,resell_as_is
home,226.55,12,no_longer_needed,for_parts,recycle
clothing,101.13,10,no_longer_needed,for_parts,recycle
home,17.22,32,not_as_described,acceptable,donate
clothing,85.57,35,not_as_described,acceptable,refurbish
books,9.21,3,no_longer_needed,like_new,peer_exchange
books,15.87,74,no_longer_needed,like_new,peer_exchange
books,23.43,58,better_price_found,acceptable,refurbish
home,258.42,83,not_as_described,like_new,resell_as_is
clothing,108.41,127,no_longer_needed,good,refurbish
clothing,108.72,181,not_as_described,very_good,resell_as_is
home,325.29,53,defective,like_new,resell_as_is
clothing,21.74,102,wrong_size,for_parts,recycle
electronics,396.21,13,better_price_found,like_new,resell_as_is
toys,43.37,6,not_as_described,good,refurbish
clothing,168.91,124,wrong_size,very_good,resell_as_is
clothing,78.59,112,no_longer_needed,like_new,resell_as_is
electronics,218.93,12,defective,good,refurbish
electronics,792.33,33,defective,like_new,resell_as_is
toys,60.62,179,not_as_described,good,refurbish
home,193.29,120,wrong_size,good,refurbish
home,148.89,34,not_as_described,good,refurbish
home,180.67,451,no_longer_needed,very_good,resell_as_is
clothing,95.95,115,no_longer_needed,acceptable,refurbish
clothing,63.82,7,not_as_described,like_new,resell_as_is
home,407.97,10,no_longer_needed,for_parts,recycle
home,336.15,33,no_longer_needed,acceptable,refurbish
home,232.65,8,not_as_described,very_good,resell_as_is
electronics,318.58,100,not_as_described,like_new,resell_as_is
clothing,100.73,32,better_price_found,like_new,resell_as_is
books,48.17,12,no_longer_needed,like_new,resell_as_is
electronics,673.56,8,not_as_described,good,refurbish
home,154.6,17,defective,acceptable,refurbish
home,34.81,87,no_longer_needed,for_parts,recycle
clothing,82.49,12,no_longer_needed,acceptable,refurbish
electronics,80.06,146,defective,very_good,resell_as_is
clothing,145.67,123,wrong_size,good,refurbish
toys,35.5,1,no_longer_needed,very_good,recycle
home,238.44,68,not_as_described,good,refurbish
home,111.82,19,not_as_described,good,refurbish
clothing,40.88,18,wrong_size,acceptable,refurbish
home,216.87,133,better_price_found,good,refurbish
clothing,187.58,107,better_price_found,good,refurbish
clothing,59.23,27,no_longer_needed,like_new,resell_as_is
clothing,83.47,130,no_longer_needed,good,refurbish
clothing,87.58,27,wrong_size,good,refurbish
home,169.81,34,defective,for_parts,recycle
electronics,442.16,123,no_longer_needed,acceptable,refurbish
home,386.65,51,better_price_found,very_good,resell_as_is
books,33.14,1,no_longer_needed,acceptable,recycle
clothing,191.1,27,no_longer_needed,acceptable,refurbish
toys,8.71,6,no_longer_needed,very_good,peer_exchange
electronics,649.44,9,defective,for_parts,refurbish
toys,28.01,256,no_longer_needed,acceptable,peer_exchange
electronics,236.78,44,no_longer_needed,very_good,resell_as_is
electronics,296.18,10,defective,like_new,resell_as_is
electronics,661.08,35,no_longer_needed,like_new,resell_as_is
clothing,28.09,144,not_as_described,very_good,peer_exchange
clothing,143.11,57,wrong_size,very_good,resell_as_is
clothing,108.17,76,not_as_described,very_good,resell_as_is
electronics,475.92,180,not_as_described,good,refurbish
books,21.82,73,not_as_described,like_new,peer_exchange
clothing,175.96,121,not_as_described,like_new,resell_as_is
home,64.18,73,wrong_size,good,refurbish
clothing,167.53,92,not_as_described,good,refurbish
books,34.19,96,no_longer_needed,very_good,resell_as_is
electronics,730.77,15,not_as_described,good,refurbish
books,42.04,29,wrong_size,good,refurbish
home,400.5,35,no_longer_needed,acceptable,refurbish
clothing,157.91,41,wrong_size,very_good,resell_as_is
electronics,27.97,118,not_as_described,very_good,refurbish
clothing,24.04,20,no_longer_needed,acceptable,refurbish
clothing,59.2,39,not_as_described,acceptable,refurbish
books,20.56,42,no_longer_needed,good,peer_exchange
electronics,357.08,20,defective,very_good,resell_as_is
electronics,161.23,49,better_price_found,acceptable,refurbish
clothing,87.89,79,wrong_size,like_new,resell_as_is
clothing,138.35,49,wrong_size,for_parts,recycle
clothing,188.07,7,no_longer_needed,very_good,resell_as_is
toys,55.63,2,wrong_size,very_good,resell_as_is
clothing,73.55,93,wrong_size,acceptable,refurbish
electronics,111.53,183,not_as_described,very_good,resell_as_is
home,169.62,78,defective,like_new,resell_as_is
electronics,753.58,1,no_longer_needed,very_good,resell_as_is
electronics,763.34,7,no_longer_needed,good,refurbish
clothing,169.86,14,no_longer_needed,good,refurbish
home,65.53,33,defective,very_good,resell_as_is
books,42.71,1,no_longer_needed,very_good,resell_as_is
electronics,604.8,181,defective,very_good,resell_as_is
toys,8.86,53,better_price_found,very_good,peer_exchange
electronics,655.38,20,better_price_found,for_parts,recycle
clothing,155.65,9,wrong_size,like_new,resell_as_is
books,47.58,70,no_longer_needed,acceptable,refurbish
clothing,30.86,38,not_as_described,good,refurbish
toys,44.47,8,defective,very_good,resell_as_is
books,24.71,51,not_as_described,good,peer_exchange
home,54.38,119,defective,good,refurbish
home,32.32,56,no_longer_needed,very_good,resell_as_is
electronics,715.53,29,no_longer_needed,good,refurbish
clothing,110.64,113,better_price_found,like_new,resell_as_is
home,270.95,172,wrong_size,good,refurbish
electronics,586.18,6,not_as_described,good,refurbish
electronics,766.48,148,better_price_found,for_parts,recycle
electronics,46.69,134,no_longer_needed,good,refurbish
clothing,34.65,12,wrong_size,very_good,resell_as_is
home,107.76,78,not_as_described,for_parts,recycle
toys,39.5,8,no_longer_needed,like_new,resell_as_is
clothing,103.3,180,wrong_size,for_parts,recycle
electronics,444.94,111,no_longer_needed,acceptable,refurbish
electronics,146.16,26,better_price_found,for_parts,recycle
home,295.82,4,not_as_described,good,refurbish
clothing,187.43,37,wrong_size,very_good,resell_as_is
home,374.96,21,not_as_described,very_good,resell_as_is
home,174.73,24,defective,good,refurbish
books,41.2,59,no_longer_needed,acceptable,refurbish
home,339.95,7,better_price_found,acceptable,refurbish
electronics,330.99,6,defective,good,refurbish
clothing,128.45,11,wrong_size,for_parts,recycle
clothing,57.82,29,wrong_size,very_good,resell_as_is
home,54.17,13,no_longer_needed,for_parts,recycle
books,14.52,21,better_price_found,acceptable,donate
clothing,52.57,115,wrong_size,good,refurbish
home,139.97,20,defective,good,refurbish
electronics,197.58,1,better_price_found,acceptable,refurbish
toys,70.3,84,no_longer_needed,acceptable,refurbish
clothing,171.38,2,wrong_size,very_good,resell_as_is
electronics,506.98,21,defective,for_parts,recycle
electronics,301.54,82,no_longer_needed,very_good,resell_as_is
home,430.56,10,defective,very_good,recycle
electronics,82.88,4,not_as_described,like_new,resell_as_is
electronics,752.59,40,not_as_described,acceptable,refurbish
home,468.55,33,no_longer_needed,very_good,resell_as_is
clothing,64.96,68,wrong_size,very_good,resell_as_is
home,446.35,68,no_longer_needed,good,donate
home,134.96,75,not_as_described,very_good,resell_as_is
clothing,53.7,85,no_longer_needed,acceptable,refurbish
electronics,675.52,24,no_longer_needed,acceptable,refurbish
clothing,188.22,65,not_as_described,good,peer_exchange
clothing,60.13,50,defective,good,refurbish
home,428.91,14,not_as_described,good,refurbish
clothing,82.41,64,defective,for_parts,recycle
clothing,132.51,4,not_as_described,acceptable,refurbish
electronics,733.76,34,no_longer_needed,like_new,resell_as_is
books,22.44,56,not_as_described,good,peer_exchange
clothing,181.37,140,better_price_found,acceptable,resell_as_is
electronics,63.2,26,no_longer_needed,good,recycle
clothing,144.23,116,better_price_found,for_parts,recycle
books,5.03,26,defective,acceptable,donate
clothing,79.79,248,not_as_described,good,refurbish
home,477.95,28,defective,very_good,refurbish
books,12.31,93,no_longer_needed,very_good,peer_exchange
clothing,154.39,110,wrong_size,good,refurbish
home,86.78,45,better_price_found,very_good,resell_as_is
books,9.02,118,no_longer_needed,like_new,peer_exchange
electronics,92.06,71,defective,for_parts,recycle
clothing,92.51,71,defective,like_new,resell_as_is
clothing,24.06,46,not_as_described,very_good,peer_exchange
home,330.42,33,better_price_found,very_good,resell_as_is
clothing,151.51,3,wrong_size,acceptable,refurbish
clothing,125.43,73,wrong_size,very_good,resell_as_is
clothing,84.12,98,not_as_described,very_good,resell_as_is
clothing,173.38,4,wrong_size,acceptable,refurbish
home,118.55,56,not_as_described,like_new,resell_as_is
home,344.93,61,not_as_described,good,refurbish
home,332.62,54,defective,very_good,resell_as_is
toys,77.86,49,not_as_described,like_new,resell_as_is
books,9.98,96,no_longer_needed,very_good,peer_exchange
home,393.31,5,not_as_described,very_good,resell_as_is
clothing,63.77,36,wrong_size,acceptable,refurbish
home,117.13,24,wrong_size,like_new,resell_as_is
electronics,490.05,377,defective,acceptable,refurbish
home,326.93,140,defective,very_good,peer_exchange
home,40.58,66,defective,like_new,resell_as_is
home,40.62,2,defective,for_parts,recycle
electronics,257.13,177,defective,like_new,recycle
home,119.02,3,better_price_found,good,refurbish
clothing,154.09,14,no_longer_needed,very_good,recycle
clothing,46.66,10,no_longer_needed,good,refurbish
home,109.04,43,not_as_described,good,refurbish
toys,82.79,141,wrong_size,like_new,recycle
clothing,131.99,42,better_price_found,for_parts,recycle
books,26.68,37,better_price_found,like_new,peer_exchange
home,439.5,312,not_as_described,like_new,resell_as_is
clothing,29.68,102,wrong_size,for_parts,recycle
electronics,391.31,38,not_as_described,good,refurbish
books,13.08,87,not_as_described,very_good,peer_exchange
clothing,198.21,10,defective,acceptable,refurbish
clothing,134.53,20,wrong_size,very_good,resell_as_is
clothing,193.31,43,wrong_size,very_good,resell_as_is
clothing,124.76,85,no_longer_needed,like_new,resell_as_is
clothing,84.42,47,not_as_described,like_new,resell_as_is
clothing,76.58,6,wrong_size,very_good,resell_as_is
books,14.27,33,no_longer_needed,acceptable,recycle
electronics,205.08,3,defective,good,resell_as_is
electronics,641.8,42,no_longer_needed,very_good,resell_as_is
clothing,68.53,64,wrong_size,good,refurbish
electronics,720.02,5,defective,good,refurbish
electronics,643.15,218,defective,acceptable,refurbish
toys,24.2,95,defective,acceptable,refurbish
clothing,46.19,102,not_as_described,very_good,resell_as_is
books,20.25,6,better_price_found,very_good,peer_exchange
electronics,719.99,15,no_longer_needed,acceptable,donate
home,256.2,52,not_as_described,acceptable,refurbish
clothing,173.71,7,wrong_size,good,refurbish
electronics,282.92,157,better_price_found,acceptable,refurbish
books,27.74,59,not_as_described,acceptable,refurbish
clothing,131.0,17,wrong_size,very_good,resell_as_is
electronics,634.11,72,no_longer_needed,good,refurbish
electronics,258.37,69,better_price_found,like_new,resell_as_is
toys,87.45,2,no_longer_needed,like_new,resell_as_is
clothing,155.46,174,better_price_found,acceptable,refurbish
electronics,508.11,48,wrong_size,very_good,resell_as_is
books,14.18,29,no_longer_needed,acceptable,donate
toys,81.51,184,no_longer_needed,acceptable,refurbish
clothing,53.61,120,wrong_size,good,refurbish
books,11.25,41,no_longer_needed,very_good,peer_exchange
home,490.39,5,not_as_described,acceptable,refurbish
clothing,199.58,124,not_as_described,good,resell_as_is
books,6.65,12,better_price_found,like_new,peer_exchange
toys,89.55,81,no_longer_needed,like_new,resell_as_is
clothing,118.34,21,wrong_size,very_good,resell_as_is
clothing,69.22,35,wrong_size,acceptable,refurbish
electronics,244.96,247,not_as_described,very_good,resell_as_is
clothing,16.04,111,wrong_size,acceptable,refurbish
electronics,645.46,29,no_longer_needed,acceptable,refurbish
electronics,26.54,48,defective,good,resell_as_is
electronics,96.07,61,defective,very_good,resell_as_is
clothing,198.42,15,wrong_size,like_new,resell_as_is
home,248.81,17,no_longer_needed,good,refurbish
clothing,92.69,244,no_longer_needed,acceptable,refurbish
home,453.15,4,not_as_described,acceptable,refurbish
electronics,285.58,23,defective,very_good,resell_as_is
books,38.39,109,better_price_found,good,refurbish
electronics,745.78,5,no_longer_needed,very_good,resell_as_is
clothing,165.16,20,wrong_size,good,refurbish
clothing,187.9,93,no_longer_needed,good,refurbish
electronics,771.87,193,no_longer_needed,very_good,resell_as_is
toys,14.12,112,not_as_described,good,peer_exchange
electronics,296.25,183,no_longer_needed,acceptable,refurbish
electronics,178.5,41,defective,good,refurbish
electronics,535.18,1,defective,good,refurbish
electronics,452.6,69,defective,good,refurbish
clothing,39.89,60,not_as_described,like_new,resell_as_is
clothing,74.9,15,no_longer_needed,for_parts,recycle
electronics,60.49,85,not_as_described,acceptable,refurbish
home,138.84,7,defective,good,refurbish
electronics,176.06,60,defective,acceptable,refurbish
toys,91.94,132,defective,very_good,resell_as_is
books,36.73,36,no_longer_needed,for_parts,recycle
electronics,27.12,90,defective,good,refurbish
electronics,597.66,4,defective,good,refurbish
clothing,185.94,161,defective,very_good,resell_as_is
books,30.56,6,better_price_found,good,refurbish
clothing,28.89,189,no_longer_needed,like_new,peer_exchange
clothing,41.9,34,not_as_described,very_good,resell_as_is
electronics,342.33,53,defective,good,refurbish
home,167.7,51,no_longer_needed,good,refurbish
electronics,772.89,112,not_as_described,acceptable,refurbish
electronics,587.08,173,defective,good,refurbish
toys,33.44,9,defective,good,refurbish
clothing,184.73,89,not_as_described,like_new,resell_as_is
electronics,271.35,4,defective,good,refurbish
electronics,591.41,54,no_longer_needed,acceptable,refurbish
toys,29.82,19,defective,good,peer_exchange
clothing,42.27,63,not_as_described,very_good,resell_as_is
books,39.81,16,better_price_found,like_new,resell_as_is
electronics,740.89,3,defective,for_parts,recycle
home,22.96,33,better_price_found,good,refurbish
toys,71.02,24,not_as_described,like_new,resell_as_is
toys,51.98,146,better_price_found,for_parts,recycle
home,437.54,83,no_longer_needed,acceptable,refurbish
clothing,90.48,21,wrong_size,good,refurbish
home,42.25,101,better_price_found,acceptable,refurbish
electronics,292.22,50,defective,like_new,resell_as_is
home,148.42,24,not_as_described,like_new,resell_as_is
electronics,647.99,113,no_longer_needed,acceptable,refurbish
clothing,138.59,66,wrong_size,very_good,resell_as_is
clothing,155.4,51,no_longer_needed,like_new,resell_as_is
clothing,17.12,62,not_as_described,very_good,peer_exchange
toys,37.69,41,defective,for_parts,recycle
electronics,393.17,3,defective,like_new,resell_as_is
electronics,700.49,160,not_as_described,good,refurbish
clothing,80.34,68,wrong_size,good,refurbish
clothing,167.58,74,better_price_found,acceptable,refurbish
home,337.84,63,not_as_described,like_new,resell_as_is
books,26.91,11,better_price_found,good,peer_exchange
home,382.96,4,no_longer_needed,acceptable,refurbish
clothing,41.31,7,wrong_size,very_good,resell_as_is
electronics,261.0,30,defective,acceptable,refurbish
electronics,196.8,75,defective,for_parts,recycle
clothing,108.12,67,wrong_size,very_good,resell_as_is
toys,39.65,31,defective,good,refurbish
clothing,152.55,22,no_longer_needed,very_good,resell_as_is
books,40.9,15,no_longer_needed,good,refurbish
clothing,156.54,28,wrong_size,like_new,resell_as_is
electronics,144.18,1,no_longer_needed,good,refurbish
home,418.2,43,defective,good,refurbish
home,403.65,79,not_as_described,acceptable,refurbish
electronics,441.1,79,not_as_described,for_parts,recycle
home,414.86,73,not_as_described,very_good,resell_as_is
clothing,177.8,7,not_as_described,like_new,resell_as_is
home,95.27,74,defective,good,refurbish
clothing,31.19,80,wrong_size,like_new,resell_as_is
electronics,594.43,50,defective,like_new,resell_as_is
electronics,71.06,73,not_as_described,very_good,resell_as_is
clothing,117.4,62,better_price_found,very_good,resell_as_is
electronics,134.72,7,defective,good,peer_exchange
clothing,193.07,51,no_longer_needed,acceptable,refurbish
clothing,85.38,50,defective,very_good,resell_as_is
electronics,230.16,6,not_as_described,very_good,resell_as_is
home,232.43,186,defective,acceptable,refurbish
toys,28.9,83,defective,good,peer_exchange
home,323.38,155,no_longer_needed,good,refurbish
home,71.44,106,defective,good,refurbish
clothing,136.14,18,wrong_size,for_parts,recycle
home,261.15,67,defective,good,refurbish
clothing,193.58,9,no_longer_needed,very_good,resell_as_is
clothing,76.27,27,wrong_size,good,recycle
home,86.05,170,defective,very_good,resell_as_is
clothing,154.59,39,wrong_size,like_new,resell_as_is
toys,85.77,35,no_longer_needed,acceptable,refurbish
books,27.13,14,no_longer_needed,good,peer_exchange
electronics,525.13,29,defective,good,refurbish
home,483.19,73,no_longer_needed,good,refurbish
books,22.14,73,no_longer_needed,like_new,peer_exchange
home,174.06,20,not_as_described,like_new,resell_as_is
clothing,144.59,48,no_longer_needed,very_good,resell_as_is
electronics,762.34,42,not_as_described,for_parts,recycle
clothing,134.71,93,not_as_described,acceptable,refurbish
books,29.75,16,no_longer_needed,acceptable,refurbish
electronics,52.04,18,better_price_found,very_good,resell_as_is
home,441.54,86,better_price_found,good,refurbish
clothing,91.81,112,wrong_size,acceptable,refurbish
clothing,68.72,48,wrong_size,like_new,resell_as_is
toys,15.01,48,no_longer_needed,very_good,peer_exchange
clothing,103.03,85,not_as_described,very_good,resell_as_is
home,336.22,58,no_longer_needed,very_good,resell_as_is
home,380.87,35,not_as_described,acceptable,refurbish
electronics,387.51,12,not_as_described,very_good,resell_as_is
clothing,131.73,68,defective,like_new,resell_as_is
electronics,97.39,14,defective,acceptable,refurbish
clothing,195.94,17,not_as_described,acceptable,refurbish
electronics,563.87,18,defective,good,refurbish
electronics,104.67,10,defective,like_new,resell_as_is
clothing,43.63,61,no_longer_needed,acceptable,refurbish
electronics,630.08,42,no_longer_needed,for_parts,recycle
books,13.17,39,better_price_found,good,peer_exchange
home,35.82,82,better_price_found,good,refurbish
clothing,176.62,48,not_as_described,good,refurbish
clothing,150.91,254,wrong_size,like_new,resell_as_is
home,202.39,476,defective,like_new,resell_as_is
books,11.53,40,no_longer_needed,good,refurbish
clothing,135.32,65,no_longer_needed,for_parts,recycle
clothing,162.88,52,wrong_size,acceptable,resell_as_is
home,132.17,78,no_longer_needed,acceptable,refurbish
electronics,20.53,28,better_price_found,good,refurbish
books,45.77,46,no_longer_needed,acceptable,refurbish
home,308.17,58,not_as_described,acceptable,refurbish
electronics,207.08,119,no_longer_needed,very_good,resell_as_is
home,104.39,39,no_longer_needed,good,refurbish
electronics,238.24,4,defective,like_new,resell_as_is
clothing,185.76,2,not_as_described,for_parts,recycle
clothing,143.36,61,not_as_described,very_good,resell_as_is
home,93.96,200,not_as_described,good,refurbish
home,51.12,43,no_longer_needed,good,refurbish
electronics,223.75,48,not_as_described,very_good,resell_as_is
electronics,20.66,183,not_as_described,for_parts,recycle
electronics,622.57,109,not_as_described,like_new,resell_as_is
electronics,682.52,20,no_longer_needed,good,refurbish
home,34.61,104,defective,very_good,resell_as_is
books,6.01,50,no_longer_needed,very_good,peer_exchange
clothing,45.55,38,no_longer_needed,acceptable,refurbish
home,15.01,48,better_price_found,very_good,peer_exchange
home,310.33,33,defective,good,refurbish
home,229.33,114,defective,good,refurbish
electronics,478.57,21,defective,like_new,resell_as_is
toys,10.85,115,not_as_described,good,peer_exchange
toys,78.85,252,no_longer_needed,very_good,resell_as_is
toys,19.32,139,no_longer_needed,for_parts,recycle
books,44.84,8,not_as_described,like_new,refurbish
clothing,89.26,66,wrong_size,very_good,resell_as_is
home,173.24,66,no_longer_needed,good,refurbish
electronics,646.22,104,no_longer_needed,like_new,resell_as_is
books,22.54,14,no_longer_needed,acceptable,resell_as_is
electronics,425.28,36,defective,very_good,resell_as_is
clothing,16.75,132,wrong_size,acceptable,refurbish
clothing,104.57,22,better_price_found,good,refurbish
clothing,177.77,36,no_longer_needed,like_new,resell_as_is
home,333.24,36,no_longer_needed,very_good,resell_as_is
clothing,70.48,91,wrong_size,very_good,resell_as_is
books,30.88,111,no_longer_needed,acceptable,refurbish
books,23.08,50,not_as_described,for_parts,recycle
books,14.35,5,no_longer_needed,good,peer_exchange
clothing,61.29,28,no_longer_needed,very_good,resell_as_is
electronics,607.41,54,defective,acceptable,refurbish
home,336.19,8,no_longer_needed,good,refurbish
clothing,47.06,24,better_price_found,for_parts,recycle
clothing,148.76,88,no_longer_needed,like_new,resell_as_is
toys,60.04,9,not_as_described,very_good,resell_as_is
toys,89.04,14,not_as_described,acceptable,refurbish
clothing,142.96,64,no_longer_needed,acceptable,refurbish
clothing,176.93,2,wrong_size,like_new,resell_as_is
electronics,679.65,63,defective,acceptable,refurbish
home,29.8,118,no_longer_needed,very_good,refurbish
clothing,174.75,18,wrong_size,acceptable,donate
clothing,71.95,25,no_longer_needed,like_new,resell_as_is
electronics,756.85,6,no_longer_needed,good,refurbish
home,209.24,31,defective,good,refurbish
toys,72.67,142,better_price_found,acceptable,refurbish
clothing,186.94,67,no_longer_needed,like_new,resell_as_is
clothing,45.77,143,wrong_size,good,donate
toys,34.56,15,no_longer_needed,good,refurbish
home,32.86,31,no_longer_needed,for_parts,recycle
electronics,329.38,5,no_longer_needed,like_new,resell_as_is
clothing,97.9,32,defective,acceptable,refurbish
clothing,67.64,27,not_as_described,good,refurbish
clothing,162.68,36,defective,good,refurbish
clothing,128.72,2,defective,good,refurbish
books,17.63,43,defective,very_good,peer_exchange
electronics,221.0,173,no_longer_needed,acceptable,refurbish
home,73.48,44,not_as_described,very_good,resell_as_is
clothing,21.46,20,wrong_size,acceptable,refurbish
clothing,106.26,64,no_longer_needed,good,refurbish
toys,99.57,67,better_price_found,good,refurbish
toys,91.18,107,not_as_described,very_good,resell_as_is
home,127.95,40,not_as_described,good,refurbish
home,396.35,53,no_longer_needed,very_good,resell_as_is
toys,71.8,67,no_longer_needed,very_good,resell_as_is
electronics,374.68,37,not_as_described,good,refurbish
home,443.61,49,no_longer_needed,like_new,resell_as_is
clothing,85.19,97,not_as_described,acceptable,refurbish
electronics,327.97,66,defective,very_good,resell_as_is
toys,79.19,45,not_as_described,good,refurbish
clothing,48.66,141,no_longer_needed,good,refurbish
clothing,25.42,105,better_price_found,good,peer_exchange
electronics,441.21,20,better_price_found,good,refurbish
clothing,83.6,177,wrong_size,good,refurbish
home,77.71,35,no_longer_needed,good,refurbish
home,148.51,16,not_as_described,acceptable,refurbish
electronics,624.1,15,not_as_described,good,refurbish
electronics,672.71,40,better_price_found,acceptable,refurbish
clothing,36.75,78,no_longer_needed,acceptable,refurbish
clothing,172.93,121,wrong_size,good,refurbish
electronics,745.51,36,no_longer_needed,acceptable,refurbish
books,37.59,110,no_longer_needed,like_new,resell_as_is
clothing,86.46,35,defective,good,refurbish
home,340.73,98,defective,acceptable,refurbish
clothing,92.42,39,wrong_size,very_good,resell_as_is
clothing,33.8,17,wrong_size,like_new,resell_as_is
home,463.02,62,no_longer_needed,good,refurbish
clothing,70.84,65,no_longer_needed,acceptable,refurbish
toys,98.66,41,better_price_found,like_new,refurbish
books,8.59,49,better_price_found,for_parts,recycle
clothing,142.92,74,not_as_described,acceptable,peer_exchange
clothing,186.98,42,no_longer_needed,good,refurbish
home,337.45,37,defective,acceptable,refurbish
home,201.23,39,defective,good,refurbish
clothing,72.41,199,better_price_found,acceptable,refurbish
electronics,794.01,7,not_as_described,very_good,resell_as_is
home,304.61,359,no_longer_needed,good,peer_exchange
toys,96.35,15,defective,very_good,resell_as_is
clothing,124.99,99,better_price_found,like_new,resell_as_is
clothing,77.91,34,wrong_size,for_parts,recycle
clothing,152.24,78,not_as_described,acceptable,refurbish
books,18.62,9,better_price_found,very_good,peer_exchange
home,173.45,43,better_price_found,acceptable,refurbish
home,450.38,80,not_as_described,like_new,resell_as_is
electronics,110.3,180,no_longer_needed,acceptable,refurbish
clothing,14.78,188,wrong_size,good,peer_exchange
clothing,45.31,49,no_longer_needed,good,refurbish
toys,76.95,121,not_as_described,acceptable,refurbish
electronics,50.2,17,not_as_described,acceptable,refurbish
toys,59.44,83,not_as_described,good,refurbish
books,29.14,63,not_as_described,acceptable,refurbish
clothing,31.98,23,defective,good,refurbish
books,21.73,3,better_price_found,good,peer_exchange
clothing,13.35,5,wrong_size,acceptable,donate
toys,77.77,56,better_price_found,very_good,resell_as_is
home,149.87,195,better_price_found,for_parts,recycle
home,350.68,6,no_longer_needed,very_good,resell_as_is
toys,27.54,5,no_longer_needed,acceptable,refurbish
home,413.04,12,no_longer_needed,good,refurbish
clothing,171.98,215,not_as_described,for_parts,recycle
toys,11.08,45,not_as_described,acceptable,donate
electronics,343.4,4,defective,good,refurbish
electronics,141.29,9,not_as_described,good,refurbish
electronics,525.25,49,not_as_described,very_good,resell_as_is
electronics,284.24,3,not_as_described,good,refurbish
home,317.68,29,defective,good,refurbish
home,415.65,18,defective,good,refurbish
electronics,478.23,26,no_longer_needed,very_good,resell_as_is
home,490.38,146,not_as_described,good,refurbish
electronics,149.44,4,no_longer_needed,good,peer_exchange
home,305.92,11,defective,acceptable,refurbish
clothing,102.19,153,not_as_described,good,refurbish
toys,64.34,1,no_longer_needed,very_good,resell_as_is
home,259.34,62,no_longer_needed,good,refurbish
clothing,10.87,11,better_price_found,acceptable,donate
clothing,188.59,18,not_as_described,like_new,resell_as_is
toys,89.4,42,no_longer_needed,good,resell_as_is
toys,37.06,71,better_price_found,acceptable,refurbish
books,49.76,13,no_longer_needed,good,refurbish
clothing,24.05,111,better_price_found,good,peer_exchange
electronics,205.09,73,better_price_found,like_new,resell_as_is
home,149.04,51,no_longer_needed,acceptable,refurbish
home,161.36,15,defective,very_good,refurbish
clothing,132.84,35,no_longer_needed,like_new,resell_as_is
electronics,751.51,23,no_longer_needed,good,recycle
clothing,110.15,80,wrong_size,very_good,resell_as_is
books,21.78,29,no_longer_needed,very_good,peer_exchange
clothing,83.6,4,defective,acceptable,refurbish
electronics,363.32,75,defective,like_new,resell_as_is
electronics,749.13,53,defective,acceptable,refurbish
electronics,205.04,62,defective,very_good,resell_as_is
electronics,552.55,105,no_longer_needed,good,refurbish
electronics,150.64,33,not_as_described,good,refurbish
electronics,417.17,158,not_as_described,like_new,resell_as_is
clothing,56.57,24,no_longer_needed,acceptable,refurbish
clothing,68.99,8,better_price_found,good,resell_as_is
home,336.4,10,no_longer_needed,very_good,resell_as_is
books,45.55,105,not_as_described,for_parts,recycle
clothing,191.42,103,not_as_described,acceptable,refurbish
home,107.43,266,not_as_described,acceptable,refurbish
home,202.88,54,no_longer_needed,like_new,resell_as_is
clothing,73.46,23,wrong_size,very_good,resell_as_is
toys,72.42,2,no_longer_needed,good,refurbish
clothing,17.84,69,defective,acceptable,refurbish
clothing,147.58,42,wrong_size,good,refurbish
electronics,212.5,15,wrong_size,acceptable,peer_exchange
home,214.57,26,defective,acceptable,refurbish
clothing,71.01,1,wrong_size,good,refurbish
clothing,167.23,43,wrong_size,very_good,resell_as_is
clothing,27.57,63,defective,acceptable,refurbish
home,369.83,4,not_as_described,acceptable,refurbish
clothing,180.8,14,wrong_size,good,refurbish
books,33.87,108,no_longer_needed,like_new,resell_as_is
electronics,204.56,31,defective,very_good,resell_as_is
clothing,13.74,39,no_longer_needed,acceptable,donate
clothing,148.78,21,wrong_size,good,refurbish
books,32.72,11,better_price_found,good,refurbish
home,159.46,5,defective,like_new,resell_as_is
clothing,182.29,124,no_longer_needed,like_new,resell_as_is
home,77.58,97,better_price_found,very_good,resell_as_is
electronics,558.84,2,defective,acceptable,refurbish
home,246.52,68,no_longer_needed,for_parts,recycle
home,351.96,52,defective,very_good,resell_as_is
books,32.65,35,defective,very_good,resell_as_is
clothing,186.57,7,not_as_described,very_good,resell_as_is
books,24.75,486,no_longer_needed,very_good,peer_exchange
electronics,516.32,167,no_longer_needed,very_good,resell_as_is
electronics,242.98,6,not_as_described,acceptable,refurbish
electronics,285.17,21,defective,very_good,resell_as_is
home,443.4,37,no_longer_needed,like_new,resell_as_is
electronics,169.84,7,defective,good,refurbish
home,199.51,52,no_longer_needed,acceptable,refurbish
clothing,137.14,83,wrong_size,very_good,resell_as_is
books,23.42,235,not_as_described,good,peer_exchange
toys,34.25,39,defective,good,refurbish
clothing,164.05,146,wrong_size,acceptable,refurbish
electronics,488.88,74,not_as_described,like_new,resell_as_is
home,146.76,42,wrong_size,very_good,resell_as_is
clothing,49.56,90,wrong_size,good,refurbish
clothing,49.43,61,defective,like_new,donate
electronics,476.33,32,no_longer_needed,for_parts,recycle
home,380.22,153,defective,acceptable,refurbish
clothing,69.63,183,not_as_described,very_good,resell_as_is
clothing,43.52,48,not_as_described,acceptable,refurbish
books,19.01,52,not_as_described,very_good,peer_exchange
electronics,651.99,20,defective,like_new,resell_as_is
clothing,134.29,73,wrong_size,good,refurbish
toys,37.44,13,not_as_described,good,refurbish
toys,89.12,21,no_longer_needed,acceptable,refurbish
clothing,94.44,138,wrong_size,good,refurbish
books,15.95,24,no_longer_needed,for_parts,recycle
home,249.9,1,no_longer_needed,very_good,resell_as_is
home,248.2,174,wrong_size,acceptable,refurbish
home,342.48,1,defective,very_good,resell_as_is
home,131.18,39,defective,good,refurbish
clothing,124.57,105,wrong_size,acceptable,refurbish
electronics,445.61,16,no_longer_needed,like_new,resell_as_is
clothing,148.68,19,no_longer_needed,for_parts,recycle
home,269.55,5,not_as_described,like_new,resell_as_is
electronics,516.0,21,no_longer_needed,very_good,resell_as_is
electronics,718.22,111,no_longer_needed,like_new,resell_as_is
books,10.49,11,no_longer_needed,very_good,peer_exchange
clothing,80.79,10,not_as_described,very_good,resell_as_is
electronics,504.08,35,not_as_described,very_good,refurbish
home,84.76,147,better_price_found,very_good,resell_as_is
clothing,143.31,111,wrong_size,very_good,resell_as_is
clothing,75.75,43,wrong_size,good,peer_exchange
clothing,73.88,26,defective,for_parts,recycle
electronics,498.61,17,defective,like_new,resell_as_is
clothing,134.19,3,wrong_size,for_parts,recycle
home,139.35,184,defective,acceptable,refurbish
home,383.36,118,no_longer_needed,for_parts,recycle
home,194.23,1,no_longer_needed,acceptable,refurbish
electronics,148.31,136,defective,very_good,recycle
toys,98.71,17,no_longer_needed,acceptable,refurbish
electronics,28.74,32,better_price_found,for_parts,recycle
electronics,338.28,92,not_as_described,good,refurbish
electronics,392.58,291,defective,good,refurbish
clothing,119.03,52,no_longer_needed,very_good,resell_as_is
electronics,635.85,19,no_longer_needed,very_good,resell_as_is
home,360.17,62,better_price_found,acceptable,refurbish
books,13.8,4,no_longer_needed,good,peer_exchange
clothing,173.38,24,better_price_found,good,recycle
home,92.06,21,defective,good,refurbish
clothing,159.34,6,better_price_found,like_new,resell_as_is
clothing,174.4,5,wrong_size,very_good,resell_as_is
toys,25.46,60,no_longer_needed,very_good,peer_exchange
toys,49.65,9,defective,very_good,resell_as_is
clothing,96.45,11,wrong_size,like_new,resell_as_is
electronics,610.38,26,not_as_described,very_good,resell_as_is
books,17.88,17,no_longer_needed,very_good,peer_exchange
electronics,503.71,44,defective,good,refurbish
electronics,295.64,41,defective,for_parts,recycle
electronics,661.83,24,not_as_described,very_good,resell_as_is
home,282.74,17,defective,very_good,resell_as_is
clothing,140.03,107,wrong_size,very_good,resell_as_is
books,23.45,2,no_longer_needed,acceptable,refurbish
clothing,81.95,84,defective,good,refurbish
electronics,493.07,81,better_price_found,very_good,peer_exchange
home,276.59,11,not_as_described,acceptable,refurbish
home,313.73,29,not_as_described,very_good,resell_as_is
home,383.09,27,defective,acceptable,refurbish
electronics,367.25,81,no_longer_needed,for_parts,recycle
clothing,125.8,101,wrong_size,good,refurbish
home,131.85,208,not_as_described,very_good,resell_as_is
electronics,560.1,90,defective,good,refurbish
clothing,92.22,27,wrong_size,good,refurbish
clothing,188.95,2,wrong_size,acceptable,refurbish
clothing,96.42,173,wrong_size,for_parts,recycle
home,365.92,2,defective,very_good,refurbish
clothing,159.25,227,better_price_found,acceptable,refurbish
electronics,96.73,1,wrong_size,for_parts,recycle
home,367.44,44,defective,for_parts,recycle
home,134.04,123,no_longer_needed,good,peer_exchange
electronics,247.12,53,no_longer_needed,very_good,resell_as_is
clothing,132.47,84,wrong_size,good,refurbish
home,94.87,18,not_as_described,acceptable,refurbish
toys,17.5,37,not_as_described,good,peer_exchange
books,35.16,62,better_price_found,very_good,resell_as_is
toys,53.22,79,not_as_described,very_good,resell_as_is
electronics,376.93,124,defective,like_new,resell_as_is
clothing,89.41,32,wrong_size,like_new,resell_as_is
electronics,352.34,215,no_longer_needed,like_new,resell_as_is
home,353.72,86,not_as_described,very_good,resell_as_is
home,310.17,5,defective,for_parts,recycle
clothing,155.85,32,wrong_size,good,refurbish
clothing,184.6,21,not_as_described,like_new,resell_as_is
home,124.04,54,defective,like_new,resell_as_is
home,69.98,150,defective,like_new,resell_as_is
electronics,90.73,96,not_as_described,very_good,resell_as_is
clothing,41.72,20,wrong_size,good,refurbish
clothing,137.17,91,no_longer_needed,very_good,resell_as_is
clothing,47.79,6,not_as_described,very_good,resell_as_is
clothing,195.96,86,wrong_size,good,refurbish
home,256.43,40,not_as_described,very_good,resell_as_is
clothing,22.05,11,no_longer_needed,good,peer_exchange
books,42.05,48,not_as_described,like_new,resell_as_is
clothing,116.03,42,not_as_described,like_new,peer_exchange
clothing,177.35,97,better_price_found,very_good,donate
electronics,321.38,80,no_longer_needed,good,refurbish
books,17.29,104,no_longer_needed,very_good,peer_exchange
books,30.87,38,no_longer_needed,good,refurbish
clothing,169.31,73,wrong_size,acceptable,refurbish
electronics,80.62,73,no_longer_needed,acceptable,refurbish
electronics,93.35,26,no_longer_needed,for_parts,recycle
home,293.33,2,not_as_described,acceptable,refurbish
books,15.63,5,not_as_described,acceptable,refurbish
home,272.65,40,no_longer_needed,good,refurbish
electronics,516.32,73,better_price_found,very_good,resell_as_is
clothing,82.73,7,wrong_size,acceptable,refurbish
clothing,167.41,6,not_as_described,acceptable,refurbish
clothing,151.59,34,no_longer_needed,good,refurbish
electronics,480.22,48,not_as_described,good,refurbish
home,121.52,105,defective,good,refurbish
electronics,682.76,97,not_as_described,very_good,resell_as_is
toys,26.56,52,defective,very_good,peer_exchange
clothing,197.3,42,not_as_described,like_new,resell_as_is
electronics,439.91,31,not_as_described,good,refurbish
electronics,409.68,94,not_as_described,very_good,resell_as_is
electronics,118.14,29,not_as_described,like_new,resell_as_is
toys,96.7,107,not_as_described,like_new,resell_as_is
electronics,180.39,48,defective,acceptable,refurbish
home,410.82,15,no_longer_needed,very_good,resell_as_is
electronics,570.36,215,defective,like_new,resell_as_is
clothing,65.25,99,defective,good,refurbish
clothing,77.11,85,no_longer_needed,like_new,resell_as_is
electronics,294.25,21,no_longer_needed,acceptable,refurbish
clothing,79.89,43,not_as_described,acceptable,refurbish
electronics,509.23,31,defective,like_new,resell_as_is
clothing,199.51,32,wrong_size,good,refurbish
clothing,101.69,37,no_longer_needed,very_good,resell_as_is
home,176.56,12,defective,very_good,resell_as_is
electronics,733.2,7,defective,like_new,resell_as_is
books,32.68,16,better_price_found,acceptable,refurbish
books,32.88,42,no_longer_needed,very_good,resell_as_is
books,31.73,152,no_longer_needed,good,refurbish
home,327.85,16,defective,for_parts,recycle
clothing,83.02,57,wrong_size,very_good,resell_as_is
electronics,349.79,52,better_price_found,like_new,resell_as_is
clothing,166.61,139,better_price_found,very_good,resell_as_is
clothing,75.36,77,wrong_size,good,refurbish
clothing,138.61,10,wrong_size,like_new,resell_as_is
electronics,459.01,88,defective,acceptable,refurbish
home,221.59,1,no_longer_needed,acceptable,refurbish
home,45.09,75,defective,good,refurbish
clothing,25.03,179,not_as_described,good,peer_exchange
books,7.71,135,not_as_described,like_new,peer_exchange
toys,13.27,34,no_longer_needed,very_good,peer_exchange
home,424.51,33,not_as_described,good,refurbish
home,143.92,36,better_price_found,acceptable,refurbish
books,31.51,69,no_longer_needed,good,refurbish
clothing,41.36,29,wrong_size,acceptable,refurbish
clothing,177.41,47,wrong_size,good,refurbish
electronics,490.91,76,better_price_found,acceptable,refurbish
toys,76.53,122,no_longer_needed,very_good,resell_as_is
electronics,755.52,68,no_longer_needed,very_good,resell_as_is
electronics,713.43,116,no_longer_needed,like_new,resell_as_is
clothing,59.98,110,wrong_size,good,refurbish
clothing,55.73,194,defective,acceptable,refurbish
books,14.72,68,no_longer_needed,like_new,recycle
electronics,104.8,21,no_longer_needed,good,refurbish
clothing,116.26,23,wrong_size,acceptable,refurbish
home,240.04,85,not_as_described,like_new,resell_as_is
clothing,36.2,6,no_longer_needed,acceptable,refurbish
toys,40.1,50,no_longer_needed,for_parts,recycle
toys,21.68,87,no_longer_needed,acceptable,resell_as_is
electronics,732.11,8,not_as_described,very_good,resell_as_is
electronics,366.62,122,not_as_described,very_good,resell_as_is
electronics,322.13,1,not_as_described,acceptable,refurbish
home,29.82,118,not_as_described,for_parts,recycle
toys,66.35,4,better_price_found,like_new,resell_as_is
books,12.91,26,no_longer_needed,good,peer_exchange
home,191.22,104,better_price_found,very_good,refurbish
electronics,611.99,24,defective,acceptable,refurbish
clothing,175.79,70,wrong_size,good,refurbish
electronics,385.63,64,not_as_described,good,refurbish
electronics,339.96,46,no_longer_needed,good,refurbish
toys,17.92,14,not_as_described,very_good,peer_exchange
electronics,158.4,21,no_longer_needed,acceptable,refurbish
electronics,461.02,2,defective,acceptable,refurbish
electronics,362.07,14,not_as_described,good,refurbish
toys,59.75,112,no_longer_needed,good,refurbish
electronics,498.5,27,defective,good,refurbish
toys,42.42,47,better_price_found,very_good,resell_as_is
clothing,180.83,11,wrong_size,good,refurbish
toys,47.17,162,defective,very_good,resell_as_is
clothing,45.32,41,no_longer_needed,acceptable,refurbish
clothing,174.72,43,not_as_described,acceptable,refurbish
electronics,293.13,59,defective,like_new,resell_as_is
electronics,599.87,18,defective,good,refurbish
electronics,202.21,175,not_as_described,for_parts,recycle
electronics,187.0,6,better_price_found,for_parts,recycle
books,43.11,65,better_price_found,very_good,resell_as_is
home,439.26,65,no_longer_needed,good,refurbish
toys,22.12,157,no_longer_needed,good,peer_exchange
clothing,89.55,45,wrong_size,good,refurbish
toys,16.07,37,better_price_found,for_parts,recycle
clothing,63.34,28,wrong_size,acceptable,refurbish
home,188.43,38,not_as_described,acceptable,refurbish
clothing,34.72,5,not_as_described,very_good,donate
electronics,379.76,8,not_as_described,like_new,resell_as_is
home,343.0,43,no_longer_needed,very_good,resell_as_is
clothing,78.87,9,wrong_size,for_parts,recycle
clothing,110.54,26,no_longer_needed,for_parts,recycle
electronics,183.92,39,defective,good,refurbish
clothing,47.43,27,no_longer_needed,good,refurbish
clothing,96.41,22,better_price_found,acceptable,refurbish
books,34.99,94,no_longer_needed,good,resell_as_is
clothing,128.84,38,not_as_described,acceptable,recycle
clothing,101.08,14,not_as_described,very_good,resell_as_is
clothing,24.92,133,not_as_described,very_good,resell_as_is
home,219.62,159,not_as_described,like_new,resell_as_is
home,328.84,204,no_longer_needed,good,refurbish
electronics,784.79,168,defective,good,refurbish
clothing,170.16,5,no_longer_needed,very_good,resell_as_is
clothing,110.94,55,no_longer_needed,good,refurbish
clothing,187.97,5,not_as_described,like_new,resell_as_is
clothing,188.01,1,wrong_size,acceptable,refurbish
books,43.69,74,not_as_described,very_good,resell_as_is
electronics,48.46,117,not_as_described,very_good,resell_as_is
clothing,72.07,120,wrong_size,acceptable,refurbish
toys,9.39,4,no_longer_needed,for_parts,recycle
home,30.33,27,not_as_described,good,refurbish
clothing,127.96,174,not_as_described,good,refurbish
electronics,46.39,83,not_as_described,good,refurbish
clothing,94.01,26,defective,very_good,resell_as_is
toys,85.27,279,not_as_described,acceptable,refurbish
home,112.68,101,defective,very_good,resell_as_is
home,258.1,68,defective,good,donate
home,373.98,20,not_as_described,like_new,resell_as_is
electronics,72.71,3,not_as_described,like_new,resell_as_is
books,16.71,60,defective,very_good,peer_exchange
electronics,522.88,9,no_longer_needed,good,refurbish
toys,94.7,49,no_longer_needed,very_good,resell_as_is
clothing,187.25,17,wrong_size,very_good,resell_as_is
electronics,375.41,34,defective,good,refurbish
electronics,417.69,193,better_price_found,good,refurbish
clothing,199.45,20,defective,like_new,resell_as_is
electronics,600.18,50,not_as_described,very_good,resell_as_is
electronics,280.21,65,better_price_found,very_good,resell_as_is
clothing,176.09,4,defective,very_good,recycle
home,96.63,101,wrong_size,good,refurbish
home,131.25,1,not_as_described,like_new,resell_as_is
electronics,351.68,35,not_as_described,acceptable,refurbish
electronics,621.47,6,no_longer_needed,acceptable,refurbish
clothing,12.72,98,no_longer_needed,very_good,peer_exchange
home,188.71,11,not_as_described,acceptable,refurbish
electronics,667.04,18,not_as_described,good,refurbish
home,237.96,51,not_as_described,acceptable,refurbish
clothing,21.32,1,better_price_found,for_parts,resell_as_is
electronics,760.02,18,not_as_described,very_good,resell_as_is
clothing,100.33,33,wrong_size,like_new,resell_as_is
books,37.86,77,no_longer_needed,acceptable,refurbish
electronics,346.86,9,defective,like_new,resell_as_is
clothing,142.89,47,no_longer_needed,very_good,resell_as_is
toys,48.85,94,no_longer_needed,good,refurbish
books,8.53,23,no_longer_needed,good,peer_exchange
electronics,526.54,39,defective,acceptable,refurbish
clothing,193.78,40,no_longer_needed,acceptable,refurbish
books,16.32,104,no_longer_needed,acceptable,refurbish
books,45.27,55,no_longer_needed,acceptable,refurbish
electronics,337.53,43,defective,very_good,resell_as_is
clothing,55.62,22,wrong_size,good,refurbish
toys,55.04,9,not_as_described,acceptable,donate
toys,60.34,59,no_longer_needed,good,refurbish
clothing,22.36,41,better_price_found,very_good,peer_exchange
electronics,130.12,125,defective,very_good,resell_as_is
toys,15.76,103,not_as_described,acceptable,refurbish
clothing,34.58,10,no_longer_needed,like_new,resell_as_is
electronics,297.43,5,no_longer_needed,acceptable,refurbish
home,326.35,83,not_as_described,good,refurbish
home,183.14,25,defective,good,refurbish
clothing,87.14,109,wrong_size,good,refurbish
clothing,89.99,97,wrong_size,acceptable,refurbish
home,389.84,57,not_as_described,for_parts,recycle
electronics,244.24,58,defective,for_parts,recycle
books,16.22,23,defective,very_good,peer_exchange
toys,43.78,62,not_as_described,like_new,resell_as_is
electronics,709.29,84,not_as_described,good,refurbish
home,414.03,104,defective,very_good,resell_as_is
toys,92.69,27,no_longer_needed,for_parts,recycle
books,17.06,26,not_as_described,good,peer_exchange
clothing,33.45,18,not_as_described,good,refurbish
electronics,607.88,145,not_as_described,acceptable,refurbish
home,342.05,77,defective,good,refurbish
clothing,180.46,59,defective,good,refurbish
books,26.7,139,no_longer_needed,good,peer_exchange
electronics,594.65,9,no_longer_needed,good,refurbish
books,8.37,9,no_longer_needed,good,peer_exchange
electronics,459.91,4,better_price_found,acceptable,refurbish
electronics,57.16,48,better_price_found,very_good,resell_as_is
electronics,545.98,63,defective,good,refurbish
clothing,138.13,102,not_as_described,good,refurbish
toys,43.78,12,better_price_found,very_good,resell_as_is
electronics,738.59,54,no_longer_needed,very_good,resell_as_is
electronics,226.19,4,better_price_found,good,refurbish
home,439.13,66,not_as_described,acceptable,refurbish
electronics,105.54,5,not_as_described,good,refurbish
toys,38.43,86,no_longer_needed,very_good,resell_as_is
toys,19.44,43,defective,very_good,peer_exchange
books,37.86,38,better_price_found,very_good,resell_as_is
clothing,180.74,96,better_price_found,very_good,resell_as_is
home,375.07,43,wrong_size,very_good,resell_as_is
books,42.84,7,better_price_found,very_good,resell_as_is
electronics,691.06,84,defective,good,refurbish
clothing,81.65,17,no_longer_needed,good,refurbish
electronics,34.0,26,not_as_described,very_good,resell_as_is
clothing,70.1,168,wrong_size,very_good,resell_as_is
electronics,189.63,22,no_longer_needed,acceptable,refurbish
clothing,106.47,19,wrong_size,very_good,resell_as_is
electronics,88.82,19,defective,very_good,resell_as_is
electronics,224.08,5,defective,like_new,resell_as_is
clothing,72.08,9,wrong_size,very_good,resell_as_is
books,5.69,58,not_as_described,like_new,peer_exchange
electronics,366.12,61,not_as_described,for_parts,recycle
home,187.46,1,no_longer_needed,for_parts,recycle
toys,21.04,22,defective,good,peer_exchange
clothing,182.18,48,defective,acceptable,refurbish
home,132.83,20,not_as_described,for_parts,recycle
home,391.65,19,no_longer_needed,good,refurbish
clothing,56.76,16,wrong_size,very_good,resell_as_is
clothing,133.2,26,no_longer_needed,like_new,resell_as_is
clothing,110.25,24,no_longer_needed,acceptable,refurbish
electronics,234.4,152,not_as_described,for_parts,recycle
toys,93.17,65,wrong_size,good,refurbish
books,13.43,31,better_price_found,good,peer_exchange
books,45.84,8,not_as_described,like_new,resell_as_is
clothing,22.22,24,wrong_size,acceptable,refurbish
home,25.6,145,defective,good,peer_exchange
electronics,461.42,60,defective,very_good,resell_as_is
electronics,188.91,34,no_longer_needed,very_good,resell_as_is
clothing,83.43,8,not_as_described,very_good,resell_as_is
electronics,322.54,117,no_longer_needed,very_good,resell_as_is
home,58.93,38,defective,good,refurbish
electronics,116.18,19,better_price_found,acceptable,peer_exchange
books,47.48,7,no_longer_needed,good,refurbish
clothing,73.62,5,wrong_size,acceptable,refurbish
home,347.36,9,defective,very_good,resell_as_is
toys,70.0,18,defective,good,refurbish
home,141.67,44,not_as_described,acceptable,donate
electronics,512.68,6,better_price_found,good,refurbish
clothing,194.53,10,wrong_size,like_new,resell_as_is
electronics,419.49,24,defective,good,refurbish
home,297.28,148,not_as_described,for_parts,recycle
toys,10.49,79,better_price_found,like_new,peer_exchange
books,30.25,4,no_longer_needed,like_new,resell_as_is
electronics,127.17,20,no_longer_needed,for_parts,recycle
electronics,307.72,109,not_as_described,very_good,resell_as_is
clothing,86.22,25,no_longer_needed,for_parts,recycle
clothing,105.82,9,no_longer_needed,good,refurbish
electronics,612.59,70,defective,good,refurbish
toys,74.21,3,better_price_found,good,refurbish
electronics,110.64,4,no_longer_needed,very_good,recycle
clothing,42.15,3,wrong_size,good,refurbish
electronics,307.82,20,not_as_described,good,refurbish
books,45.95,38,defective,acceptable,refurbish
clothing,123.2,67,no_longer_needed,for_parts,recycle
books,45.02,4,better_price_found,like_new,resell_as_is
electronics,300.89,13,not_as_described,good,refurbish
clothing,153.22,5,not_as_described,like_new,resell_as_is
clothing,169.4,13,no_longer_needed,acceptable,refurbish
electronics,196.98,38,wrong_size,good,refurbish
electronics,467.21,196,no_longer_needed,acceptable,refurbish
clothing,179.22,171,defective,very_good,resell_as_is
clothing,50.36,58,not_as_described,good,peer_exchange
electronics,287.82,12,defective,good,refurbish
home,208.38,40,no_longer_needed,very_good,resell_as_is
toys,89.0,37,no_longer_needed,acceptable,refurbish
home,226.9,113,defective,like_new,resell_as_is
clothing,21.37,41,wrong_size,good,peer_exchange
electronics,341.31,16,no_longer_needed,very_good,resell_as_is
electronics,334.67,58,defective,very_good,resell_as_is
electronics,446.42,60,defective,good,refurbish
books,7.64,9,no_longer_needed,very_good,recycle
home,147.47,2,defective,for_parts,recycle
books,48.19,173,better_price_found,acceptable,refurbish
electronics,518.62,41,defective,good,refurbish
books,32.41,52,no_longer_needed,good,refurbish
electronics,368.05,64,not_as_described,very_good,resell_as_is
electronics,288.24,124,not_as_described,very_good,resell_as_is
electronics,725.15,32,better_price_found,very_good,resell_as_is
clothing,24.47,2,not_as_described,very_good,peer_exchange
books,16.16,23,better_price_found,good,peer_exchange
clothing,85.69,11,better_price_found,acceptable,refurbish
clothing,165.54,33,defective,acceptable,refurbish
electronics,265.49,94,not_as_described,very_good,resell_as_is
clothing,57.08,59,no_longer_needed,like_new,resell_as_is
electronics,430.54,18,defective,good,refurbish
home,469.37,65,wrong_size,very_good,resell_as_is
home,491.1,11,defective,very_good,resell_as_is
clothing,94.26,62,wrong_size,like_new,resell_as_is
clothing,115.73,37,no_longer_needed,good,refurbish
clothing,65.59,27,not_as_described,good,refurbish
electronics,533.9,91,no_longer_needed,good,refurbish
clothing,30.25,104,wrong_size,acceptable,refurbish
electronics,144.64,29,defective,very_good,resell_as_is
home,411.48,111,not_as_described,acceptable,refurbish
clothing,146.52,15,no_longer_needed,good,refurbish
electronics,148.63,133,better_price_found,very_good,resell_as_is
electronics,662.58,15,better_price_found,good,refurbish
clothing,141.23,58,no_longer_needed,acceptable,refurbish
home,462.11,160,no_longer_needed,like_new,resell_as_is
books,8.81,15,not_as_described,good,peer_exchange
clothing,49.45,87,better_price_found,like_new,resell_as_is
home,405.15,94,no_longer_needed,acceptable,refurbish
electronics,499.98,104,not_as_described,for_parts,recycle
home,44.22,7,no_longer_needed,very_good,resell_as_is
toys,40.05,136,not_as_described,like_new,resell_as_is
clothing,185.12,41,better_price_found,like_new,resell_as_is
home,364.19,27,no_longer_needed,good,refurbish
clothing,39.91,5,wrong_size,for_parts,recycle
books,30.92,191,no_longer_needed,like_new,resell_as_is
home,270.85,24,defective,good,refurbish
clothing,93.12,47,wrong_size,good,refurbish
electronics,231.01,6,better_price_found,good,refurbish
clothing,193.31,65,wrong_size,good,refurbish
clothing,68.81,285,better_price_found,for_parts,recycle
electronics,364.81,108,no_longer_needed,acceptable,refurbish
home,141.96,21,not_as_described,very_good,resell_as_is
home,31.49,79,no_longer_needed,like_new,refurbish
electronics,423.24,26,not_as_described,for_parts,recycle
electronics,79.97,38,no_longer_needed,good,refurbish
clothing,68.9,29,not_as_described,very_good,resell_as_is
clothing,61.14,42,better_price_found,like_new,resell_as_is
clothing,131.3,15,better_price_found,good,refurbish
clothing,167.5,29,wrong_size,for_parts,refurbish
toys,25.02,99,no_longer_needed,good,peer_exchange
electronics,383.71,3,no_longer_needed,like_new,refurbish
clothing,48.19,54,not_as_described,good,refurbish
home,88.52,51,defective,very_good,resell_as_is
clothing,179.5,11,wrong_size,very_good,resell_as_is
home,305.71,49,no_longer_needed,acceptable,refurbish
clothing,162.56,42,no_longer_needed,acceptable,peer_exchange
books,27.29,53,better_price_found,very_good,recycle
clothing,25.58,3,defective,acceptable,refurbish
home,415.8,80,no_longer_needed,acceptable,refurbish
clothing,40.24,112,wrong_size,very_good,resell_as_is
toys,80.31,28,no_longer_needed,for_parts,recycle
clothing,115.07,23,better_price_found,acceptable,refurbish
clothing,194.2,22,wrong_size,very_good,resell_as_is
home,304.6,64,not_as_described,like_new,resell_as_is
clothing,164.46,91,wrong_size,like_new,resell_as_is
electronics,326.78,6,not_as_described,very_good,resell_as_is
clothing,79.04,11,no_longer_needed,acceptable,refurbish
electronics,78.7,46,no_longer_needed,very_good,resell_as_is
electronics,335.28,1,better_price_found,good,refurbish
books,13.23,5,better_price_found,very_good,peer_exchange
home,490.32,85,defective,acceptable,refurbish
home,257.7,74,no_longer_needed,acceptable,refurbish
books,23.57,133,no_longer_needed,acceptable,refurbish
electronics,309.05,99,defective,good,refurbish
electronics,752.82,230,defective,acceptable,refurbish
home,248.54,119,defective,good,refurbish
electronics,658.26,191,not_as_described,acceptable,refurbish
clothing,12.54,45,not_as_described,good,peer_exchange
electronics,609.68,12,not_as_described,very_good,resell_as_is
toys,86.39,19,not_as_described,for_parts,recycle
electronics,666.83,22,not_as_described,like_new,resell_as_is
home,132.24,70,defective,like_new,resell_as_is
home,58.54,44,not_as_described,good,refurbish
electronics,273.39,31,no_longer_needed,for_parts,recycle
home,62.24,13,not_as_described,acceptable,refurbish
home,22.45,70,no_longer_needed,good,refurbish
electronics,658.55,25,no_longer_needed,good,refurbish
toys,17.5,11,better_price_found,like_new,peer_exchange
home,398.87,186,no_longer_needed,acceptable,refurbish
clothing,75.25,87,wrong_size,like_new,resell_as_is
toys,48.71,11,no_longer_needed,very_good,resell_as_is
home,99.75,29,better_price_found,acceptable,peer_exchange
toys,21.48,19,better_price_found,very_good,peer_exchange
home,346.25,16,defective,good,refurbish
home,253.88,30,not_as_described,for_parts,recycle
clothing,190.36,64,better_price_found,like_new,resell_as_is
clothing,163.99,117,wrong_size,good,refurbish
electronics,609.32,8,better_price_found,very_good,resell_as_is
electronics,230.2,32,not_as_described,like_new,resell_as_is
electronics,623.47,39,not_as_described,very_good,resell_as_is
clothing,41.2,17,wrong_size,like_new,resell_as_is
electronics,605.72,187,wrong_size,very_good,resell_as_is
electronics,616.41,23,defective,like_new,resell_as_is
electronics,287.73,10,not_as_described,very_good,resell_as_is
clothing,50.07,4,no_longer_needed,good,refurbish
electronics,799.0,99,defective,good,refurbish
electronics,627.37,76,not_as_described,acceptable,refurbish
electronics,222.34,38,defective,good,refurbish
electronics,717.31,515,not_as_described,good,refurbish
home,103.5,32,not_as_described,very_good,resell_as_is
home,111.44,19,defective,very_good,resell_as_is
home,419.85,41,not_as_described,good,refurbish
clothing,113.91,185,no_longer_needed,like_new,peer_exchange
electronics,67.07,11,defective,good,refurbish
toys,43.44,17,no_longer_needed,very_good,resell_as_is
clothing,198.09,33,no_longer_needed,good,refurbish
home,296.89,64,no_longer_needed,acceptable,refurbish
electronics,46.79,28,no_longer_needed,like_new,resell_as_is
home,420.87,53,defective,for_parts,donate
home,190.42,93,defective,good,refurbish
toys,29.37,6,not_as_described,like_new,peer_exchange
clothing,88.66,141,wrong_size,for_parts,recycle
books,46.82,84,better_price_found,good,refurbish
toys,42.8,3,no_longer_needed,good,refurbish
electronics,504.56,18,better_price_found,like_new,resell_as_is
electronics,39.58,17,defective,good,refurbish
clothing,48.81,116,wrong_size,very_good,resell_as_is
toys,87.86,136,defective,acceptable,refurbish
toys,36.67,146,not_as_described,good,refurbish
clothing,113.86,27,no_longer_needed,good,refurbish
electronics,776.27,65,defective,acceptable,refurbish
electronics,431.49,49,defective,very_good,resell_as_is
clothing,39.56,295,wrong_size,good,refurbish
clothing,83.39,196,defective,good,refurbish
toys,17.35,108,not_as_described,good,peer_exchange
clothing,40.18,52,not_as_described,very_good,resell_as_is
toys,73.73,40,better_price_found,good,refurbish
clothing,44.38,88,better_price_found,very_good,resell_as_is
clothing,64.21,95,not_as_described,like_new,resell_as_is
electronics,783.74,29,not_as_described,like_new,resell_as_is
books,26.47,141,no_longer_needed,for_parts,recycle
clothing,117.38,109,wrong_size,acceptable,refurbish
home,53.73,88,not_as_described,acceptable,refurbish
clothing,191.02,87,better_price_found,very_good,resell_as_is
home,348.47,3,defective,for_parts,recycle
toys,27.64,358,no_longer_needed,acceptable,refurbish
toys,58.18,69,defective,good,refurbish
electronics,595.43,2,better_price_found,for_parts,recycle
electronics,533.69,2,not_as_described,very_good,resell_as_is
electronics,60.26,1,not_as_described,good,refurbish
home,443.84,20,no_longer_needed,good,peer_exchange
home,445.78,116,defective,for_parts,recycle
home,162.46,76,no_longer_needed,good,refurbish
books,47.19,123,not_as_described,good,refurbish
home,418.27,15,better_price_found,good,refurbish
clothing,29.88,55,wrong_size,good,peer_exchange
clothing,27.83,57,wrong_size,for_parts,recycle
electronics,516.12,91,defective,good,refurbish
electronics,42.6,68,no_longer_needed,acceptable,refurbish
clothing,114.95,85,not_as_described,very_good,resell_as_is
home,274.3,7,defective,acceptable,refurbish
clothing,83.47,11,wrong_size,good,refurbish
home,275.86,104,no_longer_needed,like_new,resell_as_is
books,41.88,38,not_as_described,acceptable,refurbish
electronics,740.91,100,no_longer_needed,like_new,resell_as_is
home,383.28,39,better_price_found,very_good,refurbish
electronics,126.7,66,no_longer_needed,good,refurbish
toys,54.66,36,defective,like_new,resell_as_is
clothing,109.56,14,no_longer_needed,for_parts,recycle
books,44.28,333,no_longer_needed,acceptable,refurbish
home,356.85,82,defective,acceptable,refurbish
electronics,443.17,120,better_price_found,acceptable,donate
electronics,98.95,29,defective,like_new,resell_as_is
home,401.28,28,not_as_described,very_good,resell_as_is
home,254.1,110,better_price_found,good,refurbish
toys,75.62,62,no_longer_needed,like_new,donate
electronics,676.19,28,defective,good,refurbish
electronics,720.59,191,not_as_described,good,refurbish
clothing,172.68,2,defective,for_parts,recycle
clothing,129.72,157,wrong_size,for_parts,recycle
toys,75.75,67,better_price_found,very_good,resell_as_is
electronics,40.02,72,defective,acceptable,refurbish
electronics,87.64,42,better_price_found,acceptable,refurbish
toys,32.28,26,defective,very_good,resell_as_is
clothing,167.23,62,wrong_size,good,recycle
books,6.91,15,no_longer_needed,acceptable,donate
home,77.95,31,better_price_found,for_parts,recycle
home,476.37,36,defective,good,refurbish
home,404.61,33,defective,very_good,resell_as_is
clothing,12.28,187,defective,acceptable,donate
electronics,500.14,358,defective,acceptable,refurbish
clothing,80.81,138,not_as_described,good,refurbish
electronics,87.44,2,no_longer_needed,good,refurbish
clothing,52.15,99,wrong_size,for_parts,recycle
electronics,404.79,4,defective,good,refurbish
electronics,250.92,39,not_as_described,like_new,resell_as_is
home,342.64,31,defective,good,refurbish
clothing,47.18,6,better_price_found,acceptable,refurbish
clothing,180.09,12,not_as_described,acceptable,refurbish
electronics,197.65,140,not_as_described,acceptable,refurbish
toys,91.64,40,not_as_described,good,refurbish
clothing,166.23,13,wrong_size,good,refurbish
clothing,193.11,59,better_price_found,acceptable,refurbish
clothing,37.02,45,wrong_size,for_parts,recycle
electronics,506.63,43,defective,like_new,resell_as_is
clothing,37.74,38,wrong_size,very_good,resell_as_is
clothing,18.82,212,no_longer_needed,very_good,peer_exchange
books,21.08,51,no_longer_needed,good,peer_exchange
clothing,14.03,102,wrong_size,good,peer_exchange
home,214.24,80,defective,good,refurbish
books,31.08,23,not_as_described,very_good,resell_as_is
electronics,762.96,137,defective,good,refurbish
electronics,428.64,32,defective,good,refurbish
clothing,114.95,24,no_longer_needed,acceptable,refurbish
books,11.82,7,no_longer_needed,very_good,peer_exchange
home,40.63,21,not_as_described,very_good,recycle
books,46.01,10,not_as_described,good,refurbish
clothing,172.49,43,better_price_found,like_new,resell_as_is
clothing,191.06,37,not_as_described,acceptable,refurbish
home,217.24,95,better_price_found,like_new,resell_as_is
books,34.39,97,better_price_found,acceptable,refurbish
toys,87.46,102,defective,very_good,resell_as_is
home,162.06,6,not_as_described,acceptable,refurbish
toys,42.86,28,not_as_described,very_good,resell_as_is
clothing,13.87,35,wrong_size,like_new,peer_exchange
electronics,373.14,20,not_as_described,for_parts,recycle
home,460.85,29,defective,very_good,resell_as_is
home,17.23,116,defective,for_parts,recycle
toys,82.47,10,no_longer_needed,very_good,resell_as_is
clothing,72.09,150,wrong_size,very_good,resell_as_is
home,329.07,67,better_price_found,like_new,resell_as_is
home,323.52,36,wrong_size,like_new,resell_as_is
clothing,32.35,34,wrong_size,acceptable,refurbish
clothing,107.15,185,not_as_described,for_parts,recycle
books,27.37,2,better_price_found,for_parts,recycle
toys,20.97,69,defective,very_good,peer_exchange
clothing,11.35,33,wrong_size,good,peer_exchange
books,17.02,30,no_longer_needed,good,peer_exchange
clothing,73.55,130,wrong_size,acceptable,refurbish
electronics,177.81,7,not_as_described,for_parts,recycle
clothing,90.0,25,no_longer_needed,acceptable,refurbish
toys,62.75,58,no_longer_needed,good,refurbish
home,73.42,159,no_longer_needed,like_new,resell_as_is
clothing,163.14,187,wrong_size,acceptable,refurbish
home,201.69,7,not_as_described,like_new,resell_as_is
books,49.89,14,not_as_described,acceptable,refurbish
toys,78.75,81,defective,like_new,resell_as_is
electronics,575.6,36,not_as_described,acceptable,refurbish
clothing,170.04,34,wrong_size,good,refurbish
clothing,59.03,16,wrong_size,very_good,resell_as_is
home,321.71,16,defective,acceptable,refurbish
books,23.16,48,no_longer_needed,for_parts,recycle
toys,89.93,62,wrong_size,good,refurbish
electronics,563.8,85,no_longer_needed,very_good,resell_as_is
toys,75.12,43,no_longer_needed,for_parts,recycle
electronics,274.14,33,defective,good,refurbish
electronics,166.69,151,no_longer_needed,very_good,resell_as_is
clothing,137.89,53,better_price_found,good,refurbish
electronics,714.64,77,defective,very_good,resell_as_is
electronics,632.59,94,defective,like_new,resell_as_is
clothing,22.84,25,better_price_found,acceptable,refurbish
clothing,90.43,2,no_longer_needed,like_new,resell_as_is
clothing,10.32,235,wrong_size,like_new,peer_exchange
electronics,39.47,41,defective,for_parts,resell_as_is
electronics,604.14,157,defective,good,refurbish
electronics,748.33,45,defective,good,refurbish
clothing,112.88,40,defective,like_new,resell_as_is
clothing,165.97,105,wrong_size,like_new,resell_as_is
home,67.02,73,wrong_size,like_new,resell_as_is
electronics,772.18,135,no_longer_needed,like_new,resell_as_is
clothing,101.37,12,not_as_described,good,refurbish
toys,60.02,63,defective,very_good,resell_as_is
home,106.87,51,better_price_found,very_good,resell_as_is
toys,50.44,33,not_as_described,acceptable,refurbish
clothing,15.82,36,wrong_size,like_new,peer_exchange
electronics,766.82,3,not_as_described,very_good,resell_as_is
electronics,446.51,89,better_price_found,good,refurbish
electronics,709.53,43,better_price_found,very_good,resell_as_is
toys,94.79,174,wrong_size,good,recycle
clothing,63.59,8,not_as_described,very_good,resell_as_is
clothing,113.03,8,defective,acceptable,refurbish
clothing,103.83,120,not_as_described,like_new,resell_as_is
books,38.91,38,no_longer_needed,good,refurbish
books,45.07,37,better_price_found,like_new,resell_as_is
clothing,133.85,10,defective,like_new,resell_as_is
books,38.19,29,better_price_found,good,refurbish
home,494.87,104,not_as_described,very_good,resell_as_is
clothing,129.58,26,defective,good,refurbish
home,72.55,17,wrong_size,like_new,resell_as_is
home,453.8,30,not_as_described,acceptable,refurbish
toys,13.26,18,wrong_size,good,peer_exchange
clothing,172.23,37,better_price_found,like_new,resell_as_is
clothing,14.85,92,wrong_size,acceptable,peer_exchange
clothing,165.18,43,better_price_found,like_new,resell_as_is
clothing,90.32,260,wrong_size,good,refurbish
home,266.17,56,no_longer_needed,like_new,resell_as_is
books,22.49,79,no_longer_needed,acceptable,refurbish
home,31.17,8,no_longer_needed,acceptable,refurbish
clothing,152.41,142,defective,like_new,resell_as_is
clothing,35.42,58,not_as_described,good,refurbish
clothing,12.51,24,wrong_size,good,peer_exchange
books,40.89,35,not_as_described,good,refurbish
electronics,622.98,25,better_price_found,good,refurbish
home,283.98,69,no_longer_needed,good,refurbish
electronics,236.46,16,no_longer_needed,like_new,resell_as_is
clothing,25.11,34,wrong_size,good,peer_exchange
clothing,173.83,32,defective,acceptable,refurbish
clothing,104.21,7,wrong_size,good,donate
books,9.92,33,no_longer_needed,good,peer_exchange
electronics,100.28,58,defective,like_new,resell_as_is
electronics,301.75,19,defective,good,resell_as_is
clothing,142.08,100,wrong_size,acceptable,refurbish
electronics,794.15,2,defective,acceptable,refurbish
home,429.93,192,not_as_described,for_parts,recycle
electronics,420.86,63,not_as_described,good,refurbish
clothing,190.99,42,wrong_size,acceptable,refurbish
books,7.56,25,defective,like_new,peer_exchange
clothing,175.58,44,wrong_size,acceptable,refurbish
home,327.14,11,no_longer_needed,very_good,resell_as_is
toys,41.12,57,not_as_described,like_new,resell_as_is
clothing,87.43,30,no_longer_needed,like_new,resell_as_is
books,46.42,32,better_price_found,very_good,resell_as_is
books,45.65,16,defective,like_new,resell_as_is
home,262.35,37,not_as_described,acceptable,donate
toys,66.43,125,better_price_found,acceptable,refurbish
home,258.66,46,defective,good,refurbish
clothing,80.09,67,wrong_size,very_good,resell_as_is
electronics,181.92,57,no_longer_needed,good,refurbish
electronics,768.03,12,no_longer_needed,for_parts,recycle
electronics,266.32,2,not_as_described,good,refurbish
electronics,657.92,81,defective,very_good,resell_as_is
clothing,31.87,6,no_longer_needed,very_good,resell_as_is
books,32.55,56,no_longer_needed,good,refurbish
toys,28.51,15,defective,good,peer_exchange
electronics,304.34,12,defective,for_parts,recycle
electronics,216.96,1,no_longer_needed,good,refurbish
home,266.19,98,no_longer_needed,very_good,resell_as_is
clothing,95.73,12,wrong_size,very_good,donate
toys,24.58,23,no_longer_needed,good,peer_exchange
clothing,88.36,8,not_as_described,very_good,resell_as_is
toys,31.59,10,wrong_size,very_good,resell_as_is
clothing,109.62,26,no_longer_needed,for_parts,recycle
books,10.9,16,no_longer_needed,very_good,donate
toys,86.05,191,better_price_found,acceptable,refurbish
electronics,730.35,77,defective,very_good,resell_as_is
clothing,25.48,10,no_longer_needed,very_good,peer_exchange
home,379.32,11,defective,good,refurbish
electronics,310.13,123,better_price_found,good,recycle
books,22.87,63,no_longer_needed,acceptable,refurbish
clothing,196.25,20,wrong_size,good,refurbish
clothing,127.82,58,wrong_size,acceptable,refurbish
books,46.09,11,no_longer_needed,very_good,resell_as_is
home,111.39,168,no_longer_needed,for_parts,recycle
books,35.06,49,better_price_found,good,refurbish
clothing,165.24,64,no_longer_needed,very_good,resell_as_is
electronics,619.51,25,defective,good,refurbish
toys,57.5,210,defective,very_good,resell_as_is
home,118.29,29,better_price_found,like_new,resell_as_is
home,78.29,70,not_as_described,very_good,resell_as_is
books,15.4,44,no_longer_needed,like_new,peer_exchange
clothing,70.58,66,wrong_size,good,refurbish
electronics,302.29,16,no_longer_needed,very_good,resell_as_is
home,211.21,5,better_price_found,very_good,resell_as_is
electronics,694.97,21,wrong_size,very_good,resell_as_is
electronics,44.34,52,not_as_described,acceptable,refurbish
electronics,460.41,2,not_as_described,acceptable,refurbish
electronics,68.0,116,better_price_found,very_good,resell_as_is
toys,58.22,39,no_longer_needed,very_good,resell_as_is
books,6.04,68,no_longer_needed,for_parts,recycle
books,18.9,34,not_as_described,acceptable,refurbish
books,25.5,109,not_as_described,like_new,peer_exchange
clothing,77.76,66,wrong_size,good,refurbish
electronics,729.49,37,no_longer_needed,like_new,donate
electronics,162.97,15,defective,acceptable,refurbish
home,23.92,101,defective,very_good,peer_exchange
books,22.04,144,better_price_found,like_new,peer_exchange
toys,10.74,88,better_price_found,acceptable,donate
books,34.96,34,defective,acceptable,refurbish
clothing,111.18,31,no_longer_needed,like_new,resell_as_is
toys,17.5,192,better_price_found,for_parts,recycle
clothing,144.13,24,wrong_size,for_parts,recycle
electronics,34.36,78,no_longer_needed,good,refurbish
books,39.57,29,wrong_size,like_new,resell_as_is
clothing,97.0,53,no_longer_needed,very_good,resell_as_is
books,19.97,21,no_longer_needed,for_parts,recycle
electronics,412.46,6,better_price_found,very_good,resell_as_is
books,48.55,72,not_as_described,good,refurbish
clothing,35.19,12,no_longer_needed,good,refurbish
clothing,111.17,227,wrong_size,good,refurbish
electronics,631.24,112,no_longer_needed,very_good,resell_as_is
toys,34.56,103,not_as_described,for_parts,recycle
electronics,620.92,12,defective,good,refurbish
clothing,119.32,12,wrong_size,good,refurbish
home,330.16,137,not_as_described,like_new,resell_as_is
home,267.93,71,not_as_described,like_new,resell_as_is
electronics,375.93,41,not_as_described,good,recycle
home,221.31,13,defective,good,refurbish
electronics,316.36,54,no_longer_needed,good,refurbish
electronics,516.66,7,not_as_described,good,refurbish
clothing,167.17,10,defective,for_parts,recycle
home,416.03,14,defective,acceptable,refurbish
electronics,271.55,31,no_longer_needed,good,refurbish
toys,79.83,66,not_as_described,like_new,resell_as_is
clothing,76.67,70,defective,acceptable,refurbish
electronics,379.85,181,no_longer_needed,very_good,resell_as_is
toys,19.38,18,not_as_described,good,peer_exchange
electronics,510.76,7,not_as_described,good,refurbish
electronics,518.59,34,not_as_described,good,refurbish
electronics,117.68,17,no_longer_needed,good,refurbish
home,428.79,29,not_as_described,acceptable,refurbish
clothing,46.92,148,defective,very_good,resell_as_is
electronics,755.93,28,no_longer_needed,very_good,resell_as_is
books,40.46,114,defective,for_parts,recycle
books,35.8,14,no_longer_needed,like_new,resell_as_is
clothing,38.83,233,better_price_found,acceptable,refurbish
home,332.71,7,better_price_found,acceptable,refurbish
toys,58.88,36,better_price_found,good,refurbish
clothing,130.9,77,not_as_described,good,refurbish
home,455.59,1,defective,like_new,resell_as_is
home,476.62,53,not_as_described,acceptable,refurbish
clothing,98.59,22,wrong_size,like_new,resell_as_is
clothing,161.22,13,wrong_size,like_new,resell_as_is
home,434.78,103,defective,like_new,resell_as_is
toys,69.94,3,defective,good,refurbish
books,30.79,57,no_longer_needed,very_good,resell_as_is
home,194.91,43,no_longer_needed,like_new,resell_as_is
clothing,143.53,2,not_as_described,like_new,peer_exchange
books,28.38,46,no_longer_needed,very_good,donate
clothing,60.81,40,no_longer_needed,acceptable,refurbish
clothing,134.31,13,wrong_size,very_good,resell_as_is
clothing,188.14,8,no_longer_needed,good,refurbish
electronics,138.07,11,no_longer_needed,acceptable,refurbish
clothing,97.77,39,wrong_size,very_good,resell_as_is
clothing,175.13,22,wrong_size,good,refurbish
toys,83.48,67,better_price_found,like_new,resell_as_is
books,24.49,1,not_as_described,good,peer_exchange
electronics,369.47,1,not_as_described,acceptable,refurbish
clothing,40.83,14,wrong_size,acceptable,refurbish
clothing,32.07,13,wrong_size,like_new,resell_as_is
clothing,27.77,103,not_as_described,good,peer_exchange
electronics,377.53,130,defective,good,refurbish
home,228.38,76,no_longer_needed,good,refurbish
clothing,167.71,183,not_as_described,good,refurbish
home,414.14,2,no_longer_needed,acceptable,refurbish
home,35.08,36,no_longer_needed,for_parts,recycle
clothing,162.82,84,not_as_described,like_new,resell_as_is
home,365.58,88,not_as_described,for_parts,recycle
clothing,187.5,144,no_longer_needed,good,refurbish
clothing,57.67,44,not_as_described,very_good,resell_as_is
clothing,110.04,35,wrong_size,acceptable,refurbish
home,309.61,53,not_as_described,very_good,resell_as_is
clothing,159.98,34,wrong_size,like_new,resell_as_is
clothing,33.82,68,wrong_size,good,refurbish
toys,29.0,33,better_price_found,very_good,peer_exchange
clothing,31.03,60,better_price_found,good,refurbish
home,216.32,58,defective,very_good,resell_as_is
books,20.67,61,not_as_described,very_good,peer_exchange
home,239.13,25,better_price_found,like_new,resell_as_is
home,349.77,165,no_longer_needed,very_good,resell_as_is
clothing,15.85,147,wrong_size,good,peer_exchange
books,29.9,78,no_longer_needed,acceptable,refurbish
toys,23.03,23,no_longer_needed,acceptable,refurbish
electronics,132.5,22,not_as_described,good,refurbish
home,222.37,176,defective,good,refurbish
clothing,88.22,28,wrong_size,good,refurbish
electronics,370.91,33,defective,like_new,resell_as_is
home,471.47,6,defective,like_new,resell_as_is
home,210.71,96,no_longer_needed,for_parts,recycle
electronics,234.35,2,better_price_found,very_good,resell_as_is
clothing,56.7,10,wrong_size,good,refurbish
clothing,111.21,3,no_longer_needed,like_new,resell_as_is
clothing,42.01,37,better_price_found,very_good,resell_as_is
electronics,485.77,6,no_longer_needed,for_parts,recycle
electronics,455.44,7,not_as_described,acceptable,refurbish
books,41.08,20,no_longer_needed,like_new,resell_as_is
electronics,750.95,32,no_longer_needed,acceptable,refurbish
home,155.25,70,not_as_described,good,recycle
clothing,59.37,114,wrong_size,acceptable,refurbish
books,31.72,49,better_price_found,good,refurbish
electronics,406.22,101,no_longer_needed,acceptable,refurbish
toys,24.69,12,wrong_size,for_parts,recycle
home,43.96,22,no_longer_needed,good,refurbish
clothing,30.67,47,wrong_size,good,refurbish
clothing,34.53,31,wrong_size,acceptable,refurbish
toys,92.82,78,no_longer_needed,good,refurbish
home,166.21,26,not_as_described,acceptable,refurbish
electronics,378.35,199,defective,good,refurbish
clothing,178.7,120,wrong_size,like_new,resell_as_is
clothing,192.24,20,better_price_found,very_good,resell_as_is
clothing,130.29,5,wrong_size,very_good,donate
home,184.58,83,not_as_described,very_good,resell_as_is
books,25.16,23,no_longer_needed,good,peer_exchange
clothing,30.1,16,no_longer_needed,very_good,resell_as_is
clothing,80.5,24,wrong_size,like_new,resell_as_is
electronics,333.55,25,no_longer_needed,good,refurbish
clothing,85.77,237,wrong_size,very_good,resell_as_is
books,46.35,113,no_longer_needed,for_parts,resell_as_is
toys,77.45,20,no_longer_needed,very_good,resell_as_is
home,101.92,8,not_as_described,good,recycle
toys,70.71,127,wrong_size,acceptable,refurbish
electronics,40.03,19,better_price_found,good,refurbish
clothing,187.96,38,wrong_size,very_good,resell_as_is
clothing,40.41,1,wrong_size,acceptable,refurbish
home,462.36,44,no_longer_needed,very_good,resell_as_is
electronics,585.37,65,defective,very_good,resell_as_is
electronics,476.13,304,not_as_described,good,resell_as_is
electronics,456.09,56,defective,very_good,resell_as_is
clothing,187.52,29,wrong_size,like_new,resell_as_is
clothing,45.87,20,wrong_size,good,refurbish
home,162.87,41,no_longer_needed,good,refurbish
clothing,193.06,37,wrong_size,very_good,donate
clothing,192.2,15,not_as_described,acceptable,refurbish
electronics,788.61,143,better_price_found,acceptable,refurbish
clothing,170.61,46,not_as_described,good,refurbish
electronics,648.38,20,defective,like_new,resell_as_is
toys,44.53,67,defective,for_parts,recycle
clothing,76.21,34,defective,very_good,resell_as_is
books,17.06,241,wrong_size,good,peer_exchange
electronics,145.61,18,no_longer_needed,for_parts,recycle
clothing,111.98,26,no_longer_needed,good,refurbish
electronics,788.7,2,better_price_found,very_good,resell_as_is
clothing,173.36,48,wrong_size,very_good,resell_as_is
books,39.5,107,defective,good,refurbish
home,73.54,69,no_longer_needed,good,recycle
home,432.02,29,better_price_found,good,refurbish
home,268.01,8,no_longer_needed,good,refurbish
electronics,439.92,88,better_price_found,acceptable,refurbish
electronics,673.63,12,defective,like_new,resell_as_is
electronics,127.73,17,not_as_described,acceptable,refurbish
clothing,41.63,19,wrong_size,good,refurbish
clothing,170.74,239,wrong_size,like_new,resell_as_is
electronics,295.45,31,better_price_found,good,resell_as_is
books,33.43,2,not_as_described,very_good,resell_as_is
electronics,573.89,3,defective,acceptable,refurbish
clothing,182.01,5,not_as_described,very_good,resell_as_is
home,74.21,158,defective,like_new,resell_as_is
home,362.28,46,not_as_described,for_parts,recycle
home,109.68,103,no_longer_needed,for_parts,recycle
home,489.86,38,no_longer_needed,for_parts,recycle
home,24.74,44,defective,like_new,refurbish
electronics,725.79,44,no_longer_needed,very_good,resell_as_is
electronics,201.19,120,no_longer_needed,acceptable,refurbish
home,271.02,19,no_longer_needed,like_new,resell_as_is
electronics,413.71,21,defective,good,refurbish
electronics,319.81,27,no_longer_needed,good,refurbish
electronics,298.7,49,defective,like_new,resell_as_is
home,128.57,16,no_longer_needed,like_new,resell_as_is
toys,88.13,15,wrong_size,for_parts,recycle
clothing,59.72,17,no_longer_needed,for_parts,recycle
home,154.56,48,defective,like_new,resell_as_is
home,33.66,218,better_price_found,like_new,resell_as_is
home,478.21,134,defective,like_new,resell_as_is
clothing,78.39,90,wrong_size,acceptable,refurbish
clothing,95.08,21,no_longer_needed,good,refurbish
toys,87.1,45,no_longer_needed,very_good,resell_as_is
toys,15.42,84,better_price_found,for_parts,recycle
clothing,53.66,94,wrong_size,very_good,resell_as_is
clothing,90.12,50,better_price_found,very_good,resell_as_is
home,71.28,100,defective,acceptable,refurbish
home,149.2,52,no_longer_needed,good,refurbish
home,148.11,10,no_longer_needed,acceptable,refurbish
electronics,29.41,46,not_as_described,good,refurbish
clothing,155.58,13,wrong_size,good,refurbish
clothing,187.22,4,wrong_size,good,refurbish
clothing,115.4,2,defective,very_good,resell_as_is
clothing,153.1,47,not_as_described,good,refurbish
home,381.49,60,not_as_described,very_good,resell_as_is
electronics,48.51,72,defective,for_parts,recycle
home,167.25,61,not_as_described,very_good,resell_as_is
electronics,607.64,97,better_price_found,good,refurbish
toys,81.7,87,no_longer_needed,good,recycle
home,207.14,57,not_as_described,good,refurbish
home,455.89,89,defective,good,refurbish
clothing,93.52,21,wrong_size,very_good,resell_as_is
clothing,106.78,80,wrong_size,good,refurbish
toys,40.1,22,not_as_described,acceptable,refurbish
clothing,164.36,38,wrong_size,acceptable,refurbish
electronics,797.01,26,defective,very_good,resell_as_is
electronics,295.04,67,better_price_found,very_good,resell_as_is
home,49.32,26,no_longer_needed,acceptable,refurbish
electronics,25.36,47,not_as_described,good,refurbish
toys,99.1,73,no_longer_needed,like_new,resell_as_is
clothing,199.96,9,no_longer_needed,for_parts,recycle
home,140.46,1,defective,acceptable,refurbish
clothing,116.88,53,not_as_described,for_parts,resell_as_is
electronics,501.07,20,no_longer_needed,good,refurbish
home,216.63,104,no_longer_needed,good,refurbish
books,28.93,5,no_longer_needed,very_good,peer_exchange
home,327.75,68,no_longer_needed,like_new,resell_as_is
home,212.96,87,defective,very_good,resell_as_is
clothing,60.62,32,wrong_size,like_new,resell_as_is
books,16.71,3,no_longer_needed,acceptable,refurbish
clothing,40.16,7,not_as_described,for_parts,recycle
toys,47.96,137,defective,like_new,resell_as_is
clothing,70.36,67,wrong_size,good,refurbish
home,166.51,46,wrong_size,acceptable,refurbish
electronics,187.99,19,not_as_described,good,refurbish
home,446.18,3,not_as_described,good,refurbish
electronics,184.24,4,not_as_described,good,refurbish
clothing,72.66,103,wrong_size,good,refurbish
books,35.0,22,better_price_found,acceptable,refurbish
electronics,53.75,72,better_price_found,acceptable,refurbish
clothing,67.87,68,no_longer_needed,good,refurbish
clothing,17.53,144,wrong_size,good,peer_exchange
clothing,167.78,25,no_longer_needed,like_new,resell_as_is
home,253.34,70,better_price_found,acceptable,refurbish
clothing,110.38,19,better_price_found,like_new,resell_as_is
clothing,83.44,150,wrong_size,for_parts,recycle
books,28.48,23,no_longer_needed,good,peer_exchange
clothing,45.43,25,not_as_described,very_good,resell_as_is
toys,42.69,38,defective,very_good,resell_as_is
electronics,162.0,29,no_longer_needed,good,refurbish
toys,21.9,3,not_as_described,good,peer_exchange
electronics,117.36,3,no_longer_needed,for_parts,recycle
electronics,90.09,126,better_price_found,very_good,resell_as_is
clothing,105.47,69,not_as_described,for_parts,peer_exchange
clothing,105.65,143,defective,like_new,resell_as_is
home,69.38,16,better_price_found,like_new,resell_as_is
books,9.56,3,not_as_described,good,peer_exchange
clothing,33.62,13,not_as_described,acceptable,refurbish
clothing,197.39,14,wrong_size,acceptable,refurbish
clothing,114.25,29,wrong_size,for_parts,recycle
clothing,10.56,99,wrong_size,acceptable,donate
clothing,148.36,19,wrong_size,good,refurbish
toys,25.37,84,better_price_found,very_good,peer_exchange
electronics,788.65,78,not_as_described,very_good,resell_as_is
clothing,188.13,55,better_price_found,acceptable,refurbish
clothing,38.37,96,no_longer_needed,very_good,resell_as_is
clothing,30.81,42,better_price_found,good,refurbish
electronics,587.9,177,not_as_described,very_good,resell_as_is
toys,24.26,32,defective,good,peer_exchange
toys,45.95,51,better_price_found,very_good,resell_as_is
home,175.31,11,not_as_described,very_good,resell_as_is
toys,54.2,117,defective,for_parts,recycle
books,22.54,40,no_longer_needed,acceptable,refurbish
electronics,725.17,167,not_as_described,very_good,resell_as_is
clothing,165.27,102,wrong_size,good,refurbish
toys,35.29,14,better_price_found,like_new,resell_as_is
clothing,117.89,58,defective,for_parts,recycle
clothing,91.78,60,defective,like_new,resell_as_is
clothing,75.11,36,wrong_size,like_new,resell_as_is
electronics,174.19,33,no_longer_needed,good,refurbish
home,45.19,53,not_as_described,good,refurbish
home,86.52,8,defective,acceptable,refurbish
clothing,185.35,124,not_as_described,good,refurbish
electronics,217.06,41,no_longer_needed,good,refurbish
clothing,40.9,84,wrong_size,good,refurbish
electronics,79.3,50,defective,good,refurbish
clothing,102.79,159,defective,for_parts,recycle
home,331.52,124,defective,very_good,resell_as_is
toys,47.25,145,not_as_described,like_new,resell_as_is
clothing,170.59,30,better_price_found,very_good,resell_as_is
home,147.87,2,not_as_described,like_new,resell_as_is
toys,75.65,78,defective,like_new,resell_as_is
clothing,139.51,91,defective,like_new,resell_as_is
clothing,167.12,35,wrong_size,very_good,resell_as_is
clothing,86.87,41,not_as_described,very_good,resell_as_is
clothing,83.8,42,wrong_size,very_good,resell_as_is
clothing,199.71,5,not_as_described,very_good,resell_as_is
toys,44.94,105,defective,like_new,resell_as_is
clothing,85.5,29,defective,acceptable,refurbish
electronics,401.95,36,defective,like_new,resell_as_is
electronics,704.53,12,defective,good,refurbish
home,186.7,2,not_as_described,very_good,resell_as_is
clothing,60.39,5,no_longer_needed,good,refurbish
clothing,134.04,8,wrong_size,good,refurbish
clothing,161.78,68,wrong_size,acceptable,refurbish
home,255.38,37,no_longer_needed,very_good,peer_exchange
books,21.5,13,no_longer_needed,like_new,peer_exchange
electronics,486.37,2,no_longer_needed,good,refurbish
electronics,99.09,23,not_as_described,good,refurbish
home,135.45,31,better_price_found,acceptable,refurbish
clothing,136.5,139,not_as_described,good,refurbish
electronics,509.95,33,better_price_found,for_parts,recycle
clothing,61.96,7,defective,good,refurbish
home,45.51,59,better_price_found,good,refurbish
electronics,239.77,84,defective,acceptable,refurbish
clothing,67.15,55,no_longer_needed,like_new,resell_as_is
home,208.1,43,not_as_described,good,refurbish
electronics,156.79,16,not_as_described,very_good,resell_as_is
clothing,20.84,4,wrong_size,like_new,peer_exchange
home,498.03,2,no_longer_needed,good,refurbish
clothing,81.58,113,no_longer_needed,good,refurbish
toys,49.8,92,not_as_described,acceptable,refurbish
electronics,383.62,54,defective,acceptable,refurbish
toys,15.82,5,better_price_found,good,peer_exchange
electronics,751.39,89,no_longer_needed,for_parts,recycle
clothing,101.33,91,no_longer_needed,good,refurbish
books,34.13,16,no_longer_needed,for_parts,recycle
electronics,36.9,13,defective,acceptable,refurbish
books,8.9,143,not_as_described,good,peer_exchange
clothing,26.3,52,wrong_size,acceptable,refurbish
clothing,43.68,50,wrong_size,very_good,resell_as_is
electronics,599.67,7,not_as_described,for_parts,recycle
clothing,180.7,60,defective,good,refurbish
books,38.54,62,better_price_found,good,refurbish
toys,26.95,10,defective,for_parts,recycle
clothing,57.31,4,wrong_size,for_parts,recycle
toys,46.98,56,no_longer_needed,acceptable,refurbish
toys,63.02,4,no_longer_needed,like_new,resell_as_is
electronics,303.52,54,defective,good,peer_exchange
home,329.02,41,not_as_described,good,refurbish
clothing,42.84,69,not_as_described,very_good,resell_as_is
clothing,44.32,65,not_as_described,very_good,resell_as_is
books,42.63,31,better_price_found,acceptable,refurbish
toys,43.22,14,not_as_described,good,refurbish
home,397.04,29,defective,like_new,resell_as_is
home,446.23,39,better_price_found,very_good,resell_as_is
electronics,166.7,184,no_longer_needed,like_new,resell_as_is
electronics,134.76,72,not_as_described,good,refurbish
clothing,77.66,93,better_price_found,very_good,resell_as_is
clothing,18.37,15,better_price_found,acceptable,refurbish
clothing,69.05,10,not_as_described,good,refurbish
books,32.89,19,no_longer_needed,very_good,resell_as_is
clothing,175.33,117,no_longer_needed,good,refurbish
home,59.47,22,defective,good,refurbish
electronics,590.1,32,better_price_found,good,refurbish
electronics,740.69,27,no_longer_needed,very_good,resell_as_is
toys,80.44,58,not_as_described,very_good,resell_as_is
clothing,168.21,135,better_price_found,good,refurbish
clothing,133.71,1,no_longer_needed,very_good,resell_as_is
books,49.86,96,defective,very_good,resell_as_is
toys,32.31,173,better_price_found,acceptable,recycle
toys,87.19,46,no_longer_needed,for_parts,recycle
home,145.88,126,defective,very_good,resell_as_is
electronics,143.28,49,no_longer_needed,very_good,resell_as_is
books,31.06,63,defective,very_good,resell_as_is
electronics,323.93,27,no_longer_needed,good,refurbish
electronics,66.6,46,wrong_size,acceptable,refurbish
clothing,78.87,29,defective,like_new,peer_exchange
electronics,627.43,20,defective,very_good,resell_as_is
electronics,130.51,24,defective,acceptable,refurbish
electronics,116.67,61,no_longer_needed,for_parts,refurbish
books,7.8,69,no_longer_needed,like_new,peer_exchange
electronics,594.87,82,no_longer_needed,very_good,recycle
clothing,94.0,9,defective,acceptable,refurbish
electronics,279.17,235,not_as_described,very_good,resell_as_is
clothing,148.68,10,wrong_size,good,refurbish
electronics,742.64,4,no_longer_needed,very_good,resell_as_is
toys,38.86,54,no_longer_needed,like_new,resell_as_is
toys,24.42,110,defective,good,peer_exchange
clothing,67.12,19,no_longer_needed,very_good,resell_as_is
clothing,55.34,60,wrong_size,acceptable,refurbish
books,14.59,75,no_longer_needed,like_new,peer_exchange
home,146.39,149,no_longer_needed,very_good,resell_as_is
clothing,65.63,15,wrong_size,like_new,resell_as_is
electronics,226.18,6,not_as_described,good,refurbish
toys,19.0,20,no_longer_needed,very_good,recycle
clothing,91.85,216,defective,good,refurbish
clothing,30.04,118,wrong_size,like_new,resell_as_is
electronics,76.13,61,defective,very_good,resell_as_is
home,253.74,57,defective,acceptable,refurbish
clothing,136.45,42,not_as_described,good,refurbish
home,222.2,1,no_longer_needed,for_parts,recycle
books,25.5,62,better_price_found,acceptable,refurbish
electronics,166.11,34,no_longer_needed,acceptable,refurbish
electronics,671.07,47,no_longer_needed,acceptable,refurbish
electronics,690.05,8,defective,very_good,resell_as_is
electronics,598.47,218,defective,acceptable,donate
clothing,76.86,49,wrong_size,very_good,resell_as_is
electronics,518.03,30,defective,acceptable,refurbish
books,22.58,4,defective,very_good,peer_exchange
books,49.39,102,no_longer_needed,good,refurbish
toys,63.32,11,defective,good,refurbish
toys,64.27,68,wrong_size,good,refurbish
home,200.58,226,no_longer_needed,good,refurbish
toys,26.2,100,defective,good,peer_exchange
home,242.23,60,no_longer_needed,good,refurbish
books,29.83,41,better_price_found,very_good,peer_exchange
home,75.73,27,no_longer_needed,very_good,resell_as_is
home,340.51,79,better_price_found,very_good,resell_as_is
home,160.63,207,better_price_found,very_good,resell_as_is
home,224.27,120,no_longer_needed,good,refurbish
clothing,92.45,80,not_as_described,like_new,resell_as_is
clothing,149.98,82,defective,like_new,resell_as_is
clothing,158.4,12,defective,good,refurbish
toys,95.67,77,no_longer_needed,acceptable,refurbish
toys,49.0,33,no_longer_needed,good,refurbish
books,25.53,28,better_price_found,very_good,peer_exchange
home,102.13,31,defective,very_good,resell_as_is
clothing,97.82,14,no_longer_needed,very_good,resell_as_is
clothing,92.54,38,not_as_described,for_parts,recycle
home,33.87,57,defective,acceptable,refurbish
books,47.41,33,no_longer_needed,good,refurbish
toys,47.84,11,no_longer_needed,very_good,resell_as_is
clothing,137.58,51,not_as_described,like_new,resell_as_is
clothing,194.94,4,wrong_size,for_parts,recycle
books,8.42,50,no_longer_needed,acceptable,resell_as_is
electronics,283.02,10,not_as_described,good,refurbish
home,435.81,90,defective,very_good,resell_as_is
electronics,301.76,17,better_price_found,acceptable,refurbish
toys,69.18,12,no_longer_needed,like_new,resell_as_is
electronics,125.65,84,better_price_found,very_good,resell_as_is
clothing,132.95,26,better_price_found,like_new,resell_as_is
electronics,372.32,18,not_as_described,like_new,resell_as_is
electronics,478.16,3,defective,like_new,resell_as_is
electronics,294.87,22,no_longer_needed,like_new,resell_as_is
clothing,96.03,16,defective,very_good,resell_as_is
electronics,588.1,10,defective,good,refurbish
clothing,115.05,20,wrong_size,very_good,resell_as_is
toys,41.37,64,no_longer_needed,acceptable,refurbish
electronics,261.19,123,not_as_described,like_new,resell_as_is
clothing,175.9,49,not_as_described,very_good,recycle
clothing,129.35,6,no_longer_needed,acceptable,refurbish
toys,23.51,70,better_price_found,very_good,recycle
home,155.26,345,defective,for_parts,recycle
clothing,121.21,90,wrong_size,good,refurbish
electronics,726.31,79,no_longer_needed,like_new,resell_as_is
toys,19.41,60,no_longer_needed,very_good,peer_exchange
electronics,409.04,25,no_longer_needed,acceptable,refurbish
clothing,90.41,24,defective,acceptable,refurbish
electronics,596.44,58,better_price_found,like_new,resell_as_is
toys,91.91,50,not_as_described,good,refurbish
clothing,94.69,22,wrong_size,like_new,resell_as_is
clothing,42.87,99,not_as_described,acceptable,refurbish
books,48.12,27,no_longer_needed,good,refurbish
electronics,742.87,40,no_longer_needed,very_good,resell_as_is
electronics,234.12,302,no_longer_needed,acceptable,refurbish
electronics,148.46,158,not_as_described,good,refurbish
books,28.28,105,better_price_found,good,peer_exchange
clothing,46.99,65,wrong_size,for_parts,recycle
toys,33.05,176,no_longer_needed,acceptable,refurbish
clothing,118.1,30,wrong_size,for_parts,resell_as_is
clothing,115.83,129,wrong_size,like_new,resell_as_is
electronics,533.36,61,defective,like_new,resell_as_is
toys,71.8,53,not_as_described,good,resell_as_is
home,192.71,88,not_as_described,very_good,resell_as_is
clothing,174.58,108,defective,good,refurbish
home,457.7,59,not_as_described,good,refurbish
electronics,396.31,24,defective,very_good,resell_as_is
electronics,334.83,61,defective,for_parts,recycle
home,152.52,31,not_as_described,good,refurbish
home,266.57,5,not_as_described,good,refurbish
electronics,266.45,19,not_as_described,acceptable,refurbish
toys,28.36,15,no_longer_needed,acceptable,refurbish
home,406.05,67,no_longer_needed,acceptable,recycle
home,75.22,9,defective,acceptable,refurbish
home,265.34,48,defective,good,refurbish
electronics,59.12,24,no_longer_needed,very_good,resell_as_is
electronics,81.53,57,defective,good,refurbish
books,11.02,37,better_price_found,acceptable,donate
clothing,185.25,35,no_longer_needed,good,refurbish
electronics,56.41,14,better_price_found,good,refurbish
home,202.47,15,better_price_found,good,refurbish
toys,43.32,116,better_price_found,very_good,resell_as_is
clothing,98.65,52,no_longer_needed,acceptable,refurbish
home,281.45,91,not_as_described,like_new,resell_as_is
clothing,191.18,11,not_as_described,good,refurbish
home,408.17,76,defective,very_good,refurbish
clothing,42.85,33,defective,good,refurbish
home,62.75,50,no_longer_needed,very_good,resell_as_is
home,328.18,42,better_price_found,good,refurbish
electronics,75.43,11,better_price_found,good,refurbish
electronics,351.78,194,defective,good,refurbish
toys,85.83,117,no_longer_needed,very_good,resell_as_is
toys,56.39,19,no_longer_needed,good,refurbish
home,299.9,57,not_as_described,very_good,resell_as_is
clothing,74.22,22,wrong_size,good,refurbish
home,428.09,43,not_as_described,very_good,resell_as_is
clothing,151.06,32,wrong_size,very_good,resell_as_is
clothing,60.23,160,not_as_described,like_new,resell_as_is
clothing,122.86,84,wrong_size,acceptable,refurbish
electronics,776.96,9,better_price_found,acceptable,refurbish
home,261.08,80,not_as_described,like_new,resell_as_is
toys,78.22,13,defective,very_good,resell_as_is
electronics,443.82,20,no_longer_needed,like_new,resell_as_is
home,280.17,91,defective,good,refurbish
home,78.7,10,not_as_described,good,refurbish
clothing,99.07,3,wrong_size,like_new,resell_as_is
electronics,143.31,101,no_longer_needed,good,refurbish
toys,46.43,28,better_price_found,acceptable,refurbish
clothing,106.33,48,not_as_described,very_good,resell_as_is
toys,60.56,29,no_longer_needed,very_good,resell_as_is
home,47.77,46,no_longer_needed,very_good,donate
books,16.32,76,no_longer_needed,like_new,peer_exchange
clothing,181.89,241,wrong_size,good,refurbish
clothing,76.34,7,no_longer_needed,good,refurbish
clothing,43.16,12,better_price_found,acceptable,refurbish
electronics,357.97,46,not_as_described,for_parts,peer_exchange
electronics,324.86,22,not_as_described,very_good,resell_as_is
clothing,184.7,6,not_as_described,good,refurbish
clothing,68.03,12,wrong_size,good,refurbish
clothing,39.97,20,wrong_size,for_parts,recycle
clothing,56.93,142,wrong_size,good,refurbish
clothing,10.56,15,better_price_found,like_new,peer_exchange
home,421.47,39,defective,good,refurbish
clothing,163.44,11,wrong_size,very_good,resell_as_is
home,393.84,66,no_longer_needed,good,refurbish
clothing,127.12,5,wrong_size,good,refurbish
clothing,146.45,39,better_price_found,very_good,resell_as_is
electronics,262.17,121,defective,very_good,resell_as_is
electronics,434.65,22,not_as_described,acceptable,refurbish
clothing,119.73,88,no_longer_needed,very_good,resell_as_is
clothing,45.63,1,wrong_size,acceptable,refurbish
clothing,125.59,81,wrong_size,good,peer_exchange
electronics,494.31,1,no_longer_needed,for_parts,recycle
home,239.4,23,defective,good,refurbish
books,46.38,204,not_as_described,like_new,resell_as_is
home,228.25,134,no_longer_needed,good,donate
home,77.8,15,no_longer_needed,very_good,resell_as_is
clothing,46.48,118,wrong_size,very_good,resell_as_is
home,99.01,29,wrong_size,acceptable,refurbish
electronics,472.32,74,no_longer_needed,very_good,resell_as_is
clothing,29.22,113,not_as_described,good,peer_exchange
clothing,11.06,123,wrong_size,good,peer_exchange
clothing,140.46,34,not_as_described,acceptable,refurbish
clothing,157.74,76,not_as_described,very_good,resell_as_is
clothing,76.28,73,wrong_size,for_parts,recycle
clothing,18.08,75,no_longer_needed,for_parts,recycle
electronics,733.81,18,no_longer_needed,like_new,resell_as_is
electronics,562.56,46,better_price_found,like_new,resell_as_is
electronics,705.77,55,not_as_described,like_new,resell_as_is
clothing,69.99,89,wrong_size,good,refurbish
toys,76.62,20,no_longer_needed,like_new,resell_as_is
home,427.79,5,defective,good,refurbish
home,119.05,8,not_as_described,acceptable,refurbish
books,16.99,131,no_longer_needed,acceptable,refurbish
clothing,59.45,51,wrong_size,for_parts,recycle
clothing,54.33,1,not_as_described,good,refurbish
electronics,744.35,25,better_price_found,like_new,resell_as_is
clothing,78.06,5,not_as_described,like_new,resell_as_is
home,370.27,285,defective,very_good,resell_as_is
home,466.93,220,better_price_found,acceptable,refurbish
clothing,190.18,86,wrong_size,like_new,resell_as_is
home,321.37,16,no_longer_needed,like_new,resell_as_is
home,486.7,10,better_price_found,very_good,resell_as_is
clothing,129.11,316,not_as_described,for_parts,recycle
clothing,105.85,24,better_price_found,acceptable,refurbish
home,241.71,2,not_as_described,good,refurbish
electronics,419.44,7,defective,good,refurbish
home,264.39,15,not_as_described,like_new,resell_as_is
electronics,25.47,57,better_price_found,acceptable,refurbish
electronics,508.37,104,defective,good,refurbish
electronics,463.31,7,defective,very_good,resell_as_is
electronics,409.82,159,defective,good,refurbish
clothing,34.99,3,not_as_described,good,refurbish
books,38.1,20,no_longer_needed,very_good,resell_as_is
electronics,559.95,17,not_as_described,very_good,resell_as_is
electronics,149.03,13,defective,acceptable,refurbish
home,432.41,1,defective,good,refurbish
home,196.46,10,defective,very_good,resell_as_is
electronics,684.7,171,better_price_found,for_parts,recycle
electronics,485.83,73,defective,good,refurbish
electronics,115.16,109,better_price_found,very_good,resell_as_is
clothing,55.45,105,defective,acceptable,refurbish
books,16.89,28,no_longer_needed,very_good,peer_exchange
electronics,459.24,101,not_as_described,very_good,resell_as_is
clothing,40.97,23,not_as_described,good,refurbish
clothing,122.81,25,wrong_size,for_parts,recycle
clothing,180.39,10,not_as_described,acceptable,refurbish
books,39.63,40,defective,for_parts,recycle
clothing,178.24,33,not_as_described,acceptable,refurbish
home,139.23,73,not_as_described,very_good,resell_as_is
clothing,145.06,56,no_longer_needed,very_good,resell_as_is
electronics,305.33,5,better_price_found,good,refurbish
clothing,111.24,113,not_as_described,good,refurbish
toys,11.53,74,not_as_described,good,peer_exchange
clothing,197.47,27,not_as_described,acceptable,refurbish
clothing,47.8,92,no_longer_needed,very_good,resell_as_is
home,316.91,36,not_as_described,good,refurbish
electronics,507.82,15,not_as_described,good,refurbish
clothing,43.65,182,wrong_size,very_good,resell_as_is
home,336.39,22,defective,very_good,resell_as_is
clothing,50.94,27,not_as_described,for_parts,recycle
home,163.44,7,defective,good,refurbish
toys,82.45,19,better_price_found,good,refurbish
clothing,117.01,87,wrong_size,like_new,donate
clothing,187.82,6,wrong_size,good,refurbish
toys,85.31,22,better_price_found,like_new,resell_as_is
toys,86.7,27,defective,very_good,resell_as_is
clothing,16.23,33,no_longer_needed,good,peer_exchange
toys,32.5,97,defective,good,refurbish
clothing,108.13,16,not_as_described,good,refurbish
toys,87.63,132,no_longer_needed,very_good,resell_as_is
books,6.74,42,no_longer_needed,very_good,peer_exchange
toys,74.54,22,no_longer_needed,very_good,resell_as_is
books,30.06,80,no_longer_needed,good,refurbish
books,34.68,228,better_price_found,acceptable,refurbish
clothing,92.09,50,defective,acceptable,resell_as_is
clothing,142.24,14,wrong_size,very_good,resell_as_is
clothing,75.61,94,wrong_size,acceptable,refurbish
home,460.66,9,not_as_described,like_new,resell_as_is
electronics,465.91,92,not_as_described,very_good,resell_as_is
electronics,548.75,2,better_price_found,good,refurbish
electronics,342.52,122,better_price_found,like_new,resell_as_is
clothing,82.09,48,better_price_found,very_good,resell_as_is
clothing,172.08,63,wrong_size,for_parts,recycle
home,404.17,86,defective,very_good,resell_as_is
toys,88.8,7,defective,acceptable,refurbish
clothing,116.74,16,better_price_found,acceptable,refurbish
electronics,678.06,50,defective,good,refurbish
home,189.56,553,not_as_described,acceptable,refurbish
home,339.68,7,better_price_found,very_good,resell_as_is
electronics,151.65,50,no_longer_needed,very_good,peer_exchange
electronics,294.61,101,defective,acceptable,refurbish
electronics,392.64,175,defective,good,refurbish
electronics,213.57,160,defective,good,refurbish
electronics,331.36,16,defective,like_new,resell_as_is
home,343.25,156,defective,very_good,resell_as_is
electronics,130.92,41,no_longer_needed,for_parts,recycle
books,42.11,30,defective,for_parts,recycle
toys,52.5,31,defective,for_parts,recycle
electronics,419.73,29,defective,good,refurbish
clothing,14.38,54,wrong_size,very_good,peer_exchange
clothing,41.01,52,wrong_size,very_good,resell_as_is
home,373.73,40,not_as_described,acceptable,refurbish
electronics,538.46,32,no_longer_needed,very_good,resell_as_is
books,23.97,54,defective,very_good,recycle
electronics,158.12,7,not_as_described,acceptable,recycle
electronics,529.38,13,not_as_described,acceptable,refurbish
electronics,195.03,49,defective,good,refurbish
clothing,62.75,235,defective,acceptable,refurbish
clothing,55.38,43,not_as_described,good,recycle
electronics,251.23,4,better_price_found,good,recycle
books,26.5,12,no_longer_needed,good,peer_exchange
clothing,35.05,147,wrong_size,good,refurbish
home,187.37,10,better_price_found,like_new,resell_as_is
books,6.13,78,better_price_found,good,peer_exchange
books,29.94,84,no_longer_needed,like_new,peer_exchange
electronics,103.22,1,not_as_described,very_good,resell_as_is
home,292.99,41,defective,good,refurbish
home,54.62,74,no_longer_needed,good,refurbish
clothing,105.51,39,defective,like_new,resell_as_is
electronics,209.13,19,defective,very_good,resell_as_is
books,19.72,22,better_price_found,good,peer_exchange
home,182.13,53,better_price_found,very_good,resell_as_is
clothing,112.65,37,no_longer_needed,like_new,resell_as_is
home,243.99,7,defective,good,refurbish
clothing,116.48,16,defective,very_good,resell_as_is
toys,82.82,13,no_longer_needed,like_new,resell_as_is
electronics,281.73,69,not_as_described,for_parts,recycle
clothing,72.67,17,better_price_found,very_good,resell_as_is
clothing,48.78,8,no_longer_needed,like_new,resell_as_is
clothing,57.0,58,wrong_size,like_new,resell_as_is
clothing,108.47,12,wrong_size,very_good,resell_as_is
home,258.01,92,defective,like_new,resell_as_is
home,383.28,10,wrong_size,good,refurbish
home,113.36,53,no_longer_needed,very_good,resell_as_is
clothing,52.86,210,better_price_found,good,refurbish
home,139.02,12,not_as_described,good,donate
home,494.73,258,no_longer_needed,good,refurbish
clothing,46.6,31,not_as_described,like_new,resell_as_is
clothing,110.22,119,wrong_size,acceptable,refurbish
electronics,592.66,42,not_as_described,good,refurbish
toys,92.05,131,wrong_size,good,refurbish
home,236.48,90,defective,good,refurbish
clothing,147.14,180,wrong_size,acceptable,refurbish
home,223.03,174,not_as_described,like_new,resell_as_is
electronics,271.69,16,not_as_described,very_good,resell_as_is
home,242.22,37,better_price_found,good,refurbish
clothing,116.65,78,wrong_size,good,refurbish
clothing,145.46,23,no_longer_needed,good,refurbish
home,444.11,23,no_longer_needed,very_good,resell_as_is
electronics,25.63,8,better_price_found,good,refurbish
books,7.28,30,no_longer_needed,good,peer_exchange
clothing,103.83,49,wrong_size,very_good,resell_as_is
home,291.18,19,not_as_described,like_new,resell_as_is
books,7.95,11,no_longer_needed,very_good,peer_exchange
home,147.55,1,no_longer_needed,good,refurbish
clothing,37.15,68,defective,very_good,resell_as_is
clothing,147.85,21,no_longer_needed,very_good,resell_as_is
home,335.17,19,defective,like_new,resell_as_is
electronics,109.58,17,not_as_described,acceptable,refurbish
clothing,27.17,38,wrong_size,very_good,peer_exchange
home,375.83,33,defective,very_good,resell_as_is
books,48.57,61,no_longer_needed,good,refurbish
home,133.23,19,defective,good,refurbish
home,408.02,294,defective,good,refurbish
books,16.99,5,no_longer_needed,for_parts,recycle
clothing,176.49,2,wrong_size,acceptable,refurbish
electronics,692.21,58,better_price_found,like_new,resell_as_is
clothing,177.23,18,wrong_size,like_new,resell_as_is
electronics,73.29,35,not_as_described,very_good,resell_as_is
books,8.05,7,not_as_described,for_parts,recycle
books,22.0,21,no_longer_needed,acceptable,refurbish
books,17.08,70,not_as_described,good,peer_exchange
electronics,79.68,13,not_as_described,acceptable,refurbish
home,99.46,7,defective,very_good,resell_as_is
books,24.17,44,wrong_size,like_new,donate
books,34.66,20,no_longer_needed,good,refurbish
electronics,449.86,6,no_longer_needed,like_new,resell_as_is
clothing,115.68,3,wrong_size,very_good,resell_as_is
clothing,37.4,2,no_longer_needed,for_parts,recycle
clothing,33.18,39,defective,good,refurbish
clothing,23.9,3,wrong_size,very_good,peer_exchange
electronics,216.5,13,defective,very_good,resell_as_is
home,478.44,151,not_as_described,good,refurbish
toys,77.93,113,defective,good,refurbish
toys,34.3,55,defective,acceptable,refurbish
books,23.08,52,not_as_described,acceptable,refurbish
clothing,121.22,9,wrong_size,good,refurbish
clothing,116.29,82,better_price_found,very_good,resell_as_is
books,25.89,36,no_longer_needed,acceptable,refurbish
electronics,382.52,15,defective,good,refurbish
clothing,132.22,125,wrong_size,very_good,resell_as_is
electronics,278.99,129,defective,good,refurbish
electronics,94.98,93,no_longer_needed,acceptable,refurbish
home,88.73,91,not_as_described,acceptable,refurbish
books,30.57,1,no_longer_needed,very_good,resell_as_is
home,290.08,34,better_price_found,good,refurbish
electronics,255.14,132,no_longer_needed,good,refurbish
clothing,117.64,29,not_as_described,very_good,resell_as_is
toys,18.24,7,wrong_size,very_good,peer_exchange
electronics,448.32,53,no_longer_needed,for_parts,recycle
electronics,89.05,91,no_longer_needed,very_good,resell_as_is
home,289.59,53,defective,good,refurbish
books,38.15,52,no_longer_needed,good,refurbish
books,28.97,55,better_price_found,for_parts,recycle
electronics,329.0,167,defective,for_parts,peer_exchange
home,25.53,123,no_longer_needed,like_new,refurbish
clothing,18.14,32,better_price_found,very_good,peer_exchange
home,36.33,104,defective,good,refurbish
home,299.8,176,not_as_described,acceptable,refurbish
toys,34.85,48,not_as_described,like_new,resell_as_is
home,284.76,20,defective,very_good,resell_as_is
clothing,70.21,33,wrong_size,very_good,resell_as_is
home,440.07,121,better_price_found,like_new,resell_as_is
home,284.72,67,not_as_described,very_good,resell_as_is
electronics,643.9,154,not_as_described,acceptable,refurbish
electronics,72.88,17,not_as_described,like_new,resell_as_is
toys,15.68,17,no_longer_needed,acceptable,refurbish
clothing,179.43,30,wrong_size,for_parts,recycle
electronics,340.31,8,better_price_found,very_good,resell_as_is
electronics,128.28,63,better_price_found,like_new,resell_as_is
electronics,653.49,145,no_longer_needed,good,peer_exchange
electronics,654.79,83,not_as_described,very_good,resell_as_is
electronics,55.58,13,defective,good,refurbish
clothing,122.87,65,not_as_described,very_good,resell_as_is
toys,37.07,2,better_price_found,for_parts,refurbish
clothing,29.31,44,not_as_described,for_parts,peer_exchange
clothing,194.89,16,wrong_size,acceptable,refurbish
electronics,272.27,61,no_longer_needed,acceptable,refurbish
clothing,78.18,113,no_longer_needed,for_parts,recycle
clothing,110.64,60,wrong_size,like_new,resell_as_is
clothing,118.45,49,no_longer_needed,like_new,resell_as_is
clothing,180.42,44,better_price_found,very_good,resell_as_is
books,31.29,27,no_longer_needed,acceptable,refurbish
clothing,130.85,80,wrong_size,like_new,recycle
clothing,162.69,26,wrong_size,good,refurbish
clothing,192.64,7,wrong_size,acceptable,refurbish
home,433.83,18,no_longer_needed,good,refurbish
clothing,19.86,52,better_price_found,like_new,peer_exchange
clothing,155.51,24,wrong_size,good,resell_as_is
toys,30.75,2,no_longer_needed,very_good,resell_as_is
books,28.0,63,no_longer_needed,acceptable,refurbish
toys,49.97,4,not_as_described,acceptable,refurbish
home,274.8,139,no_longer_needed,good,refurbish
toys,43.41,158,defective,acceptable,refurbish
clothing,168.79,61,defective,very_good,resell_as_is
clothing,29.22,50,defective,good,peer_exchange
clothing,194.78,166,no_longer_needed,acceptable,refurbish
clothing,148.3,19,wrong_size,good,refurbish
electronics,270.08,150,defective,good,refurbish
books,34.41,11,not_as_described,good,donate
clothing,103.2,37,no_longer_needed,very_good,resell_as_is
electronics,216.34,65,defective,very_good,resell_as_is
electronics,119.0,120,no_longer_needed,very_good,resell_as_is
toys,10.38,53,no_longer_needed,acceptable,donate
clothing,93.19,67,better_price_found,acceptable,refurbish
books,8.83,29,wrong_size,very_good,peer_exchange
books,33.48,66,defective,good,refurbish
home,173.19,53,not_as_described,good,refurbish
clothing,81.11,80,no_longer_needed,for_parts,recycle
clothing,158.81,42,wrong_size,acceptable,refurbish
electronics,611.83,89,no_longer_needed,very_good,resell_as_is
home,419.47,74,not_as_described,like_new,resell_as_is
home,166.56,80,not_as_described,good,refurbish
electronics,189.2,88,defective,like_new,resell_as_is
electronics,531.2,157,not_as_described,acceptable,refurbish
books,30.11,28,no_longer_needed,acceptable,refurbish
books,31.88,39,no_longer_needed,like_new,resell_as_is
clothing,72.64,112,wrong_size,for_parts,donate
home,239.03,78,wrong_size,like_new,resell_as_is
electronics,169.53,70,defective,like_new,resell_as_is
clothing,10.97,22,defective,good,peer_exchange
clothing,65.68,177,wrong_size,very_good,resell_as_is
home,20.93,20,no_longer_needed,good,refurbish
toys,16.24,58,not_as_described,like_new,peer_exchange
home,28.71,54,better_price_found,acceptable,refurbish
electronics,382.75,30,better_price_found,for_parts,recycle
electronics,730.28,95,not_as_described,very_good,resell_as_is
toys,24.99,99,wrong_size,for_parts,recycle
electronics,22.23,50,defective,good,refurbish
electronics,413.94,50,not_as_described,good,refurbish
clothing,35.19,14,wrong_size,good,refurbish
clothing,161.68,24,not_as_described,like_new,resell_as_is
home,404.15,130,no_longer_needed,acceptable,refurbish
clothing,189.42,148,not_as_described,very_good,resell_as_is
clothing,39.19,62,wrong_size,very_good,resell_as_is
clothing,186.95,188,no_longer_needed,for_parts,recycle
clothing,168.87,41,defective,good,refurbish
home,339.08,83,no_longer_needed,good,refurbish
home,29.93,294,no_longer_needed,good,refurbish
home,42.37,50,defective,very_good,resell_as_is
home,258.92,39,not_as_described,good,refurbish
clothing,153.88,26,wrong_size,very_good,resell_as_is
books,48.29,83,no_longer_needed,very_good,resell_as_is
home,262.29,68,defective,very_good,resell_as_is
home,98.05,57,defective,good,peer_exchange
clothing,57.15,17,better_price_found,very_good,resell_as_is
electronics,319.74,1,better_price_found,like_new,resell_as_is
books,40.64,111,better_price_found,for_parts,recycle
clothing,116.69,1,no_longer_needed,very_good,resell_as_is
clothing,197.58,15,no_longer_needed,good,refurbish
clothing,21.29,48,not_as_described,very_good,peer_exchange
electronics,464.23,19,wrong_size,for_parts,recycle
books,42.8,101,no_longer_needed,acceptable,refurbish
clothing,58.58,36,better_price_found,good,refurbish
clothing,191.62,1,better_price_found,acceptable,donate
home,210.85,6,no_longer_needed,good,refurbish
electronics,519.33,3,no_longer_needed,acceptable,refurbish
clothing,137.15,192,not_as_described,for_parts,recycle
clothing,31.97,49,not_as_described,acceptable,refurbish
toys,29.74,25,not_as_described,very_good,peer_exchange
clothing,175.77,54,no_longer_needed,for_parts,recycle
books,7.36,40,no_longer_needed,very_good,peer_exchange
clothing,163.62,122,not_as_described,good,refurbish
clothing,62.14,21,wrong_size,good,refurbish
electronics,225.17,89,no_longer_needed,good,refurbish
electronics,231.75,79,not_as_described,acceptable,refurbish
home,248.19,6,defective,acceptable,refurbish
clothing,153.86,9,not_as_described,for_parts,recycle
electronics,384.91,62,defective,good,recycle
clothing,117.04,173,better_price_found,very_good,resell_as_is
home,24.17,17,not_as_described,good,refurbish
electronics,672.63,113,no_longer_needed,for_parts,recycle
electronics,642.97,184,defective,for_parts,peer_exchange
electronics,666.21,18,defective,good,refurbish
home,54.22,204,defective,very_good,resell_as_is
books,37.51,10,no_longer_needed,good,refurbish
clothing,96.89,88,wrong_size,for_parts,recycle
home,443.07,30,not_as_described,very_good,resell_as_is
clothing,111.87,120,no_longer_needed,very_good,refurbish
clothing,17.28,34,wrong_size,very_good,peer_exchange
clothing,80.86,13,no_longer_needed,for_parts,recycle
toys,50.76,7,wrong_size,like_new,resell_as_is
clothing,133.18,43,wrong_size,very_good,resell_as_is
home,217.99,207,defective,acceptable,refurbish
electronics,225.65,32,defective,very_good,resell_as_is
clothing,89.58,86,no_longer_needed,like_new,resell_as_is
clothing,35.43,19,wrong_size,very_good,resell_as_is
clothing,120.26,80,not_as_described,good,refurbish
books,43.73,10,not_as_described,good,refurbish
electronics,244.45,223,defective,good,refurbish
electronics,775.47,91,no_longer_needed,for_parts,recycle
home,115.01,72,wrong_size,like_new,resell_as_is
electronics,380.33,45,no_longer_needed,like_new,resell_as_is
home,334.22,2,not_as_described,acceptable,resell_as_is
electronics,201.34,30,defective,very_good,resell_as_is
clothing,58.26,143,wrong_size,acceptable,refurbish
home,68.79,48,better_price_found,good,refurbish
clothing,162.03,26,defective,very_good,resell_as_is
clothing,128.24,122,wrong_size,for_parts,recycle
clothing,53.07,5,wrong_size,acceptable,refurbish
electronics,37.69,22,defective,like_new,resell_as_is
clothing,11.17,174,not_as_described,like_new,peer_exchange
clothing,21.76,51,not_as_described,like_new,peer_exchange
toys,84.96,78,no_longer_needed,very_good,resell_as_is
home,283.83,87,better_price_found,good,refurbish
clothing,47.38,29,not_as_described,like_new,resell_as_is
books,48.95,117,not_as_described,very_good,resell_as_is
electronics,547.28,6,not_as_described,very_good,resell_as_is
home,462.93,200,not_as_described,acceptable,refurbish
home,427.8,9,better_price_found,good,refurbish
clothing,152.69,69,no_longer_needed,very_good,resell_as_is
home,159.76,16,defective,like_new,resell_as_is
clothing,179.83,71,no_longer_needed,good,refurbish
clothing,41.82,3,not_as_described,like_new,peer_exchange
clothing,18.49,6,defective,acceptable,refurbish
electronics,712.28,150,defective,good,refurbish
toys,54.8,194,defective,very_good,resell_as_is
home,370.11,118,no_longer_needed,good,refurbish
clothing,87.17,59,defective,like_new,resell_as_is
toys,10.28,7,not_as_described,very_good,peer_exchange
electronics,122.11,97,no_longer_needed,like_new,resell_as_is
home,360.98,39,defective,good,refurbish
electronics,338.73,87,not_as_described,very_good,resell_as_is
books,24.5,29,no_longer_needed,like_new,peer_exchange
home,207.76,12,wrong_size,good,refurbish
clothing,83.41,12,not_as_described,good,refurbish
clothing,50.78,102,no_longer_needed,acceptable,refurbish
electronics,468.91,117,better_price_found,acceptable,resell_as_is
electronics,107.14,176,no_longer_needed,good,refurbish
books,48.59,43,no_longer_needed,very_good,resell_as_is
clothing,170.66,29,not_as_described,very_good,donate
clothing,190.61,38,wrong_size,good,resell_as_is
books,18.02,69,no_longer_needed,very_good,peer_exchange
electronics,290.83,45,defective,good,resell_as_is
electronics,249.51,14,not_as_described,acceptable,refurbish
electronics,65.21,23,no_longer_needed,good,refurbish
electronics,406.93,70,defective,good,refurbish
home,432.39,23,better_price_found,acceptable,donate
home,408.76,19,defective,very_good,resell_as_is
clothing,60.18,25,better_price_found,very_good,resell_as_is
home,178.71,103,not_as_described,like_new,donate
home,212.39,41,not_as_described,very_good,resell_as_is
electronics,549.43,7,not_as_described,good,refurbish
electronics,568.62,51,no_longer_needed,very_good,resell_as_is
clothing,31.39,9,wrong_size,good,refurbish
home,139.41,28,better_price_found,good,refurbish
electronics,122.57,32,no_longer_needed,very_good,resell_as_is
books,47.05,305,no_longer_needed,like_new,resell_as_is
books,30.08,5,no_longer_needed,very_good,resell_as_is
home,338.76,91,not_as_described,good,refurbish
home,377.56,66,no_longer_needed,for_parts,recycle
clothing,82.15,87,no_longer_needed,very_good,resell_as_is
clothing,197.02,14,defective,very_good,resell_as_is
clothing,119.96,1,not_as_described,very_good,resell_as_is
clothing,122.52,105,wrong_size,very_good,resell_as_is
home,124.42,1,no_longer_needed,very_good,resell_as_is
home,427.08,99,not_as_described,good,refurbish
books,33.82,14,no_longer_needed,good,peer_exchange
electronics,674.1,7,defective,good,refurbish
clothing,125.22,29,wrong_size,very_good,resell_as_is
home,194.74,10,defective,acceptable,refurbish
home,251.8,37,defective,very_good,resell_as_is
toys,83.52,60,defective,very_good,resell_as_is
clothing,90.18,164,no_longer_needed,like_new,resell_as_is
electronics,237.9,192,no_longer_needed,like_new,resell_as_is
clothing,124.48,42,wrong_size,good,refurbish
clothing,56.75,10,wrong_size,like_new,resell_as_is
books,18.82,39,no_longer_needed,very_good,peer_exchange
books,8.62,154,better_price_found,acceptable,donate
clothing,127.07,7,not_as_described,acceptable,refurbish
clothing,64.86,19,wrong_size,good,refurbish
home,451.65,27,not_as_described,acceptable,refurbish
books,25.95,143,no_longer_needed,for_parts,recycle
electronics,745.14,17,better_price_found,good,refurbish
electronics,71.28,208,defective,acceptable,refurbish
home,347.33,6,not_as_described,good,refurbish
home,137.61,252,no_longer_needed,good,refurbish
home,359.34,58,defective,good,refurbish
clothing,33.85,16,no_longer_needed,good,refurbish
clothing,74.73,42,no_longer_needed,very_good,resell_as_is
electronics,293.93,130,no_longer_needed,very_good,resell_as_is
clothing,156.63,3,no_longer_needed,good,donate
clothing,54.48,141,wrong_size,good,refurbish
electronics,591.4,38,no_longer_needed,acceptable,refurbish
clothing,59.54,14,wrong_size,for_parts,recycle
electronics,26.97,21,wrong_size,very_good,recycle
clothing,176.85,45,wrong_size,like_new,resell_as_is
clothing,64.72,36,wrong_size,very_good,resell_as_is
books,12.87,85,no_longer_needed,like_new,peer_exchange
home,141.15,53,better_price_found,for_parts,recycle
home,149.52,275,defective,like_new,resell_as_is
electronics,426.86,38,no_longer_needed,very_good,resell_as_is
electronics,182.11,108,not_as_described,very_good,resell_as_is
clothing,115.68,4,wrong_size,very_good,resell_as_is
home,259.56,13,not_as_described,for_parts,recycle
electronics,797.75,42,defective,good,refurbish
electronics,713.83,34,no_longer_needed,for_parts,recycle
home,472.47,44,not_as_described,for_parts,refurbish
toys,63.74,107,no_longer_needed,very_good,resell_as_is
toys,85.39,14,not_as_described,good,refurbish
electronics,199.41,86,no_longer_needed,acceptable,refurbish
clothing,173.32,66,better_price_found,very_good,resell_as_is
home,465.28,105,no_longer_needed,very_good,resell_as_is
books,38.9,68,defective,good,refurbish
toys,63.86,57,better_price_found,like_new,resell_as_is
home,167.89,26,better_price_found,good,refurbish
clothing,24.45,49,wrong_size,acceptable,refurbish
electronics,254.68,58,defective,good,refurbish
clothing,73.82,103,wrong_size,like_new,resell_as_is
toys,93.86,16,no_longer_needed,like_new,resell_as_is
electronics,58.84,105,defective,like_new,resell_as_is
home,346.62,146,not_as_described,like_new,donate
toys,76.21,32,defective,like_new,resell_as_is
electronics,673.88,195,defective,very_good,resell_as_is
clothing,111.73,83,wrong_size,for_parts,recycle
electronics,106.63,164,no_longer_needed,like_new,resell_as_is
electronics,779.78,42,not_as_described,for_parts,recycle
clothing,196.98,8,better_price_found,very_good,resell_as_is
clothing,191.53,40,wrong_size,very_good,resell_as_is
home,287.52,114,no_longer_needed,good,refurbish
clothing,192.0,5,wrong_size,good,refurbish
clothing,180.22,7,not_as_described,very_good,resell_as_is
clothing,100.3,5,defective,like_new,resell_as_is
electronics,280.9,16,defective,like_new,resell_as_is
clothing,168.96,47,wrong_size,acceptable,refurbish
home,202.77,44,not_as_described,for_parts,recycle
toys,59.7,304,no_longer_needed,good,refurbish
books,26.49,69,no_longer_needed,good,peer_exchange
electronics,150.36,81,no_longer_needed,very_good,resell_as_is
home,120.23,53,no_longer_needed,good,refurbish
electronics,667.77,96,not_as_described,like_new,resell_as_is
clothing,184.7,20,wrong_size,very_good,resell_as_is
electronics,784.19,16,no_longer_needed,good,refurbish
toys,56.9,22,defective,acceptable,refurbish
clothing,147.17,43,not_as_described,for_parts,recycle
home,227.4,64,not_as_described,acceptable,refurbish
clothing,144.67,3,wrong_size,good,resell_as_is
clothing,87.85,52,better_price_found,for_parts,recycle
clothing,40.79,158,wrong_size,good,refurbish
clothing,32.75,35,not_as_described,acceptable,refurbish
electronics,257.39,80,better_price_found,like_new,resell_as_is
electronics,447.67,221,no_longer_needed,good,refurbish
electronics,343.17,46,not_as_described,for_parts,recycle
electronics,734.77,15,not_as_described,good,refurbish
clothing,95.07,53,better_price_found,acceptable,refurbish
books,42.85,71,no_longer_needed,good,refurbish
home,74.57,18,defective,acceptable,refurbish
clothing,166.95,76,better_price_found,like_new,resell_as_is
home,115.63,24,not_as_described,acceptable,refurbish
clothing,91.87,16,better_price_found,very_good,resell_as_is
electronics,358.71,141,better_price_found,very_good,resell_as_is
clothing,72.18,63,defective,acceptable,refurbish
clothing,159.01,113,not_as_described,for_parts,recycle
clothing,182.17,56,not_as_described,very_good,resell_as_is
electronics,389.33,47,not_as_described,good,refurbish
clothing,172.82,65,no_longer_needed,very_good,resell_as_is
home,200.95,101,wrong_size,good,refurbish
clothing,129.71,11,not_as_described,very_good,resell_as_is
clothing,100.05,59,no_longer_needed,good,refurbish
clothing,140.87,26,defective,good,refurbish
electronics,129.51,27,defective,good,refurbish
clothing,61.15,60,no_longer_needed,good,refurbish
home,29.55,8,defective,like_new,refurbish
clothing,31.79,165,no_longer_needed,for_parts,resell_as_is
electronics,427.11,50,no_longer_needed,for_parts,recycle
clothing,24.25,107,wrong_size,for_parts,recycle
clothing,72.44,181,better_price_found,for_parts,recycle
electronics,321.36,21,no_longer_needed,good,refurbish
electronics,630.63,183,no_longer_needed,acceptable,refurbish
electronics,792.57,4,defective,like_new,resell_as_is
clothing,49.84,189,better_price_found,very_good,resell_as_is
books,21.19,18,not_as_described,acceptable,refurbish
home,330.4,22,defective,like_new,recycle
clothing,145.58,11,not_as_described,very_good,resell_as_is
home,144.0,26,no_longer_needed,good,peer_exchange
clothing,55.81,20,no_longer_needed,acceptable,refurbish
electronics,748.42,112,defective,like_new,resell_as_is
clothing,63.82,6,better_price_found,acceptable,refurbish
books,35.73,24,better_price_found,good,refurbish
clothing,105.12,21,wrong_size,good,refurbish
home,86.48,1,better_price_found,very_good,resell_as_is
books,47.54,83,not_as_described,very_good,resell_as_is
toys,99.87,43,better_price_found,like_new,resell_as_is
clothing,195.35,1,wrong_size,for_parts,recycle
electronics,589.47,83,not_as_described,for_parts,recycle
toys,77.51,28,better_price_found,like_new,resell_as_is
toys,16.72,1,not_as_described,like_new,peer_exchange
toys,52.38,34,no_longer_needed,very_good,resell_as_is
electronics,368.23,57,better_price_found,acceptable,refurbish
clothing,178.78,177,better_price_found,like_new,resell_as_is
home,158.11,293,defective,very_good,resell_as_is
clothing,185.57,35,defective,good,peer_exchange
books,7.72,48,no_longer_needed,very_good,peer_exchange
books,7.6,63,better_price_found,good,peer_exchange
toys,64.08,37,no_longer_needed,for_parts,recycle
electronics,659.64,182,not_as_described,good,refurbish
electronics,292.88,11,no_longer_needed,good,recycle
clothing,25.85,12,not_as_described,good,refurbish
clothing,66.96,18,not_as_described,good,refurbish
home,211.01,3,no_longer_needed,very_good,resell_as_is
books,15.53,202,better_price_found,for_parts,recycle
toys,71.49,116,no_longer_needed,for_parts,recycle
home,459.73,33,wrong_size,like_new,resell_as_is
books,26.75,195,not_as_described,like_new,peer_exchange
clothing,74.56,80,wrong_size,acceptable,refurbish
toys,82.4,63,defective,for_parts,donate
electronics,107.79,77,not_as_described,acceptable,refurbish
books,26.59,57,defective,very_good,peer_exchange
electronics,92.17,55,not_as_described,good,refurbish
clothing,103.82,155,not_as_described,good,refurbish
books,6.1,49,no_longer_needed,good,peer_exchange
home,24.86,32,no_longer_needed,very_good,donate
electronics,322.55,27,defective,very_good,resell_as_is
electronics,147.39,57,defective,very_good,resell_as_is
electronics,659.21,188,defective,very_good,resell_as_is
electronics,727.71,8,no_longer_needed,very_good,resell_as_is
electronics,524.14,96,better_price_found,very_good,resell_as_is
clothing,115.99,11,not_as_described,acceptable,refurbish
clothing,54.79,109,better_price_found,very_good,resell_as_is
toys,44.4,76,no_longer_needed,acceptable,refurbish
clothing,21.93,57,better_price_found,good,refurbish
home,117.19,50,defective,very_good,resell_as_is
home,270.46,77,defective,like_new,resell_as_is
electronics,212.12,22,no_longer_needed,good,refurbish
clothing,144.55,30,wrong_size,good,refurbish
electronics,540.01,41,no_longer_needed,very_good,resell_as_is
clothing,101.53,30,no_longer_needed,good,refurbish
electronics,588.61,38,defective,very_good,resell_as_is
clothing,21.95,36,wrong_size,for_parts,recycle
clothing,153.38,91,defective,like_new,resell_as_is
electronics,681.06,25,no_longer_needed,acceptable,peer_exchange
clothing,184.95,132,wrong_size,like_new,resell_as_is
toys,46.85,4,no_longer_needed,very_good,resell_as_is
home,330.05,21,no_longer_needed,very_good,peer_exchange
books,20.95,36,no_longer_needed,very_good,peer_exchange
clothing,183.65,64,wrong_size,very_good,resell_as_is
clothing,87.36,13,better_price_found,like_new,resell_as_is
electronics,337.43,23,not_as_described,good,refurbish
clothing,129.84,112,no_longer_needed,acceptable,resell_as_is
home,265.96,18,no_longer_needed,acceptable,refurbish
home,108.61,27,no_longer_needed,like_new,resell_as_is
home,177.33,5,no_longer_needed,like_new,resell_as_is
home,411.24,119,not_as_described,good,refurbish
clothing,119.94,35,wrong_size,good,refurbish
clothing,198.8,25,wrong_size,very_good,resell_as_is
toys,80.48,111,better_price_found,for_parts,recycle
clothing,83.19,29,not_as_described,good,refurbish
clothing,69.11,27,no_longer_needed,good,refurbish
books,26.86,17,no_longer_needed,acceptable,refurbish
electronics,454.65,18,better_price_found,good,refurbish
electronics,579.04,74,not_as_described,good,refurbish
clothing,188.11,40,wrong_size,very_good,resell_as_is
clothing,125.57,2,no_longer_needed,good,refurbish
clothing,98.48,18,wrong_size,like_new,resell_as_is
electronics,37.44,118,defective,good,refurbish
electronics,601.0,9,defective,good,resell_as_is
clothing,46.33,15,no_longer_needed,for_parts,recycle
home,401.8,57,no_longer_needed,good,refurbish
books,43.94,9,no_longer_needed,good,donate
clothing,132.64,12,wrong_size,like_new,resell_as_is
clothing,168.39,46,wrong_size,like_new,resell_as_is
clothing,197.03,91,no_longer_needed,like_new,resell_as_is
electronics,476.92,36,not_as_described,like_new,resell_as_is
electronics,51.98,65,better_price_found,acceptable,refurbish
electronics,55.12,11,better_price_found,very_good,resell_as_is
home,308.63,178,defective,good,refurbish
clothing,56.82,15,no_longer_needed,like_new,resell_as_is
electronics,512.17,56,not_as_described,good,refurbish
home,394.2,8,wrong_size,like_new,resell_as_is
home,254.6,84,defective,very_good,resell_as_is
toys,92.8,103,no_longer_needed,for_parts,recycle
toys,10.28,153,no_longer_needed,like_new,peer_exchange
books,27.78,244,defective,good,peer_exchange
clothing,130.35,66,wrong_size,like_new,donate
electronics,346.89,14,no_longer_needed,good,refurbish
clothing,117.0,35,wrong_size,good,refurbish
clothing,65.18,37,no_longer_needed,good,refurbish
clothing,167.68,161,wrong_size,like_new,resell_as_is
electronics,374.49,87,better_price_found,good,refurbish
home,205.69,77,not_as_described,acceptable,refurbish
clothing,137.53,8,no_longer_needed,like_new,resell_as_is
electronics,67.57,19,better_price_found,like_new,recycle
electronics,378.6,61,better_price_found,good,refurbish
books,31.19,135,no_longer_needed,very_good,resell_as_is
electronics,258.54,57,not_as_described,for_parts,recycle
clothing,112.42,78,defective,very_good,resell_as_is
home,133.82,108,no_longer_needed,very_good,resell_as_is
electronics,226.88,114,better_price_found,very_good,resell_as_is
electronics,111.47,4,defective,very_good,resell_as_is
electronics,305.06,80,defective,good,refurbish
electronics,592.57,2,defective,very_good,resell_as_is
home,237.81,55,not_as_described,very_good,resell_as_is
toys,61.53,5,no_longer_needed,very_good,resell_as_is
electronics,569.01,6,better_price_found,very_good,resell_as_is
toys,30.81,164,not_as_described,for_parts,recycle
electronics,668.25,13,defective,like_new,resell_as_is
home,232.89,94,not_as_described,for_parts,donate
books,22.8,64,no_longer_needed,good,peer_exchange
home,340.63,85,not_as_described,very_good,resell_as_is
home,167.2,20,not_as_described,very_good,resell_as_is
home,164.53,4,defective,very_good,resell_as_is
books,23.94,26,not_as_described,acceptable,refurbish
clothing,42.18,183,wrong_size,acceptable,refurbish
home,248.58,156,no_longer_needed,very_good,resell_as_is
electronics,724.71,5,wrong_size,good,refurbish
electronics,465.03,136,no_longer_needed,good,refurbish
electronics,397.8,38,not_as_described,good,refurbish
home,117.92,115,defective,good,refurbish
home,246.65,29,not_as_described,good,refurbish
electronics,638.68,64,defective,for_parts,recycle
clothing,81.22,63,better_price_found,good,refurbish
toys,50.91,39,defective,good,refurbish
home,448.06,86,no_longer_needed,acceptable,refurbish
clothing,109.0,7,defective,good,refurbish
home,93.07,96,no_longer_needed,for_parts,recycle
electronics,611.73,54,no_longer_needed,for_parts,recycle
clothing,46.61,119,wrong_size,like_new,resell_as_is
home,319.8,30,defective,very_good,resell_as_is
clothing,97.89,57,better_price_found,very_good,resell_as_is
clothing,98.58,72,defective,acceptable,refurbish
clothing,158.64,34,not_as_described,for_parts,recycle
books,31.68,26,better_price_found,very_good,resell_as_is
toys,83.22,8,better_price_found,good,refurbish
home,252.91,19,not_as_described,like_new,resell_as_is
clothing,105.44,13,wrong_size,good,refurbish
clothing,155.49,50,no_longer_needed,very_good,resell_as_is
clothing,15.8,139,better_price_found,acceptable,refurbish
clothing,157.19,43,better_price_found,very_good,resell_as_is
toys,97.99,130,not_as_described,acceptable,refurbish
clothing,113.82,119,wrong_size,good,refurbish
clothing,51.51,4,no_longer_needed,good,refurbish
clothing,18.08,19,wrong_size,like_new,peer_exchange
home,411.62,104,better_price_found,good,donate
home,73.05,7,wrong_size,for_parts,recycle
clothing,81.52,4,wrong_size,very_good,resell_as_is
home,184.91,186,not_as_described,for_parts,recycle
books,36.64,51,no_longer_needed,very_good,resell_as_is
electronics,320.72,9,not_as_described,acceptable,refurbish
home,139.55,17,defective,good,refurbish
electronics,410.4,69,defective,for_parts,recycle
toys,62.96,1,not_as_described,like_new,resell_as_is
toys,79.67,59,no_longer_needed,very_good,resell_as_is
electronics,168.31,26,not_as_described,very_good,resell_as_is
electronics,93.94,69,no_longer_needed,for_parts,recycle
electronics,751.58,236,better_price_found,acceptable,peer_exchange
toys,58.81,89,no_longer_needed,very_good,resell_as_is
books,27.34,54,no_longer_needed,very_good,peer_exchange
clothing,54.18,136,better_price_found,like_new,resell_as_is
clothing,109.93,29,defective,very_good,resell_as_is
clothing,137.36,4,wrong_size,like_new,resell_as_is
electronics,284.92,110,not_as_described,good,refurbish
toys,57.79,7,better_price_found,like_new,resell_as_is
clothing,23.96,120,wrong_size,very_good,peer_exchange
home,73.75,59,no_longer_needed,like_new,resell_as_is
toys,97.0,11,no_longer_needed,acceptable,refurbish
clothing,61.32,3,wrong_size,like_new,resell_as_is
electronics,658.75,7,not_as_described,very_good,resell_as_is
clothing,123.74,1,wrong_size,good,refurbish
electronics,189.81,91,not_as_described,very_good,recycle
clothing,149.67,152,wrong_size,good,refurbish
clothing,22.52,39,wrong_size,good,peer_exchange
home,397.06,30,defective,good,refurbish
home,74.89,31,better_price_found,good,refurbish
home,186.46,41,not_as_described,acceptable,refurbish
clothing,151.46,74,wrong_size,very_good,peer_exchange
electronics,570.2,29,defective,acceptable,refurbish
clothing,149.09,64,no_longer_needed,acceptable,refurbish
clothing,56.2,140,better_price_found,very_good,resell_as_is
electronics,543.12,12,no_longer_needed,for_parts,recycle
electronics,767.36,81,defective,good,refurbish
toys,23.1,9,no_longer_needed,for_parts,recycle
electronics,269.09,144,no_longer_needed,for_parts,recycle
electronics,612.59,3,no_longer_needed,good,refurbish
toys,12.67,11,no_longer_needed,acceptable,donate
toys,64.86,18,wrong_size,very_good,resell_as_is
toys,37.52,126,not_as_described,very_good,resell_as_is
clothing,183.62,38,wrong_size,acceptable,refurbish
home,136.47,17,defective,like_new,resell_as_is
electronics,397.79,72,no_longer_needed,very_good,resell_as_is
clothing,58.61,22,not_as_described,like_new,resell_as_is
electronics,774.35,53,no_longer_needed,very_good,resell_as_is
clothing,43.76,86,no_longer_needed,for_parts,recycle
electronics,271.58,37,defective,acceptable,refurbish
toys,62.22,45,defective,like_new,resell_as_is
toys,46.2,100,no_longer_needed,for_parts,recycle
clothing,87.67,47,wrong_size,good,refurbish
electronics,599.53,74,better_price_found,good,donate
clothing,69.23,6,better_price_found,good,refurbish
electronics,371.59,4,defective,acceptable,refurbish
toys,55.84,23,better_price_found,acceptable,refurbish
books,25.65,8,better_price_found,good,peer_exchange
clothing,35.79,20,wrong_size,like_new,resell_as_is
clothing,198.65,112,wrong_size,acceptable,refurbish
home,77.94,31,better_price_found,good,refurbish
clothing,52.09,70,better_price_found,acceptable,refurbish
books,5.66,8,no_longer_needed,like_new,peer_exchange
electronics,344.67,30,not_as_described,good,refurbish
clothing,136.54,3,wrong_size,like_new,resell_as_is
clothing,11.18,31,wrong_size,good,peer_exchange
home,279.94,59,defective,like_new,resell_as_is
home,470.09,272,no_longer_needed,for_parts,recycle
electronics,90.07,99,defective,like_new,resell_as_is
clothing,121.75,56,not_as_described,good,refurbish
electronics,725.97,24,not_as_described,good,refurbish
clothing,59.56,17,wrong_size,for_parts,recycle
electronics,481.73,16,defective,acceptable,refurbish
home,467.3,142,not_as_described,for_parts,recycle
electronics,666.98,9,defective,very_good,resell_as_is
electronics,367.05,35,not_as_described,very_good,resell_as_is
toys,14.58,125,not_as_described,good,peer_exchange
toys,8.83,66,defective,good,peer_exchange
electronics,615.75,23,not_as_described,good,refurbish
electronics,138.77,117,better_price_found,good,refurbish
home,211.96,24,no_longer_needed,like_new,resell_as_is
clothing,105.8,61,wrong_size,good,refurbish
electronics,425.97,24,not_as_described,like_new,resell_as_is
electronics,557.72,88,no_longer_needed,acceptable,refurbish
toys,10.19,40,not_as_described,acceptable,donate
books,18.36,20,no_longer_needed,for_parts,recycle
toys,62.41,81,not_as_described,acceptable,refurbish
electronics,320.74,120,defective,good,refurbish
home,130.58,29,not_as_described,very_good,resell_as_is
electronics,706.24,40,not_as_described,good,donate
toys,55.83,30,no_longer_needed,acceptable,refurbish
toys,61.52,18,wrong_size,good,refurbish
electronics,40.1,144,defective,good,peer_exchange
books,46.19,77,no_longer_needed,good,refurbish
books,44.99,161,better_price_found,like_new,resell_as_is
books,44.5,156,no_longer_needed,good,peer_exchange
electronics,488.8,193,not_as_described,very_good,resell_as_is
books,34.48,57,no_longer_needed,good,refurbish
electronics,111.8,23,defective,for_parts,recycle
clothing,163.75,24,better_price_found,acceptable,refurbish
clothing,37.56,30,wrong_size,acceptable,refurbish
clothing,129.36,30,wrong_size,acceptable,refurbish
clothing,153.75,56,no_longer_needed,acceptable,refurbish
clothing,100.12,70,no_longer_needed,good,refurbish
home,200.28,135,defective,acceptable,refurbish
home,242.93,11,better_price_found,like_new,resell_as_is
electronics,103.33,30,defective,good,refurbish
books,18.49,23,not_as_described,acceptable,refurbish
clothing,81.18,11,wrong_size,acceptable,refurbish
toys,95.15,40,better_price_found,like_new,resell_as_is
clothing,25.44,55,defective,like_new,peer_exchange
electronics,182.65,92,defective,good,refurbish
electronics,345.35,52,not_as_described,good,refurbish
electronics,89.45,82,defective,acceptable,refurbish
electronics,176.94,21,not_as_described,acceptable,donate
clothing,44.84,48,defective,very_good,resell_as_is
clothing,75.21,19,not_as_described,good,refurbish
electronics,137.73,3,not_as_described,very_good,resell_as_is
clothing,112.22,78,defective,like_new,peer_exchange
home,417.49,151,no_longer_needed,very_good,resell_as_is
toys,40.25,184,defective,acceptable,refurbish
home,62.36,24,no_longer_needed,good,refurbish
clothing,199.04,2,not_as_described,for_parts,recycle
toys,73.14,34,no_longer_needed,acceptable,refurbish
clothing,68.36,17,defective,very_good,resell_as_is
books,26.24,62,defective,acceptable,refurbish
clothing,126.09,7,defective,acceptable,refurbish
toys,63.54,47,not_as_described,acceptable,refurbish
home,175.86,73,better_price_found,very_good,resell_as_is
clothing,17.32,27,wrong_size,very_good,refurbish
electronics,627.19,9,wrong_size,good,refurbish
electronics,286.46,12,better_price_found,very_good,resell_as_is
books,29.88,163,better_price_found,good,peer_exchange
electronics,792.62,20,no_longer_needed,very_good,resell_as_is
electronics,456.72,17,defective,very_good,resell_as_is
clothing,83.33,5,not_as_described,acceptable,refurbish
toys,17.12,104,no_longer_needed,good,peer_exchange
clothing,71.67,60,wrong_size,good,refurbish
clothing,51.3,15,wrong_size,like_new,resell_as_is
electronics,227.66,22,better_price_found,for_parts,recycle
electronics,403.69,10,not_as_described,very_good,resell_as_is
books,42.27,265,not_as_described,acceptable,refurbish
clothing,180.3,172,no_longer_needed,very_good,resell_as_is
home,416.89,65,not_as_described,good,resell_as_is
electronics,472.35,124,not_as_described,acceptable,refurbish
electronics,341.47,71,not_as_described,good,refurbish
electronics,341.35,2,defective,good,refurbish
electronics,609.38,29,better_price_found,very_good,resell_as_is
home,290.38,30,not_as_described,very_good,resell_as_is
electronics,411.87,137,no_longer_needed,like_new,resell_as_is
clothing,46.27,84,wrong_size,very_good,resell_as_is
clothing,27.74,93,defective,good,donate
clothing,93.58,86,wrong_size,very_good,resell_as_is
clothing,44.51,22,wrong_size,for_parts,recycle
electronics,661.66,33,not_as_described,good,refurbish
clothing,16.55,103,wrong_size,very_good,peer_exchange
home,298.07,85,no_longer_needed,like_new,resell_as_is
clothing,67.94,14,no_longer_needed,acceptable,refurbish
home,319.36,1,not_as_described,very_good,resell_as_is
clothing,189.05,40,no_longer_needed,very_good,resell_as_is
books,27.31,136,defective,for_parts,recycle
electronics,553.04,96,defective,for_parts,recycle
clothing,38.75,30,wrong_size,good,refurbish
home,226.43,8,better_price_found,very_good,resell_as_is
home,388.7,249,better_price_found,for_parts,recycle
electronics,475.89,2,defective,like_new,resell_as_is
clothing,84.73,28,no_longer_needed,good,refurbish
clothing,61.72,8,not_as_described,acceptable,refurbish
books,28.68,10,no_longer_needed,good,resell_as_is
books,21.85,19,not_as_described,good,peer_exchange
home,168.81,26,defective,good,refurbish
clothing,157.8,15,better_price_found,good,refurbish
toys,50.01,49,defective,very_good,resell_as_is
electronics,464.96,71,wrong_size,acceptable,peer_exchange
electronics,457.33,27,defective,very_good,resell_as_is
books,9.24,47,no_longer_needed,good,peer_exchange
toys,11.47,39,defective,good,peer_exchange
toys,44.64,101,not_as_described,like_new,resell_as_is
electronics,33.74,27,not_as_described,like_new,resell_as_is
clothing,103.09,19,not_as_described,acceptable,refurbish
toys,47.26,277,not_as_described,like_new,resell_as_is
electronics,60.91,155,no_longer_needed,like_new,resell_as_is
books,45.74,48,no_longer_needed,acceptable,refurbish
home,280.57,40,better_price_found,very_good,donate
clothing,28.2,58,better_price_found,acceptable,refurbish
toys,36.25,35,no_longer_needed,for_parts,recycle
clothing,24.88,165,not_as_described,acceptable,refurbish
home,416.81,34,not_as_described,for_parts,recycle
clothing,136.27,93,wrong_size,good,refurbish
toys,84.58,7,better_price_found,good,refurbish
home,430.41,8,better_price_found,for_parts,peer_exchange
toys,83.06,27,no_longer_needed,acceptable,refurbish
electronics,724.88,44,not_as_described,like_new,resell_as_is
home,225.95,375,no_longer_needed,for_parts,recycle
electronics,313.74,19,not_as_described,acceptable,refurbish
electronics,40.54,15,no_longer_needed,very_good,resell_as_is
home,433.11,30,better_price_found,good,refurbish
electronics,695.89,23,defective,very_good,resell_as_is
clothing,126.52,42,no_longer_needed,very_good,resell_as_is
electronics,641.88,7,no_longer_needed,very_good,resell_as_is
home,62.66,66,not_as_described,acceptable,refurbish
electronics,525.41,7,not_as_described,like_new,resell_as_is
electronics,453.89,44,no_longer_needed,good,refurbish
electronics,41.66,210,not_as_described,very_good,donate
electronics,644.36,5,not_as_described,very_good,resell_as_is
clothing,180.59,58,no_longer_needed,good,refurbish
clothing,185.94,42,not_as_described,good,refurbish
electronics,77.59,76,defective,very_good,resell_as_is
clothing,28.44,97,wrong_size,good,peer_exchange
electronics,110.3,15,defective,very_good,resell_as_is
clothing,174.14,48,not_as_described,very_good,resell_as_is
clothing,177.42,3,not_as_described,like_new,resell_as_is
home,376.19,9,defective,good,refurbish
clothing,91.23,34,wrong_size,acceptable,refurbish
home,245.42,57,defective,acceptable,refurbish
home,402.04,47,not_as_described,for_parts,recycle
toys,22.37,30,defective,like_new,peer_exchange
electronics,789.35,87,wrong_size,very_good,resell_as_is
clothing,168.05,43,not_as_described,good,refurbish
electronics,311.17,4,not_as_described,good,refurbish
electronics,360.71,12,not_as_described,acceptable,refurbish
toys,97.4,89,not_as_described,very_good,resell_as_is
toys,45.97,14,better_price_found,very_good,resell_as_is
home,423.93,104,no_longer_needed,good,refurbish
home,420.82,26,defective,very_good,resell_as_is
electronics,627.6,9,defective,very_good,resell_as_is
clothing,79.94,161,no_longer_needed,acceptable,refurbish
books,40.04,184,defective,like_new,resell_as_is
toys,63.71,34,no_longer_needed,acceptable,refurbish
home,383.53,24,not_as_described,acceptable,refurbish
home,46.64,3,defective,good,refurbish
toys,71.92,21,defective,acceptable,refurbish
home,289.09,7,defective,very_good,resell_as_is
home,321.62,209,better_price_found,good,refurbish
home,70.33,548,not_as_described,for_parts,recycle
clothing,29.64,52,not_as_described,acceptable,refurbish
electronics,441.15,7,defective,acceptable,refurbish
clothing,125.09,170,no_longer_needed,like_new,resell_as_is
clothing,80.25,9,better_price_found,good,refurbish
electronics,445.75,7,not_as_described,acceptable,refurbish
clothing,139.66,5,defective,very_good,resell_as_is
electronics,693.45,73,defective,very_good,resell_as_is
clothing,75.51,3,wrong_size,good,refurbish
home,419.9,31,defective,acceptable,refurbish
toys,81.26,24,not_as_described,very_good,resell_as_is
home,312.06,26,no_longer_needed,like_new,resell_as_is
clothing,143.43,72,wrong_size,good,donate
electronics,686.65,74,defective,acceptable,refurbish
toys,44.02,121,not_as_described,acceptable,peer_exchange
books,41.87,22,no_longer_needed,very_good,refurbish
clothing,29.85,104,wrong_size,good,peer_exchange
books,36.14,14,no_longer_needed,like_new,resell_as_is
clothing,32.83,48,wrong_size,good,refurbish
home,449.01,64,not_as_described,acceptable,refurbish
home,472.08,234,defective,very_good,resell_as_is
toys,16.14,75,better_price_found,for_parts,recycle
clothing,41.63,241,better_price_found,acceptable,refurbish
electronics,512.56,20,no_longer_needed,like_new,resell_as_is
books,38.73,290,no_longer_needed,very_good,resell_as_is
toys,67.96,128,wrong_size,very_good,resell_as_is
electronics,424.9,26,no_longer_needed,very_good,resell_as_is
toys,32.95,38,wrong_size,good,refurbish
clothing,58.79,24,not_as_described,for_parts,recycle
home,269.08,7,not_as_described,acceptable,refurbish
electronics,686.54,3,defective,good,refurbish
electronics,419.3,77,not_as_described,good,refurbish
toys,29.46,56,not_as_described,acceptable,refurbish
clothing,132.62,132,not_as_described,acceptable,refurbish
books,28.18,171,no_longer_needed,very_good,peer_exchange
clothing,80.7,100,better_price_found,acceptable,refurbish
clothing,196.86,155,better_price_found,good,refurbish
books,6.99,19,better_price_found,very_good,peer_exchange
clothing,81.33,17,wrong_size,very_good,resell_as_is
electronics,342.14,37,no_longer_needed,very_good,resell_as_is
electronics,724.21,70,defective,acceptable,resell_as_is
books,32.44,65,not_as_described,good,refurbish
clothing,135.83,10,wrong_size,very_good,resell_as_is
clothing,186.93,74,wrong_size,very_good,resell_as_is
home,249.56,15,wrong_size,very_good,resell_as_is
home,429.07,32,no_longer_needed,for_parts,recycle
home,456.13,25,wrong_size,for_parts,recycle
home,409.06,31,not_as_described,good,refurbish
electronics,443.99,8,defective,very_good,resell_as_is
books,31.01,32,better_price_found,like_new,resell_as_is
clothing,77.68,16,wrong_size,very_good,resell_as_is
clothing,131.46,44,wrong_size,acceptable,refurbish
electronics,150.17,96,no_longer_needed,good,refurbish
clothing,130.93,127,not_as_described,very_good,peer_exchange
home,92.81,40,no_longer_needed,very_good,resell_as_is
clothing,93.4,137,not_as_described,very_good,resell_as_is
home,398.97,62,not_as_described,very_good,resell_as_is
electronics,659.53,28,no_longer_needed,good,refurbish
home,318.93,18,defective,acceptable,refurbish
electronics,261.39,20,better_price_found,very_good,resell_as_is
electronics,589.3,132,not_as_described,like_new,resell_as_is
electronics,70.04,131,better_price_found,for_parts,recycle
clothing,156.26,12,wrong_size,very_good,resell_as_is
home,79.84,6,no_longer_needed,acceptable,refurbish
electronics,394.62,56,better_price_found,very_good,resell_as_is
electronics,366.2,14,no_longer_needed,very_good,resell_as_is
clothing,174.6,86,wrong_size,like_new,resell_as_is
clothing,62.36,95,wrong_size,for_parts,refurbish
electronics,627.19,9,not_as_described,for_parts,recycle
clothing,43.97,2,not_as_described,good,refurbish
electronics,204.57,191,defective,very_good,peer_exchange
clothing,71.44,2,wrong_size,good,refurbish
clothing,148.98,11,wrong_size,acceptable,refurbish
clothing,190.04,34,wrong_size,for_parts,resell_as_is
clothing,61.17,58,no_longer_needed,acceptable,refurbish
home,164.0,48,defective,like_new,resell_as_is
clothing,10.87,95,not_as_described,very_good,peer_exchange
clothing,62.21,237,not_as_described,acceptable,refurbish
home,29.33,44,no_longer_needed,like_new,refurbish
electronics,649.48,229,no_longer_needed,like_new,resell_as_is
home,467.55,3,no_longer_needed,like_new,resell_as_is
books,43.76,64,no_longer_needed,acceptable,refurbish
electronics,755.41,29,no_longer_needed,very_good,resell_as_is
clothing,115.37,28,wrong_size,very_good,resell_as_is
clothing,185.06,8,better_price_found,good,refurbish
electronics,645.9,210,better_price_found,good,peer_exchange
home,291.1,91,no_longer_needed,acceptable,refurbish
electronics,115.87,105,better_price_found,very_good,recycle
clothing,97.96,10,no_longer_needed,very_good,resell_as_is
home,420.71,6,not_as_described,acceptable,refurbish
clothing,26.16,84,wrong_size,good,peer_exchange
clothing,121.25,51,defective,very_good,resell_as_is
clothing,29.5,97,no_longer_needed,like_new,peer_exchange
electronics,636.75,89,not_as_described,acceptable,refurbish
toys,98.24,113,defective,like_new,resell_as_is
clothing,74.17,5,no_longer_needed,good,refurbish
home,490.24,42,no_longer_needed,very_good,resell_as_is
clothing,170.5,144,not_as_described,very_good,resell_as_is
clothing,51.72,96,no_longer_needed,acceptable,refurbish
books,6.19,18,better_price_found,good,peer_exchange
home,413.8,37,not_as_described,acceptable,refurbish
books,34.05,13,no_longer_needed,very_good,resell_as_is
home,483.91,30,not_as_described,good,refurbish
clothing,128.58,64,not_as_described,very_good,resell_as_is
books,44.09,84,no_longer_needed,very_good,resell_as_is
electronics,657.48,21,no_longer_needed,acceptable,refurbish
home,288.89,55,not_as_described,very_good,resell_as_is
electronics,748.48,11,no_longer_needed,very_good,resell_as_is
clothing,88.31,32,no_longer_needed,very_good,resell_as_is
home,121.84,5,no_longer_needed,very_good,resell_as_is
electronics,500.76,71,no_longer_needed,very_good,resell_as_is
home,262.45,56,not_as_described,for_parts,recycle
electronics,224.95,240,defective,for_parts,recycle
electronics,281.87,39,no_longer_needed,very_good,resell_as_is
toys,15.27,49,no_longer_needed,like_new,resell_as_is
electronics,392.9,57,no_longer_needed,good,refurbish
electronics,213.04,33,better_price_found,very_good,resell_as_is
home,357.02,203,defective,like_new,resell_as_is
electronics,447.81,138,no_longer_needed,like_new,resell_as_is
toys,52.86,155,no_longer_needed,for_parts,recycle
clothing,154.06,39,wrong_size,very_good,resell_as_is
electronics,158.66,42,better_price_found,good,refurbish
electronics,172.8,65,no_longer_needed,very_good,resell_as_is
home,43.27,26,no_longer_needed,good,refurbish
home,146.64,102,wrong_size,very_good,resell_as_is
toys,81.26,130,not_as_described,acceptable,refurbish
clothing,198.95,115,better_price_found,acceptable,refurbish
toys,46.62,92,defective,acceptable,refurbish
home,427.16,32,not_as_described,like_new,resell_as_is
home,287.72,14,defective,very_good,resell_as_is
home,48.74,86,defective,good,refurbish
toys,15.39,82,no_longer_needed,like_new,recycle
home,258.09,222,defective,acceptable,refurbish
toys,93.93,9,not_as_described,acceptable,refurbish
clothing,128.93,50,not_as_described,acceptable,refurbish
home,495.96,27,wrong_size,very_good,resell_as_is
electronics,524.61,34,better_price_found,for_parts,recycle
electronics,39.28,9,defective,very_good,resell_as_is
electronics,606.95,112,not_as_described,for_parts,recycle
electronics,176.31,241,not_as_described,for_parts,recycle
books,18.95,80,better_price_found,for_parts,recycle
electronics,494.06,109,not_as_described,acceptable,refurbish
electronics,522.09,35,defective,very_good,resell_as_is
home,115.69,187,wrong_size,acceptable,refurbish
clothing,118.27,50,no_longer_needed,acceptable,recycle
electronics,133.03,15,not_as_described,good,refurbish
clothing,74.84,72,better_price_found,good,peer_exchange
home,471.4,33,wrong_size,very_good,resell_as_is
toys,89.24,55,no_longer_needed,for_parts,recycle
home,276.93,39,no_longer_needed,acceptable,refurbish
clothing,156.52,68,not_as_described,very_good,resell_as_is
home,224.73,194,no_longer_needed,acceptable,refurbish
home,306.91,23,defective,very_good,resell_as_is
electronics,542.7,23,no_longer_needed,good,refurbish
clothing,189.01,178,defective,good,refurbish
toys,14.64,49,no_longer_needed,very_good,peer_exchange
clothing,104.57,20,wrong_size,like_new,resell_as_is
clothing,40.82,10,defective,good,refurbish
toys,66.48,33,not_as_described,good,refurbish
home,259.15,4,not_as_described,like_new,resell_as_is
clothing,114.75,13,wrong_size,very_good,resell_as_is
toys,82.03,100,no_longer_needed,for_parts,recycle
clothing,126.0,48,not_as_described,acceptable,refurbish
home,136.54,162,defective,for_parts,recycle
clothing,69.05,32,no_longer_needed,like_new,resell_as_is
electronics,352.79,30,no_longer_needed,for_parts,recycle
books,34.06,19,no_longer_needed,very_good,resell_as_is
clothing,180.53,82,better_price_found,very_good,resell_as_is
home,238.32,27,no_longer_needed,good,refurbish
clothing,180.33,20,wrong_size,good,refurbish
clothing,173.81,96,wrong_size,good,refurbish
electronics,603.55,13,better_price_found,very_good,resell_as_is
books,13.11,47,not_as_described,good,peer_exchange
electronics,473.04,37,not_as_described,for_parts,recycle
clothing,99.38,59,wrong_size,acceptable,refurbish
clothing,121.86,19,wrong_size,very_good,resell_as_is
electronics,124.1,86,better_price_found,good,refurbish
books,26.6,25,no_longer_needed,good,resell_as_is
electronics,637.65,35,not_as_described,for_parts,recycle
clothing,138.53,128,wrong_size,acceptable,refurbish
clothing,64.48,68,wrong_size,very_good,resell_as_is
clothing,28.05,25,not_as_described,good,peer_exchange
home,248.1,261,better_price_found,like_new,resell_as_is
clothing,45.02,23,defective,like_new,resell_as_is
electronics,56.13,40,defective,for_parts,recycle
toys,15.96,58,defective,acceptable,donate
clothing,21.46,4,wrong_size,acceptable,donate
home,367.67,51,no_longer_needed,like_new,resell_as_is
home,245.0,125,no_longer_needed,acceptable,refurbish
electronics,43.09,244,defective,very_good,resell_as_is
electronics,223.78,7,not_as_described,for_parts,recycle
home,234.79,101,better_price_found,for_parts,resell_as_is
electronics,795.95,10,defective,very_good,resell_as_is
home,478.39,87,no_longer_needed,for_parts,recycle
electronics,379.99,43,defective,very_good,resell_as_is
clothing,128.68,24,not_as_described,very_good,resell_as_is
home,443.66,43,no_longer_needed,acceptable,refurbish
electronics,300.2,23,better_price_found,good,refurbish
clothing,176.28,17,not_as_described,very_good,resell_as_is
home,479.35,36,defective,acceptable,refurbish
electronics,235.49,23,not_as_described,acceptable,refurbish
home,186.11,14,not_as_described,good,refurbish
home,309.43,7,defective,like_new,refurbish
toys,50.62,77,no_longer_needed,like_new,refurbish
clothing,59.23,79,no_longer_needed,for_parts,recycle
toys,64.38,42,no_longer_needed,acceptable,refurbish
home,366.71,361,better_price_found,good,refurbish
toys,96.98,106,no_longer_needed,like_new,resell_as_is
clothing,117.12,32,wrong_size,very_good,resell_as_is
home,268.87,66,better_price_found,very_good,resell_as_is
clothing,187.83,26,better_price_found,very_good,resell_as_is
electronics,352.45,63,not_as_described,very_good,resell_as_is
books,42.75,78,better_price_found,good,peer_exchange
clothing,113.99,142,no_longer_needed,very_good,resell_as_is
home,493.94,2,not_as_described,for_parts,recycle
clothing,10.0,54,no_longer_needed,very_good,peer_exchange
clothing,125.94,77,wrong_size,very_good,resell_as_is
books,9.54,60,no_longer_needed,good,peer_exchange
home,322.77,55,no_longer_needed,like_new,resell_as_is
electronics,519.78,58,defective,like_new,resell_as_is
clothing,177.6,117,wrong_size,very_good,resell_as_is
electronics,796.85,18,no_longer_needed,good,refurbish
clothing,138.27,25,not_as_described,very_good,resell_as_is
clothing,88.43,14,defective,good,refurbish
home,93.31,20,defective,like_new,resell_as_is
electronics,186.65,16,defective,like_new,resell_as_is
home,129.65,12,defective,good,refurbish
electronics,443.01,64,not_as_described,acceptable,refurbish
electronics,301.54,67,better_price_found,acceptable,refurbish
clothing,155.08,39,not_as_described,good,refurbish
books,43.84,38,no_longer_needed,good,refurbish
electronics,36.12,147,defective,like_new,resell_as_is
electronics,86.5,41,not_as_described,good,refurbish
home,225.0,62,not_as_described,good,refurbish
clothing,55.33,5,not_as_described,good,refurbish
toys,59.24,132,no_longer_needed,very_good,resell_as_is
books,26.21,17,not_as_described,acceptable,peer_exchange
home,39.85,118,not_as_described,good,refurbish
home,401.27,86,no_longer_needed,good,refurbish
home,64.16,63,defective,like_new,resell_as_is
electronics,99.63,15,not_as_described,very_good,resell_as_is
books,44.96,25,better_price_found,good,refurbish
home,462.22,65,defective,like_new,resell_as_is
clothing,73.41,42,not_as_described,good,refurbish
electronics,346.29,256,no_longer_needed,good,refurbish
clothing,104.6,2,wrong_size,very_good,resell_as_is
toys,11.14,220,no_longer_needed,good,peer_exchange
clothing,118.91,10,wrong_size,good,donate
toys,88.61,107,no_longer_needed,like_new,resell_as_is
toys,84.95,29,no_longer_needed,acceptable,refurbish
books,16.01,38,no_longer_needed,good,peer_exchange
books,7.49,12,no_longer_needed,very_good,peer_exchange
home,275.17,99,not_as_described,very_good,resell_as_is
home,358.81,9,defective,very_good,resell_as_is
electronics,138.75,5,no_longer_needed,like_new,recycle
clothing,123.36,31,defective,for_parts,recycle
clothing,39.32,83,not_as_described,for_parts,recycle
clothing,23.28,2,no_longer_needed,good,peer_exchange
home,276.8,52,defective,good,recycle
electronics,310.69,51,defective,good,refurbish
clothing,30.14,10,not_as_described,very_good,resell_as_is
books,20.71,107,no_longer_needed,very_good,peer_exchange
home,55.69,23,wrong_size,very_good,resell_as_is
home,111.54,2,not_as_described,acceptable,refurbish
clothing,99.12,84,defective,like_new,resell_as_is
electronics,416.13,2,defective,good,refurbish
home,204.74,233,better_price_found,acceptable,refurbish
electronics,605.72,24,no_longer_needed,very_good,resell_as_is
toys,27.31,86,no_longer_needed,very_good,peer_exchange
electronics,738.54,207,no_longer_needed,acceptable,recycle
clothing,54.96,51,wrong_size,acceptable,refurbish
clothing,62.15,140,no_longer_needed,acceptable,refurbish
books,16.11,2,no_longer_needed,for_parts,recycle
electronics,527.64,82,not_as_described,acceptable,refurbish
electronics,651.45,10,better_price_found,good,refurbish
toys,47.74,37,better_price_found,like_new,refurbish
electronics,219.48,225,no_longer_needed,acceptable,refurbish
electronics,743.67,121,defective,for_parts,recycle
toys,83.79,35,no_longer_needed,very_good,resell_as_is
electronics,728.74,75,no_longer_needed,good,refurbish
clothing,72.55,1,not_as_described,acceptable,refurbish
electronics,658.92,23,defective,for_parts,peer_exchange
home,129.99,42,defective,like_new,resell_as_is
clothing,78.7,179,wrong_size,very_good,resell_as_is
clothing,116.1,1,not_as_described,acceptable,refurbish
books,17.44,13,no_longer_needed,very_good,donate
toys,88.11,25,not_as_described,good,refurbish
electronics,796.19,129,defective,very_good,resell_as_is
electronics,131.41,60,better_price_found,for_parts,donate
electronics,188.56,159,no_longer_needed,for_parts,recycle
clothing,33.16,60,wrong_size,good,refurbish
toys,14.34,13,no_longer_needed,acceptable,donate
clothing,16.57,28,better_price_found,good,peer_exchange
clothing,14.75,52,no_longer_needed,for_parts,recycle
clothing,125.66,105,wrong_size,for_parts,recycle
toys,78.34,10,defective,very_good,resell_as_is
clothing,124.74,35,wrong_size,for_parts,recycle
books,8.33,100,not_as_described,good,peer_exchange
toys,37.5,7,better_price_found,very_good,resell_as_is
clothing,37.77,22,wrong_size,very_good,resell_as_is
clothing,157.17,151,wrong_size,acceptable,refurbish
home,498.26,25,no_longer_needed,good,refurbish
home,262.17,13,defective,acceptable,refurbish
clothing,105.27,12,defective,acceptable,refurbish
home,498.72,135,defective,very_good,resell_as_is
clothing,157.51,11,no_longer_needed,good,refurbish
electronics,93.19,59,no_longer_needed,acceptable,refurbish
electronics,172.12,128,defective,good,refurbish
clothing,93.66,175,no_longer_needed,acceptable,refurbish
electronics,798.31,10,not_as_described,very_good,resell_as_is
clothing,180.41,208,defective,like_new,resell_as_is
clothing,197.33,6,wrong_size,good,refurbish
clothing,62.68,23,wrong_size,very_good,resell_as_is
electronics,337.68,83,wrong_size,acceptable,refurbish
electronics,718.1,41,no_longer_needed,acceptable,refurbish
clothing,55.16,18,no_longer_needed,for_parts,donate
home,132.57,3,not_as_described,acceptable,refurbish
home,215.79,25,defective,for_parts,recycle
clothing,72.98,21,wrong_size,very_good,resell_as_is
clothing,39.73,91,wrong_size,for_parts,recycle
books,20.86,43,no_longer_needed,very_good,peer_exchange
home,437.18,51,defective,for_parts,recycle
clothing,193.96,191,wrong_size,like_new,refurbish
books,38.2,3,no_longer_needed,acceptable,refurbish
toys,30.31,12,not_as_described,like_new,resell_as_is
clothing,55.36,81,better_price_found,for_parts,recycle
home,254.61,10,no_longer_needed,very_good,peer_exchange
electronics,378.93,29,no_longer_needed,acceptable,refurbish
books,30.39,43,defective,acceptable,donate
electronics,434.0,63,better_price_found,acceptable,refurbish
home,159.57,48,not_as_described,good,refurbish
home,55.28,83,defective,like_new,resell_as_is
clothing,16.62,44,not_as_described,like_new,peer_exchange
electronics,639.68,23,not_as_described,acceptable,refurbish
home,92.81,3,no_longer_needed,good,refurbish
clothing,88.0,45,no_longer_needed,very_good,resell_as_is
clothing,169.79,45,no_longer_needed,like_new,resell_as_is
clothing,95.39,8,no_longer_needed,like_new,resell_as_is
electronics,25.13,66,defective,like_new,refurbish
clothing,105.65,28,defective,good,refurbish
electronics,697.06,17,no_longer_needed,good,refurbish
home,387.91,36,not_as_described,like_new,resell_as_is
books,22.91,87,no_longer_needed,acceptable,refurbish
clothing,20.74,202,no_longer_needed,acceptable,refurbish
clothing,118.91,113,better_price_found,very_good,resell_as_is
home,124.8,32,defective,good,refurbish
books,35.15,26,no_longer_needed,acceptable,refurbish
clothing,184.76,109,no_longer_needed,for_parts,recycle
books,30.67,3,no_longer_needed,good,refurbish
toys,13.07,175,defective,very_good,peer_exchange
home,119.57,257,no_longer_needed,acceptable,refurbish
clothing,189.67,19,wrong_size,good,refurbish
clothing,86.92,64,better_price_found,like_new,resell_as_is
electronics,86.56,22,defective,good,refurbish
clothing,188.95,11,wrong_size,very_good,resell_as_is
home,411.24,44,better_price_found,acceptable,refurbish
electronics,543.94,221,not_as_described,very_good,resell_as_is
electronics,563.98,3,wrong_size,good,refurbish
electronics,615.83,9,not_as_described,very_good,resell_as_is
books,7.97,13,better_price_found,good,peer_exchange
electronics,796.02,154,wrong_size,good,refurbish
clothing,92.99,29,wrong_size,acceptable,refurbish
clothing,58.58,92,no_longer_needed,good,refurbish
electronics,633.57,50,defective,like_new,resell_as_is
books,40.44,63,defective,for_parts,recycle
home,404.5,9,no_longer_needed,like_new,resell_as_is
home,90.21,36,defective,good,donate
electronics,93.31,22,not_as_described,very_good,resell_as_is
clothing,71.36,6,wrong_size,acceptable,refurbish
electronics,551.19,142,defective,acceptable,refurbish
clothing,20.78,150,wrong_size,like_new,peer_exchange
electronics,723.33,11,defective,acceptable,refurbish
toys,53.76,260,no_longer_needed,acceptable,refurbish
toys,71.02,5,defective,acceptable,refurbish
clothing,109.1,115,wrong_size,like_new,resell_as_is
electronics,295.0,18,no_longer_needed,like_new,resell_as_is
electronics,268.1,16,defective,very_good,resell_as_is
electronics,474.94,182,not_as_described,acceptable,refurbish
electronics,378.65,53,defective,good,refurbish
books,42.46,10,not_as_described,very_good,resell_as_is
clothing,72.22,184,wrong_size,very_good,resell_as_is
clothing,114.01,55,wrong_size,acceptable,refurbish
electronics,158.18,102,defective,acceptable,refurbish
clothing,34.14,99,not_as_described,very_good,resell_as_is
home,16.03,67,no_longer_needed,like_new,peer_exchange
books,18.06,11,no_longer_needed,like_new,peer_exchange
clothing,182.86,62,wrong_size,good,refurbish
books,43.78,69,no_longer_needed,good,refurbish
electronics,256.39,5,better_price_found,like_new,resell_as_is
clothing,168.04,82,no_longer_needed,good,refurbish
electronics,366.65,314,better_price_found,like_new,resell_as_is
clothing,148.41,80,wrong_size,acceptable,refurbish
toys,91.3,13,no_longer_needed,very_good,resell_as_is
books,13.14,33,better_price_found,like_new,peer_exchange
clothing,154.98,106,defective,acceptable,refurbish
books,27.58,57,no_longer_needed,acceptable,refurbish
electronics,320.54,77,no_longer_needed,acceptable,refurbish
electronics,109.86,40,defective,for_parts,recycle
clothing,10.34,18,wrong_size,acceptable,donate
electronics,315.75,63,no_longer_needed,like_new,resell_as_is
electronics,715.39,15,not_as_described,good,refurbish
clothing,10.39,26,wrong_size,good,peer_exchange
clothing,109.71,5,wrong_size,like_new,resell_as_is
electronics,447.33,36,defective,good,refurbish
clothing,140.88,20,not_as_described,for_parts,recycle
clothing,152.04,100,wrong_size,acceptable,refurbish
books,18.29,167,no_longer_needed,very_good,peer_exchange
clothing,37.79,5,wrong_size,good,refurbish
electronics,471.62,10,defective,like_new,resell_as_is
electronics,219.96,37,defective,good,refurbish
books,40.77,297,no_longer_needed,good,refurbish
clothing,115.58,29,not_as_described,like_new,resell_as_is
toys,14.05,97,defective,very_good,peer_exchange
electronics,381.33,1,not_as_described,good,refurbish
home,76.11,27,better_price_found,acceptable,refurbish
clothing,85.64,53,no_longer_needed,like_new,resell_as_is
electronics,369.24,2,not_as_described,very_good,resell_as_is
toys,47.39,33,no_longer_needed,like_new,resell_as_is
clothing,98.37,117,wrong_size,good,peer_exchange
books,39.04,118,no_longer_needed,acceptable,refurbish
electronics,53.68,79,defective,very_good,resell_as_is
home,286.06,74,better_price_found,acceptable,refurbish
toys,35.35,65,better_price_found,good,refurbish
toys,96.96,32,better_price_found,very_good,resell_as_is
home,485.52,4,better_price_found,for_parts,recycle
electronics,675.75,62,wrong_size,for_parts,recycle
clothing,15.75,23,not_as_described,for_parts,recycle
clothing,91.35,11,defective,for_parts,recycle
clothing,179.35,60,wrong_size,acceptable,refurbish
books,28.31,85,no_longer_needed,very_good,peer_exchange
electronics,199.3,48,not_as_described,acceptable,refurbish
clothing,72.08,147,wrong_size,good,refurbish
clothing,133.86,115,no_longer_needed,good,refurbish
clothing,97.54,10,not_as_described,very_good,resell_as_is
clothing,188.59,35,not_as_described,good,refurbish
clothing,58.88,50,no_longer_needed,acceptable,refurbish
clothing,154.28,157,wrong_size,acceptable,refurbish
toys,67.07,12,wrong_size,good,refurbish
home,248.9,58,better_price_found,for_parts,recycle
clothing,61.88,32,no_longer_needed,good,refurbish
books,5.06,115,not_as_described,very_good,peer_exchange
books,45.89,65,no_longer_needed,good,refurbish
toys,97.16,113,no_longer_needed,very_good,resell_as_is
clothing,75.67,5,defective,good,refurbish
electronics,396.83,65,better_price_found,like_new,resell_as_is
electronics,143.9,12,defective,acceptable,refurbish
clothing,91.95,15,defective,very_good,resell_as_is
electronics,625.0,8,not_as_described,very_good,resell_as_is
clothing,18.53,37,better_price_found,acceptable,refurbish
electronics,111.65,110,no_longer_needed,good,refurbish
home,274.98,32,defective,like_new,resell_as_is
books,38.58,72,better_price_found,very_good,resell_as_is
electronics,764.91,54,no_longer_needed,good,refurbish
electronics,688.0,4,better_price_found,very_good,donate
home,27.69,118,not_as_described,good,refurbish
home,144.0,173,better_price_found,good,refurbish
clothing,102.3,175,wrong_size,like_new,resell_as_is
electronics,604.34,14,better_price_found,acceptable,refurbish
toys,15.77,35,no_longer_needed,acceptable,refurbish
toys,28.33,121,no_longer_needed,good,peer_exchange
electronics,290.73,34,not_as_described,acceptable,refurbish
clothing,182.16,84,wrong_size,acceptable,refurbish
toys,84.91,60,not_as_described,good,refurbish
clothing,58.51,31,not_as_described,very_good,resell_as_is
books,18.28,203,no_longer_needed,like_new,recycle
books,17.24,119,wrong_size,for_parts,recycle
clothing,119.69,163,not_as_described,very_good,resell_as_is
books,49.44,53,not_as_described,acceptable,refurbish
clothing,82.91,49,wrong_size,for_parts,recycle
electronics,757.16,172,defective,good,refurbish
electronics,411.4,4,better_price_found,for_parts,peer_exchange
electronics,710.03,5,defective,like_new,resell_as_is
clothing,29.54,117,wrong_size,very_good,peer_exchange
toys,77.74,78,wrong_size,good,refurbish
clothing,71.13,115,wrong_size,good,refurbish
home,110.99,17,not_as_described,for_parts,recycle
electronics,99.83,54,not_as_described,acceptable,refurbish
clothing,132.83,9,not_as_described,good,refurbish
electronics,254.58,181,not_as_described,for_parts,recycle
toys,37.24,6,better_price_found,acceptable,refurbish
clothing,183.83,12,not_as_described,like_new,resell_as_is
clothing,166.03,80,better_price_found,like_new,resell_as_is
electronics,48.83,19,defective,good,refurbish
clothing,184.82,83,no_longer_needed,acceptable,refurbish
home,380.81,14,better_price_found,good,resell_as_is
clothing,122.38,117,wrong_size,like_new,resell_as_is
clothing,170.27,192,wrong_size,like_new,resell_as_is
electronics,284.68,20,defective,very_good,resell_as_is
home,319.96,45,better_price_found,acceptable,refurbish
clothing,158.93,121,wrong_size,good,refurbish
home,175.18,21,no_longer_needed,very_good,peer_exchange
electronics,135.93,103,defective,very_good,resell_as_is
electronics,204.83,4,defective,acceptable,refurbish
clothing,45.64,9,wrong_size,acceptable,refurbish
electronics,183.2,14,no_longer_needed,good,refurbish
toys,93.13,35,defective,very_good,resell_as_is
home,284.02,49,defective,acceptable,refurbish
electronics,602.76,239,not_as_described,like_new,resell_as_is
electronics,620.91,72,not_as_described,acceptable,refurbish
clothing,144.1,29,wrong_size,acceptable,refurbish
electronics,334.74,96,better_price_found,good,refurbish
clothing,90.18,51,wrong_size,very_good,resell_as_is
home,331.71,180,not_as_described,very_good,resell_as_is
clothing,55.47,49,wrong_size,very_good,resell_as_is
toys,67.32,20,defective,very_good,peer_exchange
home,374.13,11,no_longer_needed,very_good,resell_as_is
clothing,64.95,66,better_price_found,like_new,resell_as_is
toys,24.24,28,defective,good,peer_exchange
home,277.93,83,wrong_size,for_parts,recycle
electronics,754.09,107,no_longer_needed,like_new,resell_as_is
home,369.98,230,defective,good,refurbish
clothing,20.38,8,not_as_described,very_good,peer_exchange
clothing,48.19,2,wrong_size,acceptable,peer_exchange
clothing,155.63,53,not_as_described,like_new,resell_as_is
clothing,128.67,37,wrong_size,very_good,resell_as_is
home,140.86,36,not_as_described,very_good,resell_as_is
clothing,25.66,43,defective,acceptable,refurbish
clothing,104.3,47,better_price_found,for_parts,recycle
clothing,186.34,12,not_as_described,good,refurbish
electronics,394.98,17,defective,very_good,resell_as_is
electronics,579.69,92,not_as_described,very_good,recycle
electronics,139.75,97,no_longer_needed,for_parts,recycle
clothing,24.66,11,wrong_size,like_new,peer_exchange
electronics,510.89,59,defective,for_parts,recycle
toys,95.24,179,no_longer_needed,very_good,resell_as_is
clothing,78.41,107,no_longer_needed,very_good,peer_exchange
toys,29.2,17,no_longer_needed,very_good,peer_exchange
clothing,14.16,109,not_as_described,very_good,peer_exchange
electronics,580.03,47,better_price_found,good,refurbish
electronics,64.08,178,defective,acceptable,refurbish
electronics,591.37,91,no_longer_needed,acceptable,refurbish
clothing,152.68,51,better_price_found,very_good,donate
clothing,75.11,50,better_price_found,very_good,resell_as_is
books,45.28,17,no_longer_needed,good,refurbish
home,254.76,103,better_price_found,good,refurbish
home,346.29,74,not_as_described,very_good,resell_as_is
toys,87.49,69,not_as_described,good,refurbish
clothing,158.43,18,not_as_described,like_new,resell_as_is
clothing,120.62,29,not_as_described,acceptable,refurbish
clothing,161.03,70,wrong_size,good,refurbish
home,23.08,25,defective,for_parts,recycle
toys,67.2,99,no_longer_needed,good,refurbish
home,370.64,135,better_price_found,good,refurbish
clothing,27.68,167,better_price_found,good,peer_exchange
clothing,174.59,139,wrong_size,like_new,resell_as_is
home,103.93,15,not_as_described,good,refurbish
home,285.78,4,not_as_described,very_good,resell_as_is
clothing,76.02,4,not_as_described,like_new,resell_as_is
home,250.74,92,better_price_found,very_good,resell_as_is
clothing,94.24,2,wrong_size,acceptable,refurbish
home,358.8,335,no_longer_needed,like_new,resell_as_is
clothing,184.3,71,not_as_described,good,refurbish
clothing,147.25,5,not_as_described,like_new,resell_as_is
toys,79.78,76,better_price_found,very_good,resell_as_is
clothing,11.42,202,wrong_size,good,peer_exchange
electronics,39.2,19,defective,for_parts,recycle
electronics,620.35,33,no_longer_needed,acceptable,refurbish
books,14.64,53,no_longer_needed,good,peer_exchange
electronics,579.18,7,defective,very_good,resell_as_is
books,29.31,110,defective,good,peer_exchange
clothing,184.99,1,not_as_described,acceptable,refurbish
electronics,155.63,6,defective,acceptable,refurbish
home,189.96,8,no_longer_needed,good,refurbish
toys,36.42,64,wrong_size,good,refurbish
books,14.96,127,no_longer_needed,acceptable,donate
clothing,183.05,40,wrong_size,very_good,resell_as_is
home,184.7,18,defective,very_good,resell_as_is
clothing,17.8,1,not_as_described,like_new,peer_exchange
electronics,443.28,68,defective,acceptable,refurbish
clothing,181.21,118,no_longer_needed,very_good,resell_as_is
home,104.86,42,no_longer_needed,good,refurbish
books,48.57,37,defective,acceptable,refurbish
electronics,529.47,83,no_longer_needed,good,refurbish
books,34.87,35,no_longer_needed,very_good,resell_as_is
books,42.23,48,better_price_found,acceptable,refurbish
toys,82.52,19,better_price_found,very_good,resell_as_is
home,168.61,2,no_longer_needed,for_parts,recycle
home,468.54,104,wrong_size,very_good,resell_as_is
electronics,642.39,45,no_longer_needed,good,refurbish
clothing,160.02,69,wrong_size,for_parts,recycle
clothing,140.68,16,no_longer_needed,good,refurbish
clothing,172.34,42,wrong_size,very_good,resell_as_is
home,113.52,50,no_longer_needed,acceptable,refurbish
home,118.39,48,defective,acceptable,refurbish
electronics,520.25,4,no_longer_needed,acceptable,refurbish
books,43.62,13,no_longer_needed,very_good,resell_as_is
clothing,106.89,3,wrong_size,good,refurbish
electronics,321.26,39,no_longer_needed,like_new,resell_as_is
clothing,139.35,144,wrong_size,good,refurbish
electronics,560.56,15,no_longer_needed,very_good,resell_as_is
toys,87.17,40,defective,for_parts,recycle
clothing,101.49,9,not_as_described,very_good,resell_as_is
clothing,190.08,59,wrong_size,like_new,resell_as_is
clothing,22.95,65,wrong_size,good,peer_exchange
electronics,285.49,28,wrong_size,acceptable,refurbish
home,450.99,20,defective,like_new,resell_as_is
clothing,163.98,40,wrong_size,acceptable,refurbish
toys,57.17,8,better_price_found,acceptable,refurbish
electronics,43.18,26,no_longer_needed,very_good,resell_as_is
home,15.9,23,defective,acceptable,refurbish
clothing,29.39,14,wrong_size,very_good,peer_exchange
clothing,70.73,50,wrong_size,acceptable,refurbish
clothing,19.4,17,wrong_size,very_good,peer_exchange
clothing,56.15,88,wrong_size,very_good,resell_as_is
electronics,549.43,227,no_longer_needed,very_good,resell_as_is
clothing,198.42,201,wrong_size,for_parts,recycle
clothing,77.15,21,no_longer_needed,very_good,resell_as_is
toys,85.35,26,no_longer_needed,good,refurbish
electronics,517.74,90,no_longer_needed,for_parts,donate
clothing,13.48,375,not_as_described,good,peer_exchange
electronics,140.09,1,not_as_described,good,refurbish
electronics,94.86,64,not_as_described,acceptable,refurbish
clothing,102.73,92,wrong_size,for_parts,recycle
books,48.18,16,no_longer_needed,good,refurbish
electronics,732.91,186,no_longer_needed,very_good,resell_as_is
home,293.68,12,defective,good,refurbish
home,118.11,145,better_price_found,very_good,refurbish
electronics,719.09,109,no_longer_needed,good,refurbish
electronics,492.37,106,better_price_found,very_good,resell_as_is
electronics,624.04,20,not_as_described,for_parts,recycle
electronics,26.36,93,not_as_described,acceptable,refurbish
books,39.8,133,no_longer_needed,very_good,resell_as_is
toys,24.27,8,defective,acceptable,refurbish
books,30.35,306,defective,acceptable,refurbish
clothing,34.24,3,wrong_size,very_good,resell_as_is
electronics,127.58,126,better_price_found,for_parts,recycle
home,420.36,65,not_as_described,very_good,resell_as_is
books,36.32,37,defective,very_good,resell_as_is
clothing,92.75,23,not_as_described,for_parts,recycle
electronics,395.14,24,not_as_described,good,refurbish
home,245.41,290,wrong_size,very_good,resell_as_is
home,297.36,215,not_as_described,good,refurbish
clothing,77.21,77,not_as_described,very_good,resell_as_is
clothing,23.61,172,wrong_size,very_good,peer_exchange
home,372.37,29,better_price_found,good,refurbish
books,15.96,119,no_longer_needed,for_parts,recycle
toys,71.28,58,not_as_described,for_parts,recycle
clothing,158.48,21,wrong_size,acceptable,refurbish
books,33.13,47,not_as_described,acceptable,refurbish
clothing,83.94,17,no_longer_needed,good,refurbish
home,442.87,4,no_longer_needed,acceptable,refurbish
electronics,309.38,204,defective,good,refurbish
home,175.43,157,defective,good,refurbish
clothing,45.88,189,not_as_described,good,refurbish
electronics,576.74,11,no_longer_needed,like_new,resell_as_is
home,202.16,27,defective,for_parts,recycle
clothing,54.94,337,not_as_described,like_new,resell_as_is
toys,63.66,37,not_as_described,like_new,resell_as_is
clothing,153.22,127,no_longer_needed,like_new,resell_as_is
clothing,99.13,52,wrong_size,like_new,resell_as_is
electronics,445.52,27,better_price_found,for_parts,recycle
books,49.37,74,better_price_found,good,refurbish
electronics,552.43,161,not_as_described,very_good,resell_as_is
home,388.35,45,defective,for_parts,recycle
clothing,164.24,26,wrong_size,acceptable,refurbish
clothing,11.7,13,better_price_found,acceptable,donate
clothing,67.52,137,wrong_size,good,refurbish
electronics,217.99,27,no_longer_needed,acceptable,refurbish
electronics,368.07,9,defective,good,refurbish
books,39.85,78,better_price_found,acceptable,refurbish
clothing,29.18,38,better_price_found,good,peer_exchange
home,240.75,161,defective,acceptable,refurbish
toys,59.97,124,wrong_size,like_new,resell_as_is
home,232.8,14,not_as_described,good,refurbish
electronics,743.08,54,defective,good,refurbish
clothing,74.82,128,better_price_found,very_good,refurbish
books,38.17,91,no_longer_needed,very_good,resell_as_is
clothing,31.47,38,wrong_size,acceptable,refurbish
clothing,152.05,59,not_as_described,like_new,resell_as_is
home,311.16,30,wrong_size,for_parts,recycle
books,46.18,8,not_as_described,acceptable,recycle
clothing,141.02,48,no_longer_needed,good,recycle
home,488.79,45,wrong_size,good,resell_as_is
clothing,82.46,40,wrong_size,very_good,resell_as_is
clothing,30.52,31,not_as_described,like_new,resell_as_is
home,19.0,3,not_as_described,acceptable,refurbish
electronics,34.31,16,not_as_described,good,refurbish
books,30.29,27,no_longer_needed,good,refurbish
clothing,67.84,57,not_as_described,good,refurbish
clothing,102.14,170,no_longer_needed,very_good,resell_as_is
clothing,31.38,25,no_longer_needed,good,refurbish
electronics,297.86,159,defective,very_good,refurbish
clothing,70.14,65,wrong_size,very_good,peer_exchange
books,28.09,9,not_as_described,good,peer_exchange
toys,53.9,231,no_longer_needed,acceptable,refurbish
electronics,557.96,32,better_price_found,very_good,resell_as_is
books,23.13,185,defective,good,peer_exchange
electronics,65.13,5,defective,very_good,resell_as_is
clothing,26.14,325,not_as_described,like_new,peer_exchange
home,107.52,111,no_longer_needed,acceptable,refurbish
home,91.75,23,not_as_described,like_new,resell_as_is
clothing,54.07,14,wrong_size,good,refurbish
clothing,44.53,93,no_longer_needed,good,refurbish
home,450.94,12,no_longer_needed,good,resell_as_is
books,6.86,71,better_price_found,like_new,peer_exchange
home,168.09,39,no_longer_needed,like_new,resell_as_is
toys,13.29,4,no_longer_needed,for_parts,recycle
clothing,28.74,27,wrong_size,very_good,peer_exchange
toys,83.29,104,defective,like_new,resell_as_is
clothing,108.14,7,defective,very_good,resell_as_is
electronics,688.38,1,better_price_found,acceptable,refurbish
toys,12.95,62,better_price_found,like_new,peer_exchange
clothing,92.81,147,not_as_described,like_new,resell_as_is
electronics,716.26,213,better_price_found,good,refurbish
home,238.35,20,defective,acceptable,refurbish
clothing,134.0,90,no_longer_needed,like_new,resell_as_is
clothing,112.27,4,no_longer_needed,like_new,resell_as_is
home,40.01,65,better_price_found,good,refurbish
home,122.79,53,not_as_described,very_good,resell_as_is
clothing,160.96,126,defective,very_good,resell_as_is
home,137.86,22,not_as_described,good,refurbish
clothing,31.2,11,better_price_found,very_good,resell_as_is
toys,68.12,115,better_price_found,very_good,resell_as_is
clothing,162.46,31,wrong_size,acceptable,refurbish
books,34.48,2,better_price_found,good,refurbish
toys,69.07,40,defective,for_parts,donate
electronics,562.77,222,no_longer_needed,good,refurbish
clothing,48.94,26,defective,for_parts,recycle
clothing,185.26,44,wrong_size,very_good,resell_as_is
home,158.62,79,better_price_found,very_good,resell_as_is
home,190.01,46,no_longer_needed,good,refurbish
clothing,68.4,131,wrong_size,like_new,resell_as_is
electronics,135.78,46,defective,good,refurbish
home,152.71,142,defective,good,refurbish
clothing,40.67,5,better_price_found,acceptable,refurbish
home,181.09,8,better_price_found,good,refurbish
clothing,30.25,23,not_as_described,like_new,resell_as_is
clothing,128.46,13,wrong_size,for_parts,recycle
clothing,108.49,138,wrong_size,acceptable,refurbish
clothing,74.75,13,not_as_described,good,refurbish
home,256.85,6,better_price_found,acceptable,donate
home,177.15,66,not_as_described,acceptable,refurbish
books,26.8,6,no_longer_needed,good,peer_exchange
clothing,131.76,92,not_as_described,good,refurbish
electronics,582.68,114,not_as_described,good,refurbish
clothing,49.69,86,defective,good,recycle
electronics,529.87,6,not_as_described,acceptable,refurbish
toys,21.99,12,no_longer_needed,for_parts,recycle
toys,71.8,92,better_price_found,good,refurbish
clothing,159.12,20,no_longer_needed,acceptable,refurbish
electronics,624.14,9,better_price_found,like_new,resell_as_is
clothing,149.78,44,not_as_described,like_new,resell_as_is
electronics,754.1,51,defective,good,refurbish
home,22.97,244,no_longer_needed,very_good,refurbish
electronics,212.87,6,better_price_found,very_good,resell_as_is
clothing,37.74,7,no_longer_needed,like_new,donate
electronics,701.28,159,no_longer_needed,acceptable,refurbish
clothing,130.09,109,no_longer_needed,like_new,resell_as_is
clothing,152.88,42,wrong_size,acceptable,refurbish
clothing,179.18,8,wrong_size,like_new,resell_as_is
clothing,128.72,36,wrong_size,like_new,resell_as_is
clothing,67.75,15,wrong_size,like_new,resell_as_is
home,181.85,2,not_as_described,good,refurbish
electronics,608.87,71,not_as_described,very_good,resell_as_is
home,305.79,6,not_as_described,for_parts,recycle
clothing,132.32,14,not_as_described,good,refurbish
home,201.44,88,better_price_found,good,resell_as_is
electronics,118.53,23,not_as_described,acceptable,refurbish
electronics,516.05,67,no_longer_needed,very_good,refurbish
clothing,158.86,4,not_as_described,very_good,resell_as_is
electronics,247.08,12,not_as_described,very_good,resell_as_is
books,43.04,241,better_price_found,very_good,resell_as_is
clothing,83.14,211,wrong_size,acceptable,refurbish
toys,76.5,22,defective,acceptable,refurbish
books,38.19,24,no_longer_needed,for_parts,recycle
clothing,77.55,68,not_as_described,good,refurbish
electronics,631.78,288,defective,like_new,resell_as_is
clothing,50.47,45,not_as_described,very_good,resell_as_is
clothing,69.84,33,no_longer_needed,acceptable,refurbish
electronics,219.78,6,no_longer_needed,acceptable,refurbish
toys,74.93,29,defective,good,refurbish
clothing,139.67,19,wrong_size,acceptable,refurbish
toys,97.15,11,not_as_described,acceptable,refurbish
electronics,322.28,8,no_longer_needed,acceptable,refurbish
clothing,87.19,19,wrong_size,for_parts,resell_as_is
clothing,36.96,1,wrong_size,good,refurbish
electronics,538.82,58,better_price_found,acceptable,refurbish
toys,48.55,41,not_as_described,good,refurbish
home,27.09,17,defective,for_parts,recycle
books,10.6,64,no_longer_needed,very_good,peer_exchange
electronics,178.0,54,no_longer_needed,for_parts,recycle
clothing,87.74,55,not_as_described,very_good,resell_as_is
electronics,402.16,19,defective,good,peer_exchange
clothing,183.44,21,wrong_size,acceptable,recycle
clothing,78.64,74,wrong_size,good,refurbish
home,321.35,17,not_as_described,very_good,resell_as_is
clothing,129.92,126,wrong_size,very_good,resell_as_is
clothing,14.12,13,no_longer_needed,good,peer_exchange
toys,14.9,154,wrong_size,good,peer_exchange
home,29.37,46,defective,very_good,refurbish
home,204.19,6,defective,like_new,resell_as_is
clothing,87.46,158,not_as_described,acceptable,refurbish
clothing,112.41,10,not_as_described,for_parts,recycle
clothing,87.16,40,no_longer_needed,like_new,resell_as_is
clothing,122.02,47,defective,acceptable,refurbish
clothing,94.45,72,wrong_size,like_new,resell_as_is
clothing,193.06,196,not_as_described,acceptable,refurbish
electronics,410.36,95,no_longer_needed,acceptable,refurbish
clothing,147.13,64,no_longer_needed,very_good,resell_as_is
clothing,84.95,3,better_price_found,good,refurbish
clothing,135.1,175,wrong_size,for_parts,recycle
toys,66.32,24,not_as_described,very_good,resell_as_is
home,23.05,206,no_longer_needed,for_parts,recycle
clothing,46.05,44,no_longer_needed,acceptable,refurbish
clothing,127.8,54,wrong_size,good,refurbish
books,27.82,183,better_price_found,acceptable,refurbish
clothing,52.41,46,not_as_described,very_good,resell_as_is
electronics,101.29,38,no_longer_needed,very_good,resell_as_is
clothing,67.52,17,defective,like_new,donate
clothing,75.69,124,no_longer_needed,acceptable,refurbish
toys,83.34,33,no_longer_needed,like_new,resell_as_is
clothing,63.87,9,wrong_size,good,refurbish
clothing,160.53,45,not_as_described,very_good,resell_as_is
home,433.24,11,not_as_described,like_new,resell_as_is
clothing,179.97,49,wrong_size,acceptable,recycle
home,125.17,100,no_longer_needed,like_new,recycle
toys,36.71,63,defective,very_good,resell_as_is
clothing,171.42,60,not_as_described,like_new,resell_as_is
toys,51.52,11,better_price_found,very_good,resell_as_is
electronics,106.45,15,not_as_described,good,refurbish
clothing,104.1,98,better_price_found,very_good,resell_as_is
clothing,15.02,129,wrong_size,good,peer_exchange
clothing,17.41,88,better_price_found,very_good,peer_exchange
clothing,127.79,13,no_longer_needed,very_good,donate
electronics,497.79,24,defective,good,refurbish
home,483.24,41,not_as_described,very_good,resell_as_is
electronics,654.55,64,no_longer_needed,for_parts,recycle
clothing,158.11,112,not_as_described,acceptable,refurbish
toys,60.5,29,no_longer_needed,like_new,resell_as_is
home,96.95,31,not_as_described,very_good,resell_as_is
clothing,161.49,4,defective,like_new,resell_as_is
home,66.43,7,not_as_described,acceptable,refurbish
home,39.03,50,not_as_described,acceptable,refurbish
clothing,115.23,34,defective,good,refurbish
clothing,63.04,97,better_price_found,good,recycle
clothing,175.23,15,wrong_size,acceptable,refurbish
electronics,646.94,63,defective,acceptable,refurbish
electronics,411.76,86,defective,good,refurbish
clothing,51.41,43,wrong_size,very_good,resell_as_is
home,354.34,6,better_price_found,acceptable,refurbish
clothing,43.81,197,wrong_size,good,refurbish
toys,43.02,44,no_longer_needed,like_new,peer_exchange
clothing,185.68,69,defective,good,refurbish
toys,28.59,132,no_longer_needed,like_new,peer_exchange
clothing,25.76,49,wrong_size,good,peer_exchange
clothing,170.78,92,no_longer_needed,good,refurbish
clothing,146.27,14,defective,acceptable,refurbish
electronics,161.61,21,better_price_found,like_new,resell_as_is
toys,80.08,86,better_price_found,very_good,resell_as_is
books,12.69,3,not_as_described,good,peer_exchange
electronics,365.85,56,better_price_found,very_good,resell_as_is
clothing,196.89,25,wrong_size,very_good,resell_as_is
clothing,157.1,57,not_as_described,very_good,resell_as_is
home,101.91,80,not_as_described,acceptable,refurbish
home,28.04,11,better_price_found,good,refurbish
toys,52.61,64,defective,like_new,resell_as_is
home,231.72,12,not_as_described,very_good,resell_as_is
clothing,196.76,3,wrong_size,good,refurbish
clothing,176.48,9,not_as_described,good,refurbish
clothing,132.94,48,wrong_size,like_new,resell_as_is
clothing,106.62,34,wrong_size,very_good,resell_as_is
clothing,171.48,128,better_price_found,like_new,resell_as_is
home,327.94,9,no_longer_needed,good,refurbish
books,8.3,6,no_longer_needed,like_new,donate
home,341.26,107,defective,acceptable,refurbish
books,17.72,87,better_price_found,good,peer_exchange
toys,23.55,3,defective,good,peer_exchange
home,218.64,206,not_as_described,for_parts,recycle
clothing,40.59,6,not_as_described,acceptable,refurbish
clothing,129.8,38,not_as_described,good,refurbish
home,355.89,70,defective,good,refurbish
electronics,611.68,8,defective,good,refurbish
electronics,340.89,63,not_as_described,like_new,resell_as_is
clothing,150.24,95,not_as_described,good,refurbish
electronics,97.35,37,not_as_described,like_new,resell_as_is
electronics,523.18,19,better_price_found,like_new,resell_as_is
clothing,172.86,102,wrong_size,like_new,resell_as_is
electronics,745.8,5,defective,like_new,resell_as_is
clothing,134.42,78,no_longer_needed,like_new,resell_as_is
clothing,36.27,19,no_longer_needed,good,refurbish
clothing,87.64,33,wrong_size,very_good,resell_as_is
home,49.74,25,not_as_described,good,refurbish
home,291.88,21,no_longer_needed,acceptable,refurbish
home,454.73,35,better_price_found,like_new,resell_as_is
clothing,59.81,127,wrong_size,like_new,resell_as_is
toys,15.28,21,no_longer_needed,acceptable,refurbish
clothing,83.05,29,wrong_size,for_parts,recycle
toys,42.13,3,defective,very_good,resell_as_is
toys,83.62,17,no_longer_needed,good,refurbish
clothing,70.44,2,no_longer_needed,good,refurbish
toys,52.73,23,not_as_described,like_new,resell_as_is
electronics,209.74,5,defective,like_new,resell_as_is
toys,63.52,99,no_longer_needed,acceptable,refurbish
clothing,176.01,35,wrong_size,good,refurbish
clothing,119.24,41,better_price_found,good,refurbish
home,90.69,26,no_longer_needed,good,refurbish
clothing,163.86,47,wrong_size,very_good,resell_as_is
home,498.76,13,no_longer_needed,good,refurbish
toys,37.69,12,better_price_found,like_new,resell_as_is
clothing,41.16,16,wrong_size,acceptable,refurbish
home,77.15,98,better_price_found,good,refurbish
clothing,56.47,12,defective,like_new,resell_as_is
home,287.63,77,wrong_size,very_good,resell_as_is
clothing,124.88,6,not_as_described,acceptable,refurbish
clothing,43.18,19,not_as_described,very_good,resell_as_is
electronics,422.81,42,defective,for_parts,recycle
clothing,140.13,76,not_as_described,good,refurbish
home,277.88,1,defective,good,refurbish
home,217.66,3,not_as_described,very_good,resell_as_is
home,404.81,120,no_longer_needed,for_parts,recycle
home,347.46,124,defective,acceptable,refurbish
electronics,403.47,22,not_as_described,good,refurbish
home,497.8,86,defective,good,resell_as_is
clothing,194.75,81,no_longer_needed,good,refurbish
toys,9.96,22,defective,very_good,peer_exchange
clothing,192.91,69,no_longer_needed,acceptable,refurbish
home,22.86,19,better_price_found,good,refurbish
clothing,160.2,66,not_as_described,acceptable,recycle
clothing,179.5,59,wrong_size,good,refurbish
clothing,69.21,61,wrong_size,acceptable,refurbish
books,37.83,39,not_as_described,good,refurbish
electronics,219.69,298,better_price_found,good,refurbish
clothing,86.78,36,defective,good,refurbish
electronics,571.12,2,no_longer_needed,very_good,resell_as_is
clothing,32.32,30,wrong_size,good,refurbish
electronics,471.71,59,wrong_size,very_good,resell_as_is
clothing,44.75,18,no_longer_needed,very_good,resell_as_is
clothing,37.61,42,no_longer_needed,very_good,resell_as_is
electronics,125.85,27,not_as_described,acceptable,refurbish
electronics,514.52,39,defective,acceptable,refurbish
toys,38.73,38,better_price_found,acceptable,refurbish
clothing,103.39,57,no_longer_needed,very_good,resell_as_is
electronics,38.02,27,no_longer_needed,for_parts,recycle
home,226.72,55,better_price_found,very_good,resell_as_is
home,19.99,29,not_as_described,for_parts,recycle
clothing,189.47,7,no_longer_needed,good,refurbish
books,7.42,165,defective,acceptable,peer_exchange
home,416.89,63,defective,very_good,resell_as_is
clothing,10.93,3,no_longer_needed,like_new,peer_exchange
clothing,154.06,9,better_price_found,like_new,donate
electronics,399.73,94,defective,acceptable,refurbish
toys,21.74,9,defective,very_good,peer_exchange
clothing,58.84,59,wrong_size,very_good,resell_as_is
clothing,134.5,86,better_price_found,acceptable,refurbish
electronics,733.77,94,no_longer_needed,acceptable,refurbish
books,11.43,26,no_longer_needed,good,peer_exchange
clothing,115.18,33,wrong_size,good,refurbish
clothing,133.4,46,wrong_size,good,resell_as_is
toys,94.94,41,no_longer_needed,for_parts,recycle
books,21.73,107,defective,good,peer_exchange
electronics,501.42,5,defective,like_new,resell_as_is
electronics,230.41,64,no_longer_needed,good,refurbish
clothing,99.68,104,not_as_described,very_good,resell_as_is
toys,87.4,13,defective,acceptable,refurbish
clothing,44.34,1,no_longer_needed,acceptable,refurbish
electronics,649.01,27,no_longer_needed,very_good,resell_as_is
clothing,154.78,108,defective,very_good,resell_as_is
clothing,162.34,20,wrong_size,good,recycle
home,139.57,38,no_longer_needed,for_parts,recycle
electronics,83.29,55,not_as_described,very_good,resell_as_is
home,348.35,13,defective,good,refurbish
toys,72.19,33,no_longer_needed,like_new,resell_as_is
books,33.66,1,no_longer_needed,acceptable,refurbish
books,14.1,32,better_price_found,good,peer_exchange
electronics,210.56,14,better_price_found,acceptable,refurbish
clothing,19.99,61,wrong_size,very_good,peer_exchange
home,210.9,85,not_as_described,very_good,resell_as_is
clothing,97.7,20,wrong_size,for_parts,recycle
home,180.24,210,better_price_found,acceptable,refurbish
clothing,72.5,8,wrong_size,good,refurbish
electronics,340.54,62,defective,like_new,resell_as_is
books,47.48,20,better_price_found,acceptable,refurbish
electronics,679.0,21,no_longer_needed,good,refurbish
home,385.95,39,no_longer_needed,good,refurbish
electronics,626.73,84,not_as_described,very_good,resell_as_is
home,272.22,87,not_as_described,like_new,resell_as_is
clothing,127.16,45,no_longer_needed,good,refurbish
electronics,113.71,62,better_price_found,good,refurbish
clothing,100.69,4,not_as_described,like_new,resell_as_is
home,17.64,34,no_longer_needed,good,peer_exchange
home,394.98,28,defective,good,refurbish
books,40.06,23,no_longer_needed,acceptable,refurbish
home,168.65,8,defective,very_good,resell_as_is
toys,35.88,14,no_longer_needed,very_good,resell_as_is
toys,59.34,92,defective,good,refurbish
books,5.97,119,defective,for_parts,recycle
clothing,28.88,36,wrong_size,good,peer_exchange
clothing,14.4,120,wrong_size,for_parts,recycle
clothing,56.59,6,not_as_described,very_good,resell_as_is
books,49.5,43,better_price_found,like_new,resell_as_is
clothing,79.31,19,wrong_size,good,refurbish
clothing,97.61,16,wrong_size,like_new,resell_as_is
clothing,149.26,44,no_longer_needed,good,refurbish
home,273.78,16,defective,acceptable,refurbish
clothing,105.48,97,wrong_size,good,refurbish
home,316.29,50,better_price_found,very_good,resell_as_is
home,77.9,69,not_as_described,like_new,resell_as_is
clothing,72.65,34,not_as_described,acceptable,refurbish
clothing,130.93,54,no_longer_needed,good,refurbish
clothing,178.1,13,wrong_size,acceptable,refurbish
clothing,70.65,138,not_as_described,very_good,resell_as_is
electronics,329.2,145,no_longer_needed,acceptable,refurbish
home,57.96,16,not_as_described,like_new,resell_as_is
home,352.78,49,not_as_described,acceptable,refurbish
home,37.32,72,not_as_described,good,refurbish
home,217.7,135,defective,good,refurbish
clothing,77.22,98,wrong_size,good,refurbish
clothing,145.74,27,wrong_size,like_new,resell_as_is
clothing,164.33,35,better_price_found,very_good,resell_as_is
clothing,42.38,216,not_as_described,like_new,resell_as_is
home,39.88,52,not_as_described,good,refurbish
home,340.6,47,better_price_found,for_parts,donate
electronics,128.58,129,not_as_described,very_good,resell_as_is
books,6.04,53,not_as_described,good,peer_exchange
clothing,124.35,47,wrong_size,like_new,resell_as_is
electronics,513.83,6,no_longer_needed,like_new,resell_as_is
home,152.22,46,defective,very_good,resell_as_is
electronics,107.2,15,defective,like_new,resell_as_is
electronics,695.57,5,no_longer_needed,acceptable,refurbish
electronics,58.99,54,no_longer_needed,good,refurbish
electronics,675.94,24,better_price_found,very_good,resell_as_is
books,30.53,77,no_longer_needed,acceptable,refurbish
clothing,55.74,63,better_price_found,good,refurbish
clothing,183.87,8,wrong_size,good,refurbish
clothing,185.61,141,no_longer_needed,like_new,refurbish
home,74.77,62,not_as_described,acceptable,refurbish
home,92.41,15,better_price_found,very_good,resell_as_is
electronics,406.78,24,better_price_found,for_parts,recycle
clothing,152.44,133,not_as_described,acceptable,resell_as_is
clothing,191.68,17,better_price_found,acceptable,refurbish
clothing,153.9,104,wrong_size,very_good,resell_as_is
clothing,147.83,218,not_as_described,acceptable,refurbish
clothing,31.91,102,wrong_size,like_new,resell_as_is
toys,26.16,28,better_price_found,acceptable,refurbish
clothing,56.19,16,not_as_described,for_parts,recycle
electronics,457.17,57,not_as_described,good,refurbish
electronics,605.04,14,defective,very_good,resell_as_is
electronics,172.54,39,defective,acceptable,refurbish
books,14.17,63,better_price_found,like_new,peer_exchange
clothing,84.63,3,defective,good,refurbish
clothing,109.75,68,defective,very_good,resell_as_is
home,251.46,59,not_as_described,acceptable,refurbish
toys,30.32,9,not_as_described,for_parts,recycle
electronics,487.76,54,defective,very_good,resell_as_is
home,107.98,36,not_as_described,for_parts,recycle
electronics,561.11,85,no_longer_needed,acceptable,refurbish
electronics,589.34,166,defective,like_new,resell_as_is
books,9.78,76,defective,like_new,peer_exchange
home,305.31,12,defective,like_new,resell_as_is
home,173.5,25,no_longer_needed,for_parts,recycle
clothing,142.67,26,no_longer_needed,acceptable,refurbish
clothing,196.87,73,not_as_described,acceptable,refurbish
electronics,127.46,39,not_as_described,acceptable,refurbish
home,162.5,168,not_as_described,good,refurbish
electronics,684.71,11,not_as_described,good,resell_as_is
clothing,191.37,81,better_price_found,for_parts,recycle
electronics,797.34,24,no_longer_needed,acceptable,refurbish
home,196.96,17,wrong_size,acceptable,refurbish
books,32.03,59,better_price_found,good,refurbish
electronics,464.92,49,defective,good,refurbish
books,30.18,163,no_longer_needed,acceptable,refurbish
clothing,79.69,31,better_price_found,very_good,resell_as_is
books,30.96,21,no_longer_needed,good,refurbish
books,22.75,68,better_price_found,acceptable,refurbish
clothing,123.03,131,no_longer_needed,good,refurbish
clothing,170.07,103,better_price_found,for_parts,recycle
electronics,379.5,116,no_longer_needed,very_good,donate
electronics,444.04,17,no_longer_needed,very_good,resell_as_is
clothing,76.56,13,not_as_described,good,refurbish
books,34.36,81,no_longer_needed,good,donate
clothing,49.85,101,not_as_described,for_parts,recycle
toys,41.61,40,not_as_described,for_parts,recycle
electronics,215.4,34,not_as_described,good,refurbish
home,253.39,2,no_longer_needed,like_new,resell_as_is
books,31.86,14,better_price_found,very_good,resell_as_is
home,369.59,5,better_price_found,like_new,refurbish
clothing,20.38,11,defective,acceptable,refurbish
electronics,647.77,41,defective,good,refurbish
home,19.52,35,defective,very_good,peer_exchange
clothing,132.23,66,no_longer_needed,acceptable,refurbish
clothing,19.75,3,wrong_size,for_parts,recycle
clothing,98.58,81,not_as_described,very_good,resell_as_is
electronics,710.78,33,no_longer_needed,good,refurbish
clothing,152.88,94,wrong_size,like_new,resell_as_is
electronics,554.18,83,defective,acceptable,refurbish
clothing,136.41,108,not_as_described,acceptable,peer_exchange
home,171.66,25,not_as_described,acceptable,refurbish
electronics,351.05,4,no_longer_needed,for_parts,recycle
clothing,44.52,16,wrong_size,very_good,peer_exchange
books,45.02,9,better_price_found,acceptable,refurbish
books,38.63,81,no_longer_needed,acceptable,refurbish
electronics,799.63,124,not_as_described,very_good,resell_as_is
home,307.19,20,not_as_described,for_parts,recycle
electronics,445.41,161,defective,like_new,resell_as_is
clothing,18.74,332,not_as_described,good,peer_exchange
home,237.3,65,not_as_described,good,refurbish
books,43.21,14,defective,acceptable,recycle
toys,27.02,38,better_price_found,for_parts,recycle
clothing,56.01,11,defective,very_good,resell_as_is
electronics,594.34,21,not_as_described,good,refurbish
electronics,240.51,17,not_as_described,like_new,resell_as_is
electronics,282.9,70,not_as_described,very_good,resell_as_is
home,138.47,22,no_longer_needed,for_parts,recycle
home,454.7,38,not_as_described,good,donate
books,39.31,56,better_price_found,acceptable,refurbish
books,18.07,19,better_price_found,for_parts,recycle
electronics,478.4,46,defective,good,refurbish
electronics,764.81,41,not_as_described,good,refurbish
clothing,112.78,17,not_as_described,very_good,resell_as_is
clothing,145.99,58,defective,like_new,resell_as_is
books,12.7,6,defective,like_new,peer_exchange
home,113.11,150,defective,very_good,resell_as_is
electronics,291.03,7,no_longer_needed,like_new,recycle
home,255.38,23,defective,like_new,resell_as_is
clothing,96.63,91,wrong_size,good,refurbish
electronics,551.64,14,defective,for_parts,recycle
home,168.14,47,defective,very_good,peer_exchange
books,14.95,25,better_price_found,good,peer_exchange
home,384.65,169,no_longer_needed,for_parts,recycle
electronics,111.68,130,defective,acceptable,refurbish
clothing,77.42,13,wrong_size,acceptable,peer_exchange
clothing,159.04,104,not_as_described,acceptable,refurbish
clothing,111.58,248,no_longer_needed,very_good,resell_as_is
electronics,138.76,8,better_price_found,for_parts,recycle
clothing,169.34,63,no_longer_needed,acceptable,refurbish
toys,65.81,61,defective,for_parts,peer_exchange
home,36.47,5,not_as_described,good,refurbish
home,15.34,192,defective,very_good,peer_exchange
electronics,793.22,3,defective,very_good,resell_as_is
clothing,29.9,5,wrong_size,very_good,peer_exchange
clothing,155.16,13,wrong_size,good,refurbish
books,29.58,21,defective,good,peer_exchange
books,32.23,118,no_longer_needed,acceptable,refurbish
clothing,13.69,57,not_as_described,acceptable,donate
home,42.49,140,wrong_size,acceptable,refurbish
books,25.93,63,no_longer_needed,acceptable,refurbish
home,108.79,77,defective,very_good,resell_as_is
books,36.11,155,not_as_described,very_good,resell_as_is
clothing,72.33,72,wrong_size,very_good,resell_as_is
electronics,304.61,4,better_price_found,very_good,resell_as_is
clothing,53.36,13,not_as_described,for_parts,recycle
electronics,321.94,31,no_longer_needed,good,recycle
books,13.53,198,no_longer_needed,acceptable,donate
toys,47.36,67,better_price_found,very_good,resell_as_is
clothing,63.75,43,not_as_described,like_new,resell_as_is
clothing,179.01,131,no_longer_needed,acceptable,refurbish
clothing,194.66,187,wrong_size,good,refurbish
home,386.16,130,no_longer_needed,good,refurbish
electronics,398.82,108,no_longer_needed,acceptable,refurbish
electronics,176.25,37,defective,very_good,resell_as_is
electronics,465.65,31,defective,like_new,resell_as_is
home,487.04,18,wrong_size,acceptable,refurbish
clothing,163.56,3,wrong_size,like_new,resell_as_is
electronics,266.95,83,defective,like_new,resell_as_is
clothing,100.07,44,no_longer_needed,good,refurbish
electronics,780.32,17,no_longer_needed,very_good,resell_as_is
clothing,77.29,58,not_as_described,very_good,resell_as_is
electronics,171.0,25,better_price_found,good,refurbish
home,490.73,49,not_as_described,very_good,resell_as_is
home,65.08,40,not_as_described,like_new,resell_as_is
clothing,133.48,21,defective,acceptable,refurbish
toys,10.82,19,defective,good,peer_exchange
home,460.4,14,better_price_found,good,refurbish
home,59.07,71,better_price_found,for_parts,recycle
toys,29.36,6,better_price_found,very_good,peer_exchange
clothing,53.9,297,wrong_size,good,refurbish
clothing,108.9,264,no_longer_needed,very_good,resell_as_is
electronics,339.46,11,no_longer_needed,very_good,resell_as_is
clothing,185.91,36,no_longer_needed,good,refurbish
home,367.94,19,not_as_described,very_good,peer_exchange
books,12.64,61,no_longer_needed,like_new,peer_exchange
books,45.97,33,no_longer_needed,good,refurbish
clothing,110.1,72,wrong_size,good,refurbish
electronics,147.79,149,defective,acceptable,refurbish
electronics,20.57,42,defective,acceptable,refurbish
electronics,151.2,109,no_longer_needed,acceptable,refurbish
books,39.47,8,better_price_found,like_new,resell_as_is
toys,83.65,69,better_price_found,good,peer_exchange
clothing,76.79,55,better_price_found,very_good,resell_as_is
clothing,42.57,75,defective,for_parts,recycle
clothing,146.7,110,no_longer_needed,very_good,resell_as_is
clothing,83.79,23,no_longer_needed,like_new,resell_as_is
electronics,120.44,20,no_longer_needed,for_parts,recycle
clothing,167.54,5,wrong_size,very_good,resell_as_is
home,463.75,46,not_as_described,very_good,resell_as_is
toys,44.15,15,not_as_described,good,refurbish
clothing,154.12,53,not_as_described,acceptable,refurbish
electronics,506.21,76,defective,acceptable,refurbish
home,93.31,82,defective,very_good,resell_as_is
clothing,197.06,7,defective,good,donate
books,16.56,18,defective,acceptable,refurbish
clothing,76.39,112,better_price_found,good,refurbish
electronics,118.72,10,defective,very_good,resell_as_is
toys,87.27,43,wrong_size,like_new,resell_as_is
clothing,70.44,10,wrong_size,very_good,resell_as_is
home,186.28,36,defective,like_new,resell_as_is
electronics,253.78,110,defective,very_good,resell_as_is
home,494.3,22,defective,very_good,resell_as_is
electronics,208.04,73,no_longer_needed,for_parts,recycle
home,190.96,37,not_as_described,very_good,resell_as_is
electronics,305.6,209,better_price_found,good,refurbish
books,19.03,48,better_price_found,very_good,peer_exchange
electronics,744.39,27,not_as_described,good,refurbish
clothing,105.25,41,better_price_found,very_good,resell_as_is
books,22.64,5,no_longer_needed,good,peer_exchange
electronics,779.14,81,no_longer_needed,acceptable,peer_exchange
books,6.55,85,better_price_found,good,peer_exchange
clothing,139.1,51,no_longer_needed,good,refurbish
home,328.08,91,better_price_found,very_good,resell_as_is
clothing,186.79,108,defective,good,refurbish
clothing,28.71,27,wrong_size,good,peer_exchange
home,223.41,3,not_as_described,very_good,resell_as_is
clothing,195.88,194,no_longer_needed,very_good,resell_as_is
electronics,63.95,109,not_as_described,very_good,resell_as_is
electronics,243.62,79,defective,good,refurbish
electronics,712.94,35,not_as_described,very_good,resell_as_is
electronics,396.91,26,defective,acceptable,refurbish
clothing,47.12,218,wrong_size,like_new,resell_as_is
toys,33.66,41,no_longer_needed,for_parts,recycle
clothing,197.25,2,no_longer_needed,very_good,resell_as_is
electronics,290.52,4,defective,good,refurbish
toys,19.01,10,better_price_found,acceptable,refurbish
clothing,39.97,29,wrong_size,good,refurbish
electronics,681.81,167,no_longer_needed,very_good,resell_as_is
home,228.82,91,defective,acceptable,refurbish
electronics,445.22,73,not_as_described,like_new,resell_as_is
clothing,185.08,143,wrong_size,good,refurbish
home,428.18,63,defective,like_new,peer_exchange
toys,23.96,26,defective,acceptable,refurbish
books,49.34,48,defective,very_good,peer_exchange
electronics,481.9,7,wrong_size,very_good,resell_as_is
electronics,499.61,67,better_price_found,acceptable,refurbish
home,191.37,53,not_as_described,very_good,resell_as_is
clothing,82.3,28,no_longer_needed,very_good,resell_as_is
books,5.69,178,better_price_found,good,peer_exchange
toys,59.06,7,better_price_found,like_new,resell_as_is
books,16.52,83,no_longer_needed,acceptable,refurbish
clothing,70.45,18,wrong_size,very_good,resell_as_is
clothing,97.79,42,better_price_found,good,refurbish
clothing,99.59,13,not_as_described,very_good,resell_as_is
electronics,334.73,39,defective,like_new,resell_as_is
clothing,134.01,34,not_as_described,good,refurbish
electronics,335.9,14,not_as_described,acceptable,refurbish
electronics,182.05,3,not_as_described,good,refurbish
home,202.45,67,no_longer_needed,good,refurbish
electronics,73.07,77,defective,for_parts,recycle
electronics,478.81,20,defective,for_parts,refurbish
clothing,184.55,35,wrong_size,very_good,resell_as_is
clothing,95.4,157,better_price_found,acceptable,refurbish
electronics,572.2,102,no_longer_needed,good,refurbish
home,438.86,3,not_as_described,very_good,resell_as_is
electronics,729.57,8,defective,very_good,resell_as_is
home,27.82,18,defective,like_new,refurbish
clothing,126.52,15,no_longer_needed,very_good,resell_as_is
home,95.59,19,defective,acceptable,donate
clothing,22.1,92,not_as_described,good,peer_exchange
clothing,106.64,66,better_price_found,good,refurbish
clothing,122.02,12,defective,like_new,resell_as_is
electronics,469.44,21,no_longer_needed,very_good,resell_as_is
clothing,171.29,22,defective,good,refurbish
home,154.97,40,wrong_size,like_new,resell_as_is
books,34.72,135,better_price_found,very_good,resell_as_is
books,24.19,117,no_longer_needed,good,peer_exchange
electronics,430.2,24,defective,very_good,resell_as_is
clothing,169.03,103,no_longer_needed,good,refurbish
toys,34.55,10,defective,acceptable,refurbish
clothing,162.58,29,no_longer_needed,very_good,resell_as_is
home,112.65,8,defective,good,refurbish
electronics,625.29,133,not_as_described,for_parts,recycle
clothing,126.2,114,wrong_size,very_good,resell_as_is
books,47.52,27,better_price_found,good,refurbish
books,29.57,37,wrong_size,like_new,peer_exchange
electronics,594.82,59,not_as_described,acceptable,refurbish
electronics,454.5,112,wrong_size,very_good,resell_as_is
clothing,26.4,32,not_as_described,good,peer_exchange
home,238.23,34,no_longer_needed,good,refurbish
clothing,119.12,9,no_longer_needed,good,refurbish
clothing,10.19,31,wrong_size,very_good,peer_exchange
electronics,116.54,79,no_longer_needed,very_good,resell_as_is
clothing,77.5,20,wrong_size,acceptable,refurbish
clothing,147.03,42,wrong_size,acceptable,refurbish
home,270.79,71,not_as_described,acceptable,peer_exchange
home,328.71,44,defective,very_good,resell_as_is
clothing,70.03,107,not_as_described,good,refurbish
home,100.19,173,defective,acceptable,refurbish
electronics,794.57,3,defective,good,refurbish
electronics,454.48,14,not_as_described,good,peer_exchange
electronics,684.78,157,not_as_described,acceptable,refurbish
clothing,110.94,94,wrong_size,very_good,resell_as_is
toys,19.32,74,wrong_size,very_good,recycle
electronics,20.25,30,defective,like_new,refurbish
clothing,157.21,33,wrong_size,very_good,resell_as_is
electronics,718.34,65,better_price_found,for_parts,recycle
electronics,238.59,29,no_longer_needed,good,refurbish
home,90.48,37,not_as_described,acceptable,refurbish
toys,99.49,43,defective,like_new,resell_as_is
clothing,79.69,21,wrong_size,like_new,resell_as_is
home,201.83,178,no_longer_needed,acceptable,refurbish
clothing,17.87,136,wrong_size,acceptable,refurbish
clothing,83.98,55,no_longer_needed,good,recycle
home,262.47,95,no_longer_needed,good,refurbish
toys,60.37,40,better_price_found,like_new,resell_as_is
electronics,659.46,95,not_as_described,good,refurbish
clothing,182.13,35,no_longer_needed,good,refurbish
electronics,250.53,122,not_as_described,good,refurbish
clothing,103.39,29,better_price_found,good,refurbish
home,118.11,122,defective,good,refurbish
clothing,67.01,77,better_price_found,acceptable,refurbish
home,445.94,19,defective,like_new,resell_as_is
home,333.77,37,no_longer_needed,good,refurbish
electronics,263.82,26,no_longer_needed,acceptable,refurbish
electronics,618.87,32,defective,like_new,refurbish
home,123.45,18,not_as_described,very_good,resell_as_is
clothing,151.31,76,wrong_size,like_new,resell_as_is
clothing,180.1,24,better_price_found,very_good,resell_as_is
books,22.51,14,no_longer_needed,very_good,peer_exchange
clothing,155.96,46,wrong_size,for_parts,resell_as_is
toys,71.94,59,no_longer_needed,very_good,resell_as_is
electronics,596.53,33,better_price_found,acceptable,refurbish
toys,91.94,4,defective,good,refurbish
clothing,17.28,62,wrong_size,good,peer_exchange
clothing,187.16,40,wrong_size,good,refurbish
home,242.92,82,better_price_found,very_good,resell_as_is
electronics,522.27,3,defective,good,recycle
clothing,175.96,48,wrong_size,good,refurbish
electronics,240.1,60,not_as_described,very_good,resell_as_is
clothing,160.81,25,better_price_found,acceptable,refurbish
toys,74.01,34,better_price_found,very_good,resell_as_is
books,36.83,26,not_as_described,very_good,resell_as_is
electronics,133.37,90,defective,good,refurbish
toys,50.83,11,defective,acceptable,refurbish
toys,59.45,31,no_longer_needed,very_good,resell_as_is
electronics,704.59,34,no_longer_needed,for_parts,recycle
clothing,127.71,27,not_as_described,good,refurbish
home,255.76,13,better_price_found,acceptable,refurbish
toys,93.3,137,defective,very_good,resell_as_is
books,44.21,84,no_longer_needed,very_good,refurbish
clothing,187.85,108,not_as_described,good,peer_exchange
clothing,126.34,111,wrong_size,good,refurbish
electronics,524.22,49,no_longer_needed,like_new,resell_as_is
toys,71.41,70,not_as_described,like_new,resell_as_is
electronics,794.31,9,defective,very_good,resell_as_is
home,485.94,27,wrong_size,good,refurbish
clothing,44.86,22,not_as_described,good,refurbish
electronics,676.75,11,defective,good,refurbish
clothing,190.14,74,wrong_size,acceptable,refurbish
home,459.2,75,not_as_described,acceptable,refurbish
clothing,77.23,153,not_as_described,good,refurbish
home,180.4,100,defective,acceptable,refurbish
home,272.73,9,not_as_described,for_parts,recycle
clothing,189.38,91,wrong_size,good,refurbish
electronics,648.7,13,not_as_described,acceptable,refurbish
electronics,326.72,58,no_longer_needed,for_parts,donate
electronics,634.06,10,better_price_found,very_good,resell_as_is
clothing,115.88,57,wrong_size,very_good,resell_as_is
electronics,206.79,44,no_longer_needed,acceptable,recycle
home,246.75,117,not_as_described,like_new,resell_as_is
clothing,109.05,35,defective,like_new,refurbish
clothing,100.3,27,better_price_found,like_new,resell_as_is
home,406.06,47,no_longer_needed,for_parts,donate
clothing,41.83,40,wrong_size,acceptable,refurbish
home,173.67,10,better_price_found,very_good,resell_as_is
clothing,186.33,12,no_longer_needed,good,refurbish
books,41.91,3,no_longer_needed,very_good,resell_as_is
home,337.64,8,not_as_described,like_new,resell_as_is
electronics,611.09,129,defective,acceptable,refurbish
home,347.83,21,defective,for_parts,recycle
home,184.45,43,not_as_described,like_new,resell_as_is
electronics,582.91,41,no_longer_needed,very_good,resell_as_is
clothing,32.94,115,better_price_found,good,refurbish
clothing,140.85,122,wrong_size,acceptable,refurbish
home,241.37,66,not_as_described,very_good,resell_as_is
books,35.37,57,no_longer_needed,acceptable,refurbish
electronics,417.12,10,not_as_described,good,donate
books,12.18,88,defective,like_new,peer_exchange
electronics,380.0,127,no_longer_needed,good,refurbish
home,68.27,21,not_as_described,very_good,resell_as_is
clothing,77.41,29,defective,very_good,resell_as_is
books,16.17,8,no_longer_needed,for_parts,resell_as_is
clothing,140.03,46,no_longer_needed,for_parts,recycle
books,13.78,5,no_longer_needed,very_good,peer_exchange
books,18.36,34,defective,good,peer_exchange
clothing,60.61,100,wrong_size,very_good,resell_as_is
home,389.5,118,not_as_described,like_new,resell_as_is
home,194.83,36,no_longer_needed,like_new,resell_as_is
clothing,66.85,36,defective,for_parts,recycle
clothing,58.35,3,wrong_size,like_new,resell_as_is
electronics,730.73,131,no_longer_needed,acceptable,refurbish
home,261.35,180,no_longer_needed,like_new,resell_as_is
clothing,110.59,29,not_as_described,like_new,resell_as_is
clothing,159.65,71,wrong_size,very_good,resell_as_is
clothing,117.71,196,wrong_size,very_good,resell_as_is
home,175.1,8,not_as_described,good,refurbish
toys,78.04,41,not_as_described,for_parts,recycle
home,244.13,17,not_as_described,acceptable,refurbish
home,35.54,166,better_price_found,very_good,resell_as_is
electronics,173.03,56,no_longer_needed,very_good,resell_as_is
clothing,188.56,10,not_as_described,like_new,resell_as_is
clothing,41.2,11,defective,like_new,resell_as_is
electronics,251.89,46,no_longer_needed,acceptable,refurbish
toys,30.14,6,better_price_found,good,refurbish
books,39.91,108,no_longer_needed,acceptable,refurbish
home,166.52,17,not_as_described,good,refurbish
clothing,142.78,74,not_as_described,very_good,resell_as_is
home,445.18,42,better_price_found,very_good,resell_as_is
clothing,106.66,34,defective,good,refurbish
electronics,765.76,96,no_longer_needed,very_good,resell_as_is
toys,97.51,172,no_longer_needed,very_good,resell_as_is
clothing,182.56,23,wrong_size,very_good,resell_as_is
home,409.03,28,defective,very_good,resell_as_is
home,281.65,18,better_price_found,good,refurbish
toys,87.89,99,defective,acceptable,refurbish
electronics,792.89,12,better_price_found,like_new,resell_as_is
electronics,731.71,9,no_longer_needed,good,refurbish
home,30.74,30,not_as_described,for_parts,recycle
home,229.45,133,wrong_size,very_good,resell_as_is
clothing,111.42,33,wrong_size,very_good,resell_as_is
clothing,166.58,36,no_longer_needed,like_new,resell_as_is
electronics,417.82,6,no_longer_needed,like_new,resell_as_is
clothing,48.42,54,wrong_size,very_good,resell_as_is
home,20.89,42,defective,for_parts,recycle
home,58.19,161,defective,good,refurbish
clothing,177.67,109,wrong_size,good,peer_exchange
home,344.93,33,wrong_size,like_new,resell_as_is
books,31.95,35,better_price_found,very_good,resell_as_is
clothing,65.42,365,defective,like_new,resell_as_is
clothing,114.51,249,not_as_described,good,refurbish
electronics,489.57,121,not_as_described,good,refurbish
clothing,36.96,82,not_as_described,very_good,resell_as_is
electronics,353.81,59,defective,acceptable,refurbish
books,43.13,41,not_as_described,acceptable,refurbish
clothing,30.38,60,wrong_size,very_good,resell_as_is
clothing,138.83,60,wrong_size,acceptable,refurbish
home,309.71,23,not_as_described,acceptable,refurbish
home,91.78,93,not_as_described,good,refurbish
clothing,133.28,20,no_longer_needed,good,refurbish
clothing,16.46,52,wrong_size,good,peer_exchange
home,28.36,88,not_as_described,good,refurbish
clothing,144.97,90,wrong_size,good,refurbish
books,32.44,90,no_longer_needed,very_good,resell_as_is
clothing,73.22,15,no_longer_needed,like_new,resell_as_is
electronics,784.3,268,not_as_described,for_parts,recycle
electronics,758.92,3,defective,good,recycle
electronics,279.63,232,defective,for_parts,recycle
home,228.27,14,no_longer_needed,like_new,resell_as_is
home,127.02,25,defective,acceptable,refurbish
electronics,175.29,20,defective,good,refurbish
electronics,373.69,66,defective,very_good,resell_as_is
books,37.01,25,better_price_found,for_parts,recycle
clothing,78.04,16,no_longer_needed,good,refurbish
electronics,615.67,39,defective,like_new,resell_as_is
clothing,55.69,10,no_longer_needed,like_new,refurbish
home,298.29,4,defective,very_good,resell_as_is
home,465.29,87,not_as_described,good,refurbish
home,189.22,16,no_longer_needed,very_good,peer_exchange
clothing,31.05,31,no_longer_needed,for_parts,recycle
clothing,186.86,124,no_longer_needed,acceptable,refurbish
clothing,90.56,81,not_as_described,like_new,resell_as_is
electronics,543.03,7,not_as_described,acceptable,refurbish
clothing,111.35,107,better_price_found,very_good,resell_as_is
clothing,58.22,118,wrong_size,good,refurbish
electronics,493.18,54,defective,like_new,resell_as_is
clothing,112.36,10,wrong_size,good,refurbish
books,18.07,124,no_longer_needed,good,peer_exchange
books,16.3,117,defective,for_parts,recycle
toys,63.93,8,defective,very_good,resell_as_is
home,15.35,18,not_as_described,very_good,peer_exchange
clothing,191.1,5,better_price_found,very_good,resell_as_is
books,17.92,263,no_longer_needed,good,peer_exchange
electronics,729.0,54,no_longer_needed,good,refurbish
electronics,138.3,31,defective,acceptable,refurbish
clothing,86.38,68,not_as_described,acceptable,refurbish
electronics,311.76,33,no_longer_needed,good,refurbish
clothing,34.17,50,not_as_described,acceptable,refurbish
toys,15.37,89,no_longer_needed,very_good,peer_exchange
home,159.87,78,better_price_found,very_good,resell_as_is
electronics,125.02,5,defective,very_good,resell_as_is
electronics,415.67,44,defective,like_new,resell_as_is
electronics,556.66,16,defective,like_new,resell_as_is
clothing,75.54,73,not_as_described,very_good,resell_as_is
clothing,52.18,77,no_longer_needed,acceptable,refurbish
electronics,672.78,12,better_price_found,very_good,donate
clothing,31.24,196,wrong_size,very_good,resell_as_is
electronics,141.38,113,defective,like_new,resell_as_is
clothing,39.86,53,wrong_size,good,refurbish
toys,38.03,87,defective,good,refurbish
clothing,89.27,235,better_price_found,good,refurbish
clothing,160.5,3,defective,like_new,resell_as_is
electronics,769.25,12,defective,for_parts,recycle
home,173.75,46,wrong_size,good,refurbish
clothing,87.11,94,not_as_described,good,refurbish
books,21.33,40,no_longer_needed,acceptable,refurbish
electronics,607.12,7,defective,acceptable,refurbish
electronics,493.14,102,defective,like_new,refurbish
toys,86.51,22,not_as_described,acceptable,refurbish
books,39.82,10,no_longer_needed,acceptable,refurbish
clothing,173.9,14,defective,good,resell_as_is
electronics,604.63,56,no_longer_needed,like_new,resell_as_is
clothing,102.31,24,wrong_size,good,refurbish
clothing,126.28,22,wrong_size,good,refurbish
clothing,177.51,88,wrong_size,good,refurbish
clothing,192.0,37,no_longer_needed,for_parts,recycle
electronics,264.62,3,defective,for_parts,recycle
home,380.2,10,not_as_described,very_good,resell_as_is
clothing,126.65,5,wrong_size,good,refurbish
clothing,37.91,131,wrong_size,acceptable,refurbish
home,336.87,98,not_as_described,like_new,resell_as_is
clothing,170.95,90,defective,for_parts,recycle
home,339.85,44,not_as_described,acceptable,refurbish
clothing,135.8,3,wrong_size,like_new,resell_as_is
books,33.95,216,defective,acceptable,refurbish
electronics,664.22,11,defective,very_good,resell_as_is
home,143.46,12,defective,like_new,resell_as_is
toys,97.05,109,better_price_found,acceptable,refurbish
books,25.79,24,no_longer_needed,good,peer_exchange
home,354.0,6,defective,acceptable,refurbish
clothing,171.59,18,defective,very_good,resell_as_is
home,238.21,162,better_price_found,acceptable,refurbish
home,319.68,33,defective,like_new,resell_as_is
electronics,340.07,17,not_as_described,very_good,resell_as_is
toys,94.62,59,better_price_found,good,refurbish
clothing,180.62,12,not_as_described,acceptable,refurbish
electronics,496.93,88,defective,acceptable,refurbish
toys,45.73,2,not_as_described,good,refurbish
toys,91.68,65,no_longer_needed,like_new,resell_as_is
toys,71.44,38,defective,very_good,resell_as_is
books,9.31,11,no_longer_needed,very_good,peer_exchange
electronics,404.24,53,better_price_found,good,refurbish
electronics,576.5,63,defective,good,refurbish
clothing,137.08,71,better_price_found,for_parts,recycle
books,5.87,28,defective,very_good,peer_exchange
books,28.03,63,no_longer_needed,good,peer_exchange
clothing,187.13,15,better_price_found,like_new,resell_as_is
toys,64.1,49,no_longer_needed,very_good,resell_as_is
electronics,286.25,57,defective,good,refurbish
home,492.63,35,wrong_size,acceptable,resell_as_is
clothing,80.85,63,no_longer_needed,acceptable,refurbish
books,34.18,36,no_longer_needed,good,refurbish
clothing,49.56,138,wrong_size,acceptable,refurbish
home,122.14,87,defective,good,refurbish
clothing,165.94,85,wrong_size,good,refurbish
home,43.71,24,not_as_described,very_good,resell_as_is
home,113.19,48,no_longer_needed,very_good,resell_as_is
home,49.34,108,better_price_found,for_parts,recycle
home,430.82,16,wrong_size,very_good,resell_as_is
clothing,110.74,71,not_as_described,like_new,resell_as_is
home,326.17,79,not_as_described,for_parts,recycle
clothing,158.26,108,not_as_described,like_new,resell_as_is
electronics,250.45,51,no_longer_needed,good,peer_exchange
clothing,144.72,121,better_price_found,acceptable,refurbish
home,131.66,4,defective,very_good,resell_as_is
toys,16.9,19,not_as_described,like_new,peer_exchange
home,246.46,33,not_as_described,acceptable,refurbish
clothing,152.79,28,no_longer_needed,good,refurbish
home,358.11,21,no_longer_needed,like_new,resell_as_is
home,443.54,51,defective,acceptable,refurbish
electronics,700.46,193,not_as_described,like_new,resell_as_is
electronics,513.83,31,better_price_found,for_parts,recycle
electronics,565.37,51,defective,acceptable,resell_as_is
clothing,163.18,34,not_as_described,good,refurbish
electronics,177.91,75,defective,very_good,resell_as_is
clothing,71.43,61,defective,good,refurbish
home,90.94,83,not_as_described,acceptable,refurbish
clothing,170.9,97,better_price_found,very_good,resell_as_is
electronics,772.88,12,better_price_found,good,refurbish
electronics,289.23,11,not_as_described,for_parts,recycle
clothing,71.72,53,no_longer_needed,good,refurbish
clothing,79.46,311,defective,good,refurbish
clothing,22.54,116,not_as_described,very_good,peer_exchange
clothing,139.27,38,wrong_size,acceptable,refurbish
home,22.04,58,no_longer_needed,like_new,refurbish
home,356.68,135,no_longer_needed,like_new,resell_as_is
clothing,67.71,13,wrong_size,very_good,resell_as_is
electronics,226.23,15,no_longer_needed,very_good,peer_exchange
books,30.09,148,better_price_found,good,refurbish
home,377.2,25,defective,good,refurbish
clothing,71.0,105,not_as_described,very_good,resell_as_is
toys,76.99,16,not_as_described,very_good,resell_as_is
home,470.9,6,defective,good,refurbish
home,365.88,22,better_price_found,acceptable,refurbish
clothing,146.02,22,wrong_size,good,refurbish
toys,34.43,29,defective,good,donate
clothing,186.2,18,not_as_described,good,refurbish
clothing,159.82,39,wrong_size,acceptable,refurbish
home,150.66,87,no_longer_needed,very_good,resell_as_is
electronics,82.14,99,not_as_described,very_good,resell_as_is
electronics,788.19,28,defective,acceptable,refurbish
home,159.15,33,no_longer_needed,good,refurbish
electronics,722.21,187,no_longer_needed,good,refurbish
toys,71.86,5,defective,for_parts,recycle
clothing,50.69,53,no_longer_needed,like_new,resell_as_is
clothing,98.0,35,not_as_described,very_good,resell_as_is
electronics,652.85,102,defective,like_new,resell_as_is
clothing,185.74,27,no_longer_needed,like_new,resell_as_is
home,270.24,145,better_price_found,for_parts,recycle
clothing,61.1,11,not_as_described,like_new,resell_as_is
clothing,45.48,42,not_as_described,good,refurbish
clothing,100.21,17,not_as_described,good,refurbish
home,431.13,55,defective,very_good,donate
clothing,187.51,28,wrong_size,good,refurbish
electronics,749.03,61,better_price_found,good,recycle
home,369.26,72,no_longer_needed,acceptable,recycle
electronics,296.17,66,not_as_described,like_new,resell_as_is
home,82.5,58,better_price_found,like_new,resell_as_is
home,178.41,187,no_longer_needed,good,refurbish
electronics,527.02,54,defective,for_parts,recycle
clothing,189.24,85,no_longer_needed,like_new,peer_exchange
home,438.79,54,defective,good,refurbish
clothing,103.8,286,not_as_described,acceptable,refurbish
electronics,241.58,66,not_as_described,good,recycle
toys,79.11,3,no_longer_needed,good,recycle
home,242.78,42,defective,like_new,resell_as_is
electronics,239.43,36,defective,good,refurbish
clothing,26.72,9,defective,acceptable,refurbish
home,399.16,20,no_longer_needed,good,refurbish
books,22.93,17,no_longer_needed,like_new,peer_exchange
books,28.94,35,not_as_described,very_good,peer_exchange
books,49.33,46,defective,acceptable,refurbish
toys,65.85,43,no_longer_needed,like_new,resell_as_is
home,365.18,50,no_longer_needed,good,refurbish
books,33.02,79,no_longer_needed,for_parts,recycle
home,476.81,149,no_longer_needed,very_good,resell_as_is
toys,17.51,36,no_longer_needed,like_new,peer_exchange
clothing,192.99,2,better_price_found,acceptable,refurbish
clothing,103.26,32,better_price_found,good,peer_exchange
home,62.51,85,no_longer_needed,like_new,resell_as_is
electronics,105.25,42,not_as_described,like_new,resell_as_is
clothing,189.29,18,wrong_size,good,refurbish
electronics,124.54,27,no_longer_needed,like_new,resell_as_is
electronics,465.47,34,no_longer_needed,good,refurbish
home,300.96,1,no_longer_needed,for_parts,recycle
electronics,530.67,28,defective,acceptable,refurbish
books,40.83,27,no_longer_needed,very_good,resell_as_is
clothing,133.5,27,not_as_described,good,refurbish
electronics,506.46,127,defective,for_parts,recycle
toys,87.86,89,defective,very_good,resell_as_is
books,13.45,53,better_price_found,good,peer_exchange
clothing,123.07,68,no_longer_needed,like_new,resell_as_is
toys,17.08,16,no_longer_needed,acceptable,peer_exchange
toys,68.54,109,better_price_found,good,refurbish
toys,72.31,192,no_longer_needed,acceptable,refurbish
home,287.88,39,no_longer_needed,acceptable,refurbish
clothing,130.65,2,wrong_size,very_good,resell_as_is
clothing,113.58,107,wrong_size,like_new,resell_as_is
home,100.87,103,no_longer_needed,acceptable,refurbish
clothing,141.8,30,wrong_size,like_new,resell_as_is
clothing,11.02,88,defective,very_good,peer_exchange
clothing,142.02,1,wrong_size,good,refurbish
clothing,139.75,12,wrong_size,like_new,resell_as_is
clothing,53.79,79,wrong_size,very_good,resell_as_is
toys,30.78,327,defective,like_new,resell_as_is
clothing,76.77,44,wrong_size,good,refurbish
electronics,730.34,38,defective,very_good,resell_as_is
clothing,116.77,178,not_as_described,good,refurbish
home,205.99,146,defective,very_good,recycle
electronics,136.08,49,better_price_found,like_new,resell_as_is
home,240.7,56,not_as_described,good,refurbish
books,45.85,3,no_longer_needed,like_new,resell_as_is
clothing,181.1,13,wrong_size,for_parts,recycle
home,122.68,12,no_longer_needed,good,refurbish
clothing,66.12,79,wrong_size,good,refurbish
home,182.03,118,not_as_described,like_new,recycle
clothing,175.24,76,wrong_size,like_new,resell_as_is
home,246.38,174,not_as_described,acceptable,refurbish
home,343.41,1,no_longer_needed,for_parts,recycle
clothing,71.7,93,no_longer_needed,acceptable,refurbish
electronics,107.77,23,not_as_described,very_good,resell_as_is
electronics,114.48,7,better_price_found,acceptable,refurbish
clothing,134.35,195,wrong_size,very_good,resell_as_is
books,17.58,9,not_as_described,good,peer_exchange
books,47.43,29,better_price_found,like_new,resell_as_is
books,23.84,10,no_longer_needed,good,peer_exchange
home,55.53,48,better_price_found,good,recycle
clothing,129.34,74,no_longer_needed,good,refurbish
books,37.39,186,better_price_found,very_good,resell_as_is
electronics,793.19,73,no_longer_needed,very_good,resell_as_is
electronics,695.93,34,not_as_described,for_parts,recycle
home,243.18,15,better_price_found,good,donate
books,6.53,130,no_longer_needed,acceptable,donate
electronics,478.57,130,no_longer_needed,good,refurbish
home,269.2,4,not_as_described,good,refurbish
toys,93.16,25,not_as_described,acceptable,refurbish
electronics,402.82,148,no_longer_needed,good,refurbish
home,471.99,147,not_as_described,like_new,resell_as_is
electronics,122.61,132,no_longer_needed,like_new,resell_as_is
toys,95.34,107,defective,good,resell_as_is
books,32.95,75,better_price_found,like_new,resell_as_is
books,6.84,22,no_longer_needed,acceptable,donate
home,405.29,37,better_price_found,very_good,resell_as_is
electronics,51.09,21,not_as_described,acceptable,refurbish
electronics,794.36,19,better_price_found,for_parts,recycle
electronics,562.42,113,not_as_described,very_good,resell_as_is
clothing,47.55,180,better_price_found,very_good,peer_exchange
clothing,80.73,88,wrong_size,for_parts,recycle
clothing,34.12,187,no_longer_needed,acceptable,refurbish
toys,32.7,93,no_longer_needed,good,refurbish
toys,37.02,52,wrong_size,good,refurbish
clothing,100.65,13,wrong_size,acceptable,refurbish
clothing,140.35,225,no_longer_needed,like_new,resell_as_is
books,17.2,13,better_price_found,good,peer_exchange
home,306.11,23,not_as_described,good,refurbish
clothing,10.08,19,defective,like_new,peer_exchange
books,41.8,37,no_longer_needed,like_new,resell_as_is
electronics,773.04,52,defective,acceptable,refurbish
clothing,183.56,74,not_as_described,like_new,peer_exchange
clothing,167.17,80,better_price_found,very_good,resell_as_is
clothing,19.53,42,wrong_size,good,peer_exchange
toys,63.85,46,better_price_found,good,refurbish
toys,34.64,1,not_as_described,acceptable,refurbish
home,90.98,7,better_price_found,good,refurbish
toys,88.03,51,no_longer_needed,acceptable,refurbish
home,26.23,105,better_price_found,for_parts,recycle
clothing,54.88,22,defective,acceptable,refurbish
electronics,32.77,2,not_as_described,good,resell_as_is
clothing,55.1,15,wrong_size,very_good,resell_as_is
electronics,54.23,9,not_as_described,very_good,resell_as_is
electronics,752.31,146,no_longer_needed,very_good,resell_as_is
home,156.47,46,no_longer_needed,good,refurbish
clothing,157.77,81,not_as_described,very_good,resell_as_is
toys,71.39,32,no_longer_needed,good,refurbish
home,388.41,67,defective,good,resell_as_is
home,219.31,1,not_as_described,like_new,resell_as_is
home,406.09,2,wrong_size,for_parts,recycle
home,400.8,36,not_as_described,very_good,resell_as_is
clothing,51.38,45,wrong_size,good,refurbish
electronics,72.45,9,defective,very_good,resell_as_is
electronics,119.91,22,not_as_described,acceptable,refurbish
clothing,30.11,15,wrong_size,acceptable,refurbish
electronics,674.22,118,better_price_found,very_good,resell_as_is
electronics,332.07,34,no_longer_needed,very_good,resell_as_is
home,145.54,19,no_longer_needed,acceptable,refurbish
books,41.99,71,defective,acceptable,refurbish
clothing,69.6,45,better_price_found,like_new,resell_as_is
books,40.49,51,better_price_found,like_new,resell_as_is
clothing,11.65,28,wrong_size,acceptable,donate
home,157.42,9,defective,very_good,resell_as_is
electronics,471.65,18,defective,like_new,resell_as_is
electronics,291.96,29,no_longer_needed,good,refurbish
home,304.55,5,not_as_described,for_parts,recycle
clothing,38.48,110,wrong_size,like_new,resell_as_is
clothing,196.48,9,defective,very_good,resell_as_is
clothing,133.21,25,not_as_described,good,refurbish
clothing,82.92,99,defective,for_parts,recycle
electronics,317.15,13,not_as_described,very_good,resell_as_is
clothing,104.54,93,wrong_size,acceptable,refurbish
electronics,659.14,38,not_as_described,acceptable,refurbish
books,23.76,84,not_as_described,acceptable,refurbish
clothing,179.36,99,better_price_found,very_good,resell_as_is
toys,53.37,133,no_longer_needed,acceptable,refurbish
books,10.42,208,not_as_described,like_new,peer_exchange
home,362.46,25,no_longer_needed,acceptable,refurbish
clothing,126.58,119,better_price_found,like_new,resell_as_is
electronics,404.1,35,not_as_described,good,refurbish
electronics,327.96,1,no_longer_needed,very_good,resell_as_is
clothing,126.81,47,wrong_size,good,refurbish
clothing,146.78,48,no_longer_needed,very_good,donate
toys,16.84,132,no_longer_needed,good,peer_exchange
clothing,103.51,27,wrong_size,very_good,resell_as_is
books,42.73,10,no_longer_needed,good,refurbish
clothing,26.74,97,no_longer_needed,acceptable,refurbish
electronics,128.9,152,defective,acceptable,refurbish
clothing,157.52,12,wrong_size,acceptable,refurbish
clothing,117.13,71,wrong_size,very_good,resell_as_is
toys,64.33,46,defective,good,refurbish
clothing,94.79,14,no_longer_needed,for_parts,refurbish
home,454.99,27,better_price_found,acceptable,refurbish
clothing,134.04,19,wrong_size,good,refurbish
electronics,561.17,290,defective,good,refurbish
clothing,89.76,80,defective,good,refurbish
clothing,65.33,43,wrong_size,acceptable,refurbish
home,415.39,2,no_longer_needed,good,peer_exchange
home,492.73,82,not_as_described,good,refurbish
home,339.35,77,better_price_found,very_good,resell_as_is
home,157.04,266,no_longer_needed,very_good,resell_as_is
home,20.57,38,not_as_described,acceptable,refurbish
clothing,174.31,147,not_as_described,very_good,resell_as_is
clothing,110.18,3,not_as_described,very_good,resell_as_is
electronics,507.46,89,wrong_size,acceptable,refurbish
home,235.81,49,not_as_described,very_good,refurbish
home,491.66,115,better_price_found,good,resell_as_is
books,26.26,11,no_longer_needed,for_parts,recycle
home,445.68,3,defective,very_good,donate
clothing,195.99,198,not_as_described,good,refurbish
toys,81.9,42,not_as_described,acceptable,refurbish
clothing,47.78,98,no_longer_needed,very_good,resell_as_is
electronics,500.76,10,defective,acceptable,resell_as_is
clothing,41.31,39,defective,like_new,resell_as_is
home,149.76,58,not_as_described,acceptable,refurbish
electronics,678.47,12,defective,acceptable,refurbish
electronics,281.75,110,defective,very_good,resell_as_is
clothing,145.71,32,no_longer_needed,good,refurbish
clothing,143.69,46,no_longer_needed,for_parts,recycle
toys,62.88,3,no_longer_needed,very_good,resell_as_is
clothing,66.06,23,defective,very_good,resell_as_is
home,206.68,107,better_price_found,acceptable,refurbish
home,90.28,65,not_as_described,good,refurbish
clothing,132.07,15,not_as_described,good,refurbish
clothing,69.08,22,not_as_described,good,refurbish
electronics,28.05,88,better_price_found,very_good,refurbish
clothing,138.17,63,no_longer_needed,like_new,resell_as_is
clothing,190.47,151,no_longer_needed,acceptable,refurbish
home,119.62,58,better_price_found,acceptable,refurbish
clothing,138.94,26,wrong_size,very_good,resell_as_is
toys,77.93,20,no_longer_needed,very_good,resell_as_is
home,374.3,10,no_longer_needed,for_parts,recycle
clothing,188.26,247,defective,like_new,resell_as_is
electronics,277.56,6,not_as_described,like_new,resell_as_is
clothing,24.09,40,wrong_size,very_good,peer_exchange
home,465.8,52,better_price_found,acceptable,refurbish
clothing,142.26,11,better_price_found,very_good,resell_as_is
electronics,421.9,1,not_as_described,like_new,resell_as_is
clothing,171.93,22,not_as_described,like_new,resell_as_is
clothing,57.99,38,defective,acceptable,refurbish
electronics,62.5,64,better_price_found,good,refurbish
home,174.1,112,defective,very_good,resell_as_is
clothing,11.18,17,no_longer_needed,like_new,peer_exchange
books,15.07,136,no_longer_needed,good,peer_exchange
electronics,483.38,33,not_as_described,very_good,resell_as_is
books,46.4,74,not_as_described,like_new,resell_as_is
clothing,131.46,142,not_as_described,for_parts,recycle
home,464.81,38,better_price_found,good,refurbish
home,237.01,3,no_longer_needed,very_good,resell_as_is
electronics,454.97,21,better_price_found,acceptable,refurbish
clothing,145.84,18,defective,very_good,resell_as_is
electronics,353.18,157,defective,good,refurbish
clothing,156.58,35,not_as_described,for_parts,recycle
clothing,85.55,72,not_as_described,very_good,resell_as_is
clothing,196.28,144,no_longer_needed,like_new,resell_as_is
clothing,109.11,87,better_price_found,acceptable,refurbish
clothing,84.79,88,no_longer_needed,very_good,resell_as_is
home,39.23,198,no_longer_needed,good,refurbish
books,27.22,35,better_price_found,acceptable,refurbish
toys,33.47,67,no_longer_needed,very_good,resell_as_is
home,99.91,118,defective,very_good,resell_as_is
electronics,783.52,18,not_as_described,acceptable,resell_as_is
electronics,478.69,62,no_longer_needed,acceptable,refurbish
toys,61.18,28,not_as_described,acceptable,refurbish
clothing,38.95,119,not_as_described,very_good,resell_as_is
electronics,168.31,48,not_as_described,very_good,resell_as_is
clothing,144.62,18,defective,acceptable,refurbish
electronics,296.64,14,better_price_found,acceptable,refurbish
home,458.37,22,wrong_size,like_new,resell_as_is
electronics,432.36,24,defective,good,refurbish
clothing,15.54,52,wrong_size,very_good,peer_exchange
books,7.14,26,no_longer_needed,good,peer_exchange
home,380.02,13,better_price_found,good,recycle
home,205.8,56,defective,like_new,resell_as_is
electronics,763.19,73,not_as_described,good,refurbish
home,70.58,72,not_as_described,for_parts,recycle
clothing,35.73,40,not_as_described,very_good,resell_as_is
books,12.07,74,defective,like_new,recycle
home,127.85,8,better_price_found,good,refurbish
home,371.6,55,defective,like_new,refurbish
clothing,112.79,38,better_price_found,very_good,donate
clothing,127.98,182,not_as_described,for_parts,recycle
electronics,173.57,170,no_longer_needed,good,refurbish
electronics,725.79,11,not_as_described,for_parts,donate
clothing,30.48,51,defective,like_new,resell_as_is
home,381.59,55,defective,acceptable,refurbish
home,35.65,25,not_as_described,like_new,resell_as_is
clothing,196.68,91,no_longer_needed,good,refurbish
home,341.76,57,defective,very_good,resell_as_is
clothing,24.79,98,wrong_size,acceptable,refurbish
home,31.82,7,not_as_described,very_good,resell_as_is
toys,14.8,38,defective,very_good,peer_exchange
toys,71.91,130,defective,very_good,resell_as_is
home,399.18,16,not_as_described,like_new,resell_as_is
toys,86.89,35,not_as_described,good,refurbish
clothing,90.11,34,no_longer_needed,acceptable,refurbish
electronics,142.85,26,not_as_described,acceptable,refurbish
toys,42.8,31,no_longer_needed,acceptable,refurbish
clothing,133.14,38,no_longer_needed,like_new,resell_as_is
books,18.61,112,better_price_found,good,peer_exchange
books,6.35,54,better_price_found,good,peer_exchange
books,45.91,50,better_price_found,good,refurbish
electronics,360.7,69,not_as_described,good,refurbish
clothing,167.41,2,no_longer_needed,like_new,resell_as_is
clothing,133.51,184,wrong_size,like_new,resell_as_is
clothing,124.02,154,not_as_described,good,refurbish
clothing,92.85,134,not_as_described,good,refurbish
books,35.51,158,no_longer_needed,very_good,resell_as_is
electronics,630.42,57,no_longer_needed,very_good,resell_as_is
books,22.57,52,no_longer_needed,good,refurbish
electronics,394.53,140,not_as_described,acceptable,refurbish
books,23.88,27,no_longer_needed,good,peer_exchange
electronics,149.98,89,better_price_found,very_good,resell_as_is
electronics,246.86,36,no_longer_needed,like_new,resell_as_is
electronics,612.43,59,defective,acceptable,refurbish
electronics,68.16,30,defective,good,resell_as_is
clothing,95.49,53,wrong_size,very_good,resell_as_is
clothing,167.16,150,not_as_described,very_good,resell_as_is
clothing,194.88,101,no_longer_needed,good,refurbish
books,47.9,92,not_as_described,very_good,resell_as_is
home,389.98,130,better_price_found,like_new,resell_as_is
toys,85.63,38,not_as_described,good,refurbish
clothing,86.71,59,wrong_size,for_parts,recycle
clothing,115.29,37,wrong_size,good,resell_as_is
books,10.13,71,no_longer_needed,acceptable,refurbish
electronics,203.78,9,no_longer_needed,good,refurbish
home,134.75,22,defective,very_good,resell_as_is
toys,62.81,11,defective,very_good,resell_as_is
clothing,142.61,1,defective,good,refurbish
toys,58.51,26,wrong_size,good,refurbish
toys,42.85,153,no_longer_needed,like_new,resell_as_is
electronics,369.46,154,no_longer_needed,good,refurbish
clothing,114.05,348,no_longer_needed,acceptable,refurbish
clothing,121.19,37,wrong_size,good,refurbish
electronics,630.6,8,not_as_described,good,refurbish
clothing,152.91,186,no_longer_needed,like_new,resell_as_is
electronics,342.21,63,defective,for_parts,recycle
clothing,120.96,47,not_as_described,acceptable,refurbish
home,66.91,37,no_longer_needed,like_new,resell_as_is
electronics,312.26,59,better_price_found,very_good,resell_as_is
clothing,37.74,2,not_as_described,acceptable,refurbish
electronics,135.03,41,defective,acceptable,refurbish
electronics,241.96,140,not_as_described,acceptable,refurbish
home,96.97,81,no_longer_needed,like_new,resell_as_is
clothing,131.11,61,not_as_described,acceptable,refurbish
clothing,11.6,11,defective,acceptable,donate
home,250.91,20,not_as_described,like_new,resell_as_is
electronics,133.4,60,wrong_size,good,refurbish
home,47.99,1,no_longer_needed,very_good,resell_as_is
electronics,476.69,7,not_as_described,acceptable,refurbish
home,124.6,154,no_longer_needed,like_new,peer_exchange
electronics,731.06,27,defective,good,refurbish
electronics,91.63,7,not_as_described,very_good,resell_as_is
clothing,105.66,159,not_as_described,good,refurbish
home,205.23,54,not_as_described,good,refurbish
clothing,53.71,51,better_price_found,good,refurbish
toys,39.53,246,defective,for_parts,peer_exchange
clothing,103.24,60,defective,for_parts,recycle
clothing,88.93,71,better_price_found,very_good,resell_as_is
books,41.47,5,better_price_found,acceptable,refurbish
electronics,347.63,111,not_as_described,good,refurbish
electronics,420.14,90,defective,acceptable,refurbish
books,35.02,9,better_price_found,acceptable,refurbish
clothing,173.24,8,not_as_described,very_good,resell_as_is
electronics,279.14,31,not_as_described,acceptable,refurbish
electronics,330.55,5,better_price_found,like_new,resell_as_is
clothing,187.35,12,wrong_size,for_parts,recycle
home,487.45,43,wrong_size,like_new,resell_as_is
electronics,393.21,49,no_longer_needed,like_new,resell_as_is
toys,31.53,29,no_longer_needed,very_good,resell_as_is
home,441.45,26,not_as_described,very_good,resell_as_is
electronics,174.16,26,not_as_described,acceptable,refurbish
electronics,609.48,46,better_price_found,good,refurbish
clothing,54.93,16,defective,very_good,resell_as_is
books,37.8,3,defective,good,refurbish
electronics,246.59,9,defective,good,refurbish
electronics,460.63,43,no_longer_needed,very_good,resell_as_is
toys,81.21,55,no_longer_needed,good,refurbish
clothing,142.17,64,not_as_described,good,donate
clothing,33.07,56,wrong_size,for_parts,recycle
electronics,483.16,56,no_longer_needed,acceptable,refurbish
clothing,33.68,52,no_longer_needed,very_good,resell_as_is
books,38.92,14,better_price_found,like_new,resell_as_is
clothing,178.44,72,wrong_size,very_good,resell_as_is
clothing,197.66,88,wrong_size,acceptable,refurbish
toys,9.77,17,no_longer_needed,like_new,peer_exchange
clothing,94.92,38,no_longer_needed,good,refurbish
electronics,238.6,65,defective,very_good,resell_as_is
clothing,73.59,90,wrong_size,good,peer_exchange
books,49.94,42,better_price_found,very_good,resell_as_is
toys,55.92,60,better_price_found,very_good,resell_as_is
home,180.37,42,defective,good,refurbish
electronics,210.24,35,no_longer_needed,like_new,resell_as_is
electronics,426.6,42,no_longer_needed,like_new,resell_as_is
books,19.28,25,wrong_size,good,peer_exchange
electronics,532.59,28,no_longer_needed,very_good,resell_as_is
clothing,111.31,41,no_longer_needed,good,refurbish
home,264.33,5,not_as_described,like_new,resell_as_is
home,254.23,83,defective,good,recycle
clothing,164.12,32,no_longer_needed,very_good,resell_as_is
clothing,113.62,55,defective,good,refurbish
toys,91.33,45,wrong_size,very_good,resell_as_is
toys,22.84,80,no_longer_needed,very_good,peer_exchange
home,64.13,13,wrong_size,for_parts,recycle
clothing,144.19,268,wrong_size,like_new,resell_as_is
toys,45.85,95,defective,good,refurbish
clothing,59.83,48,no_longer_needed,for_parts,recycle
home,444.51,9,not_as_described,good,refurbish
electronics,220.23,53,defective,very_good,resell_as_is
clothing,22.43,31,better_price_found,very_good,peer_exchange
electronics,231.88,52,better_price_found,good,refurbish
clothing,14.6,1,no_longer_needed,good,refurbish
clothing,158.82,35,no_longer_needed,good,donate
toys,96.94,28,no_longer_needed,very_good,resell_as_is
home,161.51,62,no_longer_needed,good,refurbish
toys,96.74,43,defective,acceptable,refurbish
home,185.6,77,not_as_described,for_parts,recycle
electronics,629.34,31,not_as_described,for_parts,recycle
home,24.44,67,not_as_described,good,refurbish
clothing,197.51,96,no_longer_needed,good,refurbish
electronics,34.43,3,better_price_found,very_good,resell_as_is
clothing,118.62,52,wrong_size,acceptable,refurbish
home,434.02,4,defective,good,refurbish
clothing,114.13,1,better_price_found,acceptable,refurbish
toys,16.5,38,defective,very_good,peer_exchange
clothing,190.01,34,wrong_size,good,refurbish
toys,58.24,84,not_as_described,very_good,resell_as_is
clothing,89.92,72,defective,for_parts,recycle
clothing,116.1,32,wrong_size,for_parts,resell_as_is
clothing,185.24,43,better_price_found,acceptable,refurbish
electronics,268.02,5,not_as_described,acceptable,refurbish
home,491.02,13,not_as_described,like_new,resell_as_is
home,333.45,92,not_as_described,acceptable,refurbish
clothing,88.36,47,better_price_found,for_parts,recycle
electronics,579.4,136,no_longer_needed,good,refurbish
clothing,145.7,91,no_longer_needed,acceptable,refurbish
toys,27.63,27,not_as_described,acceptable,refurbish
toys,25.34,36,defective,good,peer_exchange
books,49.22,23,no_longer_needed,good,refurbish
electronics,580.98,11,defective,for_parts,recycle
books,39.54,29,not_as_described,like_new,resell_as_is
clothing,137.89,79,wrong_size,good,resell_as_is
clothing,195.6,8,defective,very_good,resell_as_is
books,36.37,32,no_longer_needed,acceptable,resell_as_is
clothing,86.89,32,no_longer_needed,acceptable,refurbish
clothing,148.18,142,wrong_size,acceptable,refurbish
books,28.13,120,no_longer_needed,like_new,refurbish
clothing,49.94,115,no_longer_needed,acceptable,refurbish
clothing,143.44,141,defective,good,refurbish
toys,48.26,23,no_longer_needed,very_good,resell_as_is
books,20.53,27,defective,very_good,recycle
electronics,100.82,94,not_as_described,like_new,resell_as_is
clothing,83.4,220,wrong_size,acceptable,refurbish
electronics,695.54,33,better_price_found,very_good,resell_as_is
home,319.14,99,not_as_described,very_good,resell_as_is
clothing,127.3,110,defective,good,refurbish
clothing,140.92,7,wrong_size,good,refurbish
home,227.53,50,better_price_found,good,refurbish
clothing,129.87,1,not_as_described,like_new,resell_as_is
clothing,136.91,30,defective,good,refurbish
electronics,368.71,1,defective,good,recycle
clothing,145.41,38,wrong_size,good,refurbish
home,239.49,19,no_longer_needed,very_good,resell_as_is
electronics,597.42,184,not_as_described,good,refurbish
home,481.71,19,not_as_described,good,refurbish
toys,26.91,136,no_longer_needed,good,peer_exchange
clothing,162.63,41,no_longer_needed,good,refurbish
clothing,147.44,115,no_longer_needed,very_good,resell_as_is
clothing,143.85,35,no_longer_needed,like_new,resell_as_is
books,19.56,31,better_price_found,like_new,peer_exchange
home,479.15,92,defective,acceptable,refurbish
home,131.09,26,better_price_found,for_parts,recycle
electronics,744.63,22,defective,very_good,resell_as_is
electronics,787.32,21,defective,good,refurbish
clothing,182.26,4,better_price_found,good,refurbish
electronics,276.72,4,no_longer_needed,very_good,resell_as_is
home,283.46,5,defective,acceptable,refurbish
clothing,51.5,73,wrong_size,good,refurbish
home,390.56,83,not_as_described,very_good,resell_as_is
home,141.73,35,defective,like_new,resell_as_is
electronics,234.16,51,no_longer_needed,like_new,resell_as_is
clothing,53.06,2,wrong_size,acceptable,refurbish
home,214.99,112,defective,acceptable,refurbish
home,131.6,40,no_longer_needed,good,refurbish
books,12.31,39,better_price_found,acceptable,donate
books,5.55,117,not_as_described,good,peer_exchange
clothing,168.58,57,no_longer_needed,acceptable,refurbish
clothing,176.03,127,wrong_size,very_good,resell_as_is
home,32.2,6,no_longer_needed,good,refurbish
books,39.06,100,no_longer_needed,very_good,resell_as_is
toys,36.1,33,no_longer_needed,like_new,resell_as_is
clothing,60.79,53,wrong_size,good,refurbish
clothing,189.28,172,wrong_size,good,refurbish
electronics,390.78,34,no_longer_needed,very_good,resell_as_is
electronics,149.97,18,not_as_described,acceptable,refurbish
clothing,160.55,45,not_as_described,good,refurbish
electronics,785.38,127,not_as_described,good,refurbish
clothing,106.55,83,wrong_size,good,refurbish
toys,11.87,95,defective,good,peer_exchange
toys,54.81,114,wrong_size,good,refurbish
clothing,101.45,207,wrong_size,very_good,resell_as_is
clothing,118.52,6,wrong_size,like_new,resell_as_is
home,385.36,123,defective,very_good,resell_as_is
electronics,649.24,40,better_price_found,like_new,resell_as_is
clothing,49.28,72,better_price_found,like_new,resell_as_is
electronics,417.08,37,no_longer_needed,acceptable,refurbish
clothing,170.04,31,wrong_size,very_good,donate
electronics,521.25,78,not_as_described,very_good,resell_as_is
electronics,63.84,27,not_as_described,good,refurbish
books,17.92,56,not_as_described,good,peer_exchange
home,292.98,44,defective,good,refurbish
electronics,568.91,8,defective,good,refurbish
home,482.23,210,better_price_found,good,refurbish
clothing,119.38,37,better_price_found,good,refurbish
home,36.2,8,no_longer_needed,like_new,resell_as_is
electronics,483.23,69,no_longer_needed,acceptable,refurbish
home,54.15,107,better_price_found,acceptable,refurbish
electronics,348.85,19,not_as_described,very_good,resell_as_is
books,43.91,101,not_as_described,good,refurbish
home,405.42,53,not_as_described,acceptable,refurbish
electronics,264.67,46,better_price_found,acceptable,refurbish
electronics,359.81,221,defective,for_parts,recycle
books,42.36,129,better_price_found,very_good,resell_as_is
home,441.28,41,not_as_described,acceptable,refurbish
books,17.87,3,no_longer_needed,acceptable,refurbish
toys,20.95,26,not_as_described,like_new,recycle
electronics,503.38,50,not_as_described,for_parts,recycle
electronics,770.78,79,defective,very_good,resell_as_is
clothing,112.06,15,better_price_found,acceptable,refurbish
home,459.44,199,no_longer_needed,acceptable,refurbish
clothing,163.58,86,better_price_found,like_new,resell_as_is
home,402.28,2,no_longer_needed,very_good,resell_as_is
home,228.5,83,better_price_found,very_good,resell_as_is
clothing,170.67,35,defective,acceptable,refurbish
clothing,199.15,59,not_as_described,good,refurbish
electronics,66.14,30,not_as_described,very_good,resell_as_is
electronics,636.75,76,defective,very_good,resell_as_is
home,409.68,24,better_price_found,acceptable,resell_as_is
home,302.34,62,not_as_described,good,refurbish
clothing,149.91,19,wrong_size,for_parts,recycle
home,382.58,96,defective,good,refurbish
electronics,130.22,28,defective,acceptable,refurbish
clothing,30.22,8,not_as_described,acceptable,refurbish
books,30.43,16,defective,for_parts,recycle
books,37.98,108,not_as_described,good,refurbish
clothing,168.69,267,wrong_size,good,refurbish
home,241.91,111,no_longer_needed,good,refurbish
clothing,197.92,142,not_as_described,acceptable,refurbish
clothing,178.18,39,not_as_described,acceptable,refurbish
clothing,31.31,286,better_price_found,very_good,resell_as_is
home,86.1,2,wrong_size,like_new,resell_as_is
clothing,199.38,21,no_longer_needed,very_good,resell_as_is
clothing,184.21,166,no_longer_needed,like_new,resell_as_is
electronics,746.42,56,not_as_described,acceptable,refurbish
home,264.18,28,not_as_described,very_good,resell_as_is
electronics,536.13,26,not_as_described,good,refurbish
books,49.51,17,defective,good,refurbish
home,196.16,89,no_longer_needed,acceptable,refurbish
clothing,115.61,49,wrong_size,very_good,resell_as_is
books,25.81,157,better_price_found,acceptable,refurbish
electronics,204.57,66,not_as_described,very_good,resell_as_is
clothing,148.89,145,better_price_found,very_good,resell_as_is
clothing,25.94,3,better_price_found,for_parts,recycle
books,15.05,33,no_longer_needed,good,peer_exchange
toys,8.83,156,not_as_described,good,donate
electronics,117.11,6,no_longer_needed,very_good,refurbish
home,162.71,40,defective,good,refurbish
clothing,98.49,6,wrong_size,very_good,resell_as_is
clothing,14.66,26,wrong_size,acceptable,donate
clothing,100.34,188,not_as_described,acceptable,refurbish
toys,36.12,3,defective,good,refurbish
clothing,57.26,75,wrong_size,good,refurbish
clothing,46.75,119,wrong_size,acceptable,refurbish
clothing,129.6,27,no_longer_needed,very_good,resell_as_is
electronics,753.08,178,no_longer_needed,good,refurbish
clothing,160.37,56,not_as_described,acceptable,refurbish
books,24.78,1,no_longer_needed,acceptable,refurbish
clothing,163.04,130,better_price_found,very_good,resell_as_is
books,28.93,38,no_longer_needed,very_good,peer_exchange
electronics,495.78,29,better_price_found,very_good,resell_as_is
toys,59.18,26,better_price_found,acceptable,refurbish
books,9.23,31,better_price_found,very_good,peer_exchange
electronics,282.58,34,no_longer_needed,very_good,refurbish
books,18.51,40,no_longer_needed,acceptable,refurbish
books,46.04,51,no_longer_needed,good,refurbish
clothing,180.19,136,wrong_size,good,refurbish
electronics,383.13,10,no_longer_needed,for_parts,recycle
home,323.72,86,no_longer_needed,very_good,resell_as_is
electronics,738.49,45,better_price_found,good,refurbish
home,401.65,16,defective,like_new,resell_as_is
home,54.41,18,not_as_described,good,refurbish
toys,78.3,8,not_as_described,very_good,resell_as_is
home,189.87,41,not_as_described,very_good,resell_as_is
home,435.34,3,no_longer_needed,good,refurbish
home,440.55,5,not_as_described,acceptable,refurbish
clothing,121.2,12,no_longer_needed,acceptable,refurbish
home,262.02,18,better_price_found,like_new,resell_as_is
clothing,166.47,10,not_as_described,like_new,resell_as_is
electronics,582.31,56,defective,very_good,resell_as_is
books,26.64,147,defective,like_new,peer_exchange
home,394.91,149,better_price_found,like_new,resell_as_is
electronics,658.37,27,not_as_described,acceptable,refurbish
electronics,367.63,5,not_as_described,very_good,resell_as_is
toys,11.48,191,better_price_found,good,peer_exchange
electronics,146.5,17,not_as_described,acceptable,refurbish
home,288.82,2,defective,good,refurbish
home,230.96,71,defective,acceptable,refurbish
home,24.39,30,defective,good,refurbish
electronics,88.64,4,defective,like_new,resell_as_is
electronics,174.0,63,not_as_described,like_new,resell_as_is
clothing,126.62,115,better_price_found,like_new,recycle
clothing,177.83,3,better_price_found,for_parts,recycle
home,468.6,18,not_as_described,like_new,resell_as_is
electronics,746.08,34,better_price_found,very_good,resell_as_is
home,208.84,138,not_as_described,very_good,resell_as_is
clothing,49.53,28,not_as_described,good,refurbish
home,74.84,23,no_longer_needed,good,resell_as_is
toys,93.05,12,better_price_found,good,refurbish
clothing,14.31,96,no_longer_needed,very_good,peer_exchange
books,25.77,94,no_longer_needed,acceptable,refurbish
clothing,156.49,75,defective,very_good,resell_as_is
electronics,268.44,221,defective,acceptable,refurbish
clothing,85.69,16,not_as_described,for_parts,recycle
toys,71.58,3,no_longer_needed,good,refurbish
books,37.85,36,no_longer_needed,very_good,resell_as_is
books,36.2,178,not_as_described,acceptable,refurbish
toys,68.78,82,defective,very_good,resell_as_is
home,214.42,118,defective,acceptable,refurbish
home,86.93,24,not_as_described,good,refurbish
clothing,13.46,121,defective,very_good,peer_exchange
books,37.9,27,not_as_described,acceptable,resell_as_is
electronics,366.0,138,no_longer_needed,very_good,resell_as_is
electronics,765.77,74,not_as_described,very_good,resell_as_is
home,225.79,25,better_price_found,very_good,resell_as_is
clothing,59.37,53,not_as_described,like_new,resell_as_is
electronics,74.86,8,defective,very_good,resell_as_is
electronics,542.62,4,no_longer_needed,acceptable,refurbish
electronics,277.72,99,not_as_described,very_good,resell_as_is
home,405.77,2,not_as_described,good,refurbish
electronics,408.4,70,defective,good,refurbish
clothing,35.52,64,wrong_size,acceptable,refurbish
clothing,183.37,11,not_as_described,very_good,resell_as_is
home,382.39,14,defective,like_new,resell_as_is
clothing,69.29,61,no_longer_needed,like_new,resell_as_is
electronics,94.18,110,not_as_described,for_parts,recycle
toys,30.05,58,better_price_found,very_good,recycle
books,27.13,47,better_price_found,acceptable,refurbish
books,26.08,68,defective,like_new,peer_exchange
clothing,73.6,66,not_as_described,like_new,resell_as_is
home,429.84,47,not_as_described,very_good,resell_as_is
toys,43.77,10,no_longer_needed,like_new,resell_as_is
books,20.56,39,defective,good,peer_exchange
clothing,169.82,10,no_longer_needed,good,refurbish
electronics,537.31,79,no_longer_needed,acceptable,refurbish
electronics,432.54,55,no_longer_needed,very_good,resell_as_is
books,42.86,264,no_longer_needed,like_new,resell_as_is
clothing,16.94,52,wrong_size,like_new,peer_exchange
clothing,116.7,1,wrong_size,acceptable,refurbish
books,38.32,77,better_price_found,like_new,resell_as_is
toys,24.3,64,no_longer_needed,for_parts,recycle
home,359.91,26,defective,for_parts,recycle
clothing,88.06,37,defective,acceptable,refurbish
books,36.28,202,no_longer_needed,good,refurbish
electronics,772.67,3,no_longer_needed,like_new,resell_as_is
clothing,40.07,270,no_longer_needed,acceptable,refurbish
home,144.3,85,not_as_described,very_good,resell_as_is
home,206.8,17,not_as_described,very_good,resell_as_is
home,197.62,175,not_as_described,good,refurbish
electronics,350.56,5,defective,acceptable,refurbish
electronics,580.79,98,not_as_described,for_parts,recycle
clothing,150.03,24,not_as_described,for_parts,recycle
clothing,187.15,105,wrong_size,acceptable,refurbish
clothing,62.31,62,wrong_size,good,refurbish
clothing,179.47,96,wrong_size,acceptable,refurbish
toys,35.58,39,not_as_described,good,refurbish
toys,64.76,172,no_longer_needed,very_good,refurbish
clothing,58.36,12,no_longer_needed,very_good,resell_as_is
toys,64.37,42,not_as_described,good,refurbish
books,34.24,94,defective,like_new,resell_as_is
clothing,176.76,47,defective,acceptable,refurbish
home,349.6,44,better_price_found,acceptable,refurbish
books,45.1,58,no_longer_needed,good,refurbish
electronics,659.72,52,defective,good,refurbish
books,27.82,52,not_as_described,acceptable,refurbish
home,254.04,109,defective,like_new,resell_as_is
electronics,222.15,53,not_as_described,acceptable,refurbish
toys,41.06,44,defective,good,refurbish
home,133.37,36,not_as_described,like_new,resell_as_is
clothing,103.91,21,wrong_size,for_parts,refurbish
electronics,63.47,18,defective,very_good,resell_as_is
electronics,560.02,26,no_longer_needed,very_good,recycle
toys,9.22,45,no_longer_needed,acceptable,donate
clothing,11.06,46,not_as_described,acceptable,donate
books,37.31,66,no_longer_needed,very_good,resell_as_is
toys,45.29,151,no_longer_needed,acceptable,refurbish
home,419.95,108,no_longer_needed,very_good,resell_as_is
clothing,75.16,22,wrong_size,good,refurbish
electronics,559.38,21,defective,acceptable,refurbish
clothing,48.02,58,wrong_size,very_good,resell_as_is
home,100.62,8,wrong_size,good,refurbish
clothing,196.57,13,defective,for_parts,peer_exchange
clothing,152.69,3,no_longer_needed,good,refurbish
electronics,22.25,21,defective,very_good,refurbish
clothing,31.44,14,not_as_described,acceptable,refurbish
clothing,31.51,54,better_price_found,acceptable,refurbish
home,381.44,6,not_as_described,good,resell_as_is
clothing,129.28,132,defective,good,refurbish
clothing,161.93,165,not_as_described,like_new,resell_as_is
books,10.17,48,no_longer_needed,acceptable,donate
clothing,124.91,44,better_price_found,for_parts,recycle
clothing,170.68,55,wrong_size,good,refurbish
toys,12.69,88,wrong_size,good,peer_exchange
toys,57.62,106,no_longer_needed,good,refurbish
electronics,30.54,1,defective,good,refurbish
home,49.28,63,not_as_described,good,refurbish
electronics,737.18,49,no_longer_needed,very_good,resell_as_is
home,472.11,53,defective,good,refurbish
clothing,183.57,81,not_as_described,good,refurbish
clothing,112.72,3,wrong_size,good,refurbish
home,21.71,21,defective,good,refurbish
electronics,613.85,70,no_longer_needed,like_new,resell_as_is
home,38.74,193,no_longer_needed,very_good,resell_as_is
electronics,701.1,7,better_price_found,acceptable,refurbish
home,134.22,30,defective,good,refurbish
clothing,94.13,124,not_as_described,acceptable,refurbish
electronics,626.6,63,not_as_described,like_new,resell_as_is
electronics,656.68,164,not_as_described,good,refurbish
electronics,204.85,170,defective,good,refurbish
books,15.72,133,no_longer_needed,for_parts,recycle
electronics,60.66,206,defective,good,refurbish
clothing,89.43,39,wrong_size,acceptable,refurbish
electronics,268.25,57,no_longer_needed,very_good,resell_as_is
clothing,173.77,179,not_as_described,good,refurbish
clothing,20.52,73,not_as_described,very_good,peer_exchange
electronics,591.28,44,defective,acceptable,refurbish
home,469.66,19,not_as_described,acceptable,refurbish
clothing,186.46,17,not_as_described,for_parts,recycle
clothing,195.33,3,not_as_described,good,refurbish
clothing,80.85,44,wrong_size,very_good,resell_as_is
toys,39.53,138,defective,good,refurbish
electronics,444.31,1,better_price_found,good,recycle
books,38.19,9,no_longer_needed,acceptable,refurbish
electronics,241.32,130,defective,good,refurbish
toys,47.18,43,no_longer_needed,very_good,resell_as_is
clothing,13.67,1,wrong_size,good,peer_exchange
toys,67.54,106,better_price_found,acceptable,refurbish
home,16.77,63,not_as_described,good,peer_exchange
electronics,702.14,12,wrong_size,good,resell_as_is
clothing,52.48,19,wrong_size,like_new,resell_as_is
electronics,602.48,88,not_as_described,for_parts,recycle
electronics,784.28,112,no_longer_needed,good,refurbish
toys,52.02,11,not_as_described,very_good,resell_as_is
electronics,77.51,1,no_longer_needed,good,peer_exchange
clothing,96.18,27,no_longer_needed,acceptable,refurbish
electronics,674.66,42,defective,like_new,resell_as_is
electronics,49.4,36,not_as_described,very_good,resell_as_is
electronics,36.18,10,not_as_described,good,refurbish
electronics,763.31,45,defective,very_good,recycle
clothing,19.08,21,no_longer_needed,acceptable,refurbish
electronics,708.58,46,not_as_described,for_parts,resell_as_is
electronics,392.91,98,not_as_described,good,refurbish
home,308.68,49,not_as_described,good,refurbish
clothing,101.02,24,wrong_size,good,refurbish
electronics,679.41,78,defective,like_new,peer_exchange
books,18.56,62,no_longer_needed,good,peer_exchange
clothing,68.94,48,wrong_size,for_parts,recycle
clothing,21.74,60,wrong_size,good,recycle
electronics,661.59,6,not_as_described,very_good,resell_as_is
electronics,390.51,49,better_price_found,good,refurbish
electronics,740.83,234,defective,acceptable,refurbish
books,9.35,35,no_longer_needed,acceptable,donate
electronics,774.35,62,no_longer_needed,acceptable,refurbish
clothing,197.15,2,no_longer_needed,acceptable,refurbish
books,19.86,60,no_longer_needed,like_new,peer_exchange
clothing,101.54,127,wrong_size,good,refurbish
clothing,160.77,44,wrong_size,like_new,resell_as_is
clothing,164.99,13,not_as_described,like_new,resell_as_is
home,459.52,50,defective,acceptable,refurbish
books,49.0,9,defective,acceptable,refurbish
clothing,178.74,161,not_as_described,good,refurbish
electronics,360.26,69,not_as_described,very_good,resell_as_is
home,48.2,26,better_price_found,very_good,resell_as_is
electronics,262.52,129,not_as_described,acceptable,donate
clothing,46.72,16,not_as_described,good,refurbish
electronics,324.96,23,no_longer_needed,acceptable,refurbish
home,38.12,61,defective,acceptable,refurbish
clothing,80.46,6,wrong_size,for_parts,recycle
clothing,129.55,40,wrong_size,like_new,resell_as_is
home,462.7,1,defective,acceptable,refurbish
toys,47.64,33,not_as_described,like_new,resell_as_is
electronics,417.26,113,defective,like_new,resell_as_is
electronics,432.38,100,defective,acceptable,refurbish
clothing,174.48,59,not_as_described,good,refurbish
clothing,26.74,17,wrong_size,like_new,peer_exchange
clothing,138.68,13,not_as_described,good,refurbish
home,459.74,60,wrong_size,very_good,resell_as_is
clothing,89.69,67,wrong_size,for_parts,recycle
home,491.43,93,not_as_described,acceptable,refurbish
clothing,175.96,2,defective,very_good,resell_as_is
electronics,535.46,26,defective,for_parts,recycle
clothing,49.34,66,no_longer_needed,acceptable,refurbish
clothing,136.02,60,no_longer_needed,acceptable,donate
home,246.19,34,not_as_described,very_good,resell_as_is
clothing,130.99,14,no_longer_needed,acceptable,refurbish
clothing,12.74,8,wrong_size,like_new,peer_exchange
toys,9.03,8,better_price_found,good,peer_exchange
toys,60.77,67,no_longer_needed,very_good,resell_as_is
electronics,417.38,2,not_as_described,very_good,resell_as_is
electronics,621.35,33,no_longer_needed,acceptable,refurbish
clothing,146.99,42,no_longer_needed,good,refurbish
home,74.28,53,defective,very_good,resell_as_is
clothing,170.34,9,no_longer_needed,like_new,resell_as_is
toys,8.9,14,defective,very_good,peer_exchange
electronics,385.39,31,no_longer_needed,acceptable,refurbish
clothing,80.56,3,no_longer_needed,good,resell_as_is
home,458.14,51,no_longer_needed,acceptable,refurbish
clothing,150.59,48,defective,very_good,resell_as_is
clothing,55.52,17,wrong_size,like_new,resell_as_is
books,6.13,189,not_as_described,acceptable,donate
home,179.5,74,not_as_described,very_good,resell_as_is
electronics,278.94,79,better_price_found,like_new,resell_as_is
electronics,613.49,152,defective,for_parts,recycle
electronics,64.17,6,defective,good,refurbish
electronics,189.76,12,no_longer_needed,like_new,resell_as_is
toys,87.98,6,no_longer_needed,good,refurbish
home,487.93,26,no_longer_needed,like_new,resell_as_is
home,267.67,104,no_longer_needed,good,refurbish
electronics,794.51,11,not_as_described,very_good,resell_as_is
home,31.83,170,defective,very_good,resell_as_is
home,340.79,10,no_longer_needed,very_good,resell_as_is
home,420.41,80,not_as_described,acceptable,refurbish
electronics,289.51,23,no_longer_needed,good,refurbish
books,28.64,15,wrong_size,very_good,refurbish
home,153.05,19,no_longer_needed,acceptable,refurbish
clothing,141.76,83,no_longer_needed,very_good,resell_as_is
electronics,759.87,73,not_as_described,very_good,peer_exchange
home,476.99,63,no_longer_needed,acceptable,refurbish
electronics,714.09,31,better_price_found,good,refurbish
clothing,54.16,161,not_as_described,good,refurbish
toys,90.35,33,defective,like_new,resell_as_is
clothing,165.0,28,defective,good,refurbish
home,349.01,46,no_longer_needed,acceptable,refurbish
electronics,789.36,62,no_longer_needed,acceptable,refurbish
clothing,197.09,79,no_longer_needed,good,refurbish
home,376.87,6,no_longer_needed,very_good,resell_as_is
clothing,31.13,46,defective,acceptable,refurbish
clothing,146.7,67,better_price_found,very_good,resell_as_is
electronics,647.56,93,no_longer_needed,like_new,resell_as_is
toys,42.05,52,better_price_found,good,refurbish
home,329.89,52,not_as_described,good,refurbish
books,39.76,33,better_price_found,very_good,resell_as_is
clothing,67.0,37,no_longer_needed,for_parts,recycle
clothing,92.37,41,better_price_found,good,refurbish
home,66.99,72,no_longer_needed,acceptable,donate
clothing,31.81,112,wrong_size,like_new,resell_as_is
electronics,513.57,1,defective,acceptable,refurbish
electronics,180.54,17,no_longer_needed,good,refurbish
electronics,532.42,11,not_as_described,good,refurbish
books,13.55,149,wrong_size,very_good,peer_exchange
electronics,146.47,247,no_longer_needed,very_good,resell_as_is
clothing,20.62,7,no_longer_needed,acceptable,refurbish
electronics,713.56,23,defective,like_new,resell_as_is
toys,87.56,6,better_price_found,good,refurbish
clothing,140.95,98,no_longer_needed,good,refurbish
home,392.2,12,no_longer_needed,very_good,resell_as_is
electronics,478.97,6,better_price_found,good,refurbish
electronics,550.09,201,defective,like_new,resell_as_is
clothing,61.88,303,no_longer_needed,good,recycle
books,23.7,182,better_price_found,acceptable,refurbish
clothing,111.2,24,no_longer_needed,for_parts,recycle
clothing,61.35,11,wrong_size,very_good,resell_as_is
clothing,30.85,103,not_as_described,good,refurbish
clothing,188.13,16,not_as_described,very_good,resell_as_is
toys,32.34,263,no_longer_needed,acceptable,refurbish
electronics,689.29,20,better_price_found,very_good,refurbish
toys,43.58,23,no_longer_needed,acceptable,refurbish
electronics,347.22,66,wrong_size,good,refurbish
electronics,285.63,31,no_longer_needed,very_good,resell_as_is
electronics,796.79,39,defective,like_new,resell_as_is
electronics,597.53,50,no_longer_needed,like_new,resell_as_is
clothing,91.51,4,not_as_described,very_good,resell_as_is
home,55.67,122,better_price_found,very_good,resell_as_is
clothing,192.84,261,no_longer_needed,like_new,resell_as_is
home,52.57,135,better_price_found,for_parts,recycle
clothing,106.21,79,defective,very_good,peer_exchange
clothing,136.03,35,wrong_size,good,refurbish
toys,25.75,33,better_price_found,like_new,peer_exchange
clothing,75.08,41,better_price_found,like_new,refurbish
clothing,99.45,3,no_longer_needed,acceptable,refurbish
clothing,14.86,31,wrong_size,good,peer_exchange
toys,81.16,6,no_longer_needed,like_new,resell_as_is
clothing,104.19,71,no_longer_needed,acceptable,donate
electronics,581.37,3,defective,very_good,resell_as_is
toys,14.22,12,defective,good,resell_as_is
clothing,164.52,89,not_as_described,for_parts,recycle
electronics,723.5,45,defective,good,refurbish
clothing,165.12,2,wrong_size,for_parts,recycle
clothing,185.42,146,wrong_size,very_good,resell_as_is
electronics,471.01,24,no_longer_needed,very_good,resell_as_is
electronics,217.0,11,defective,acceptable,refurbish
home,301.2,16,defective,very_good,resell_as_is
clothing,194.94,96,better_price_found,good,refurbish
clothing,124.71,219,wrong_size,very_good,resell_as_is
toys,20.2,101,not_as_described,acceptable,refurbish
electronics,573.59,111,not_as_described,acceptable,refurbish
toys,16.87,16,not_as_described,very_good,peer_exchange
clothing,108.53,3,wrong_size,acceptable,refurbish
clothing,97.62,13,no_longer_needed,for_parts,recycle
home,185.91,1,not_as_described,good,refurbish
home,473.83,35,not_as_described,good,refurbish
home,416.6,11,better_price_found,good,refurbish
toys,54.37,5,no_longer_needed,acceptable,refurbish
electronics,125.94,24,better_price_found,like_new,resell_as_is
books,41.5,6,no_longer_needed,for_parts,recycle
electronics,701.45,63,no_longer_needed,for_parts,recycle
clothing,92.81,10,wrong_size,good,refurbish
toys,9.09,54,no_longer_needed,acceptable,donate
clothing,184.51,24,no_longer_needed,for_parts,recycle
toys,79.4,58,not_as_described,for_parts,resell_as_is
home,335.84,20,not_as_described,very_good,resell_as_is
home,483.4,20,no_longer_needed,acceptable,refurbish
books,44.93,36,defective,for_parts,peer_exchange
clothing,171.87,113,wrong_size,acceptable,donate
books,44.33,10,no_longer_needed,acceptable,donate
books,13.44,24,no_longer_needed,acceptable,donate
clothing,56.18,72,defective,good,refurbish
clothing,126.48,132,no_longer_needed,like_new,resell_as_is
clothing,64.25,60,not_as_described,acceptable,donate
clothing,48.49,23,wrong_size,for_parts,recycle
clothing,110.11,3,no_longer_needed,very_good,resell_as_is
clothing,199.17,15,wrong_size,for_parts,recycle
home,196.67,62,not_as_described,acceptable,peer_exchange
clothing,108.58,32,better_price_found,acceptable,refurbish
home,226.94,123,wrong_size,very_good,resell_as_is
home,103.42,21,no_longer_needed,like_new,resell_as_is
home,439.63,79,not_as_described,like_new,resell_as_is
electronics,320.36,4,no_longer_needed,good,refurbish
electronics,658.95,43,defective,good,refurbish
clothing,54.23,149,wrong_size,for_parts,recycle
home,21.01,36,not_as_described,very_good,refurbish
clothing,24.24,21,wrong_size,acceptable,refurbish
toys,42.95,93,no_longer_needed,good,refurbish
home,35.37,6,defective,very_good,resell_as_is
home,360.61,20,no_longer_needed,like_new,peer_exchange
toys,77.12,84,not_as_described,good,refurbish
home,44.0,33,no_longer_needed,for_parts,recycle
electronics,465.44,50,better_price_found,acceptable,recycle
books,48.76,21,no_longer_needed,very_good,refurbish
home,40.85,10,better_price_found,good,refurbish
clothing,108.47,59,no_longer_needed,very_good,resell_as_is
home,405.49,42,not_as_described,like_new,resell_as_is
home,461.49,9,better_price_found,very_good,resell_as_is
electronics,792.31,50,defective,very_good,resell_as_is
books,20.75,4,better_price_found,for_parts,recycle
toys,60.98,110,better_price_found,acceptable,refurbish
home,364.83,98,defective,like_new,resell_as_is
home,75.68,46,not_as_described,acceptable,refurbish
books,32.48,152,better_price_found,acceptable,refurbish
electronics,195.83,33,no_longer_needed,good,refurbish
clothing,150.88,3,defective,good,refurbish
home,40.92,49,not_as_described,acceptable,refurbish
electronics,453.61,71,not_as_described,good,refurbish
electronics,474.54,97,defective,good,refurbish
home,233.34,7,not_as_described,very_good,resell_as_is
home,430.01,137,no_longer_needed,like_new,resell_as_is
books,19.15,158,better_price_found,good,peer_exchange
home,289.67,11,defective,very_good,peer_exchange
home,319.41,8,not_as_described,very_good,resell_as_is
clothing,111.71,201,no_longer_needed,acceptable,refurbish
electronics,117.93,81,not_as_described,like_new,resell_as_is
electronics,479.45,82,not_as_described,for_parts,recycle
clothing,48.23,43,no_longer_needed,for_parts,recycle
clothing,125.0,53,defective,very_good,peer_exchange
books,39.28,58,defective,good,refurbish
clothing,134.97,118,no_longer_needed,good,refurbish
clothing,189.73,103,wrong_size,acceptable,refurbish
clothing,163.24,50,defective,very_good,resell_as_is
books,42.13,105,no_longer_needed,acceptable,refurbish
clothing,61.16,102,not_as_described,very_good,resell_as_is
home,97.77,20,not_as_described,good,refurbish
electronics,792.17,147,not_as_described,acceptable,refurbish
electronics,423.96,13,not_as_described,like_new,resell_as_is
home,423.97,143,better_price_found,for_parts,recycle
clothing,177.27,22,wrong_size,very_good,resell_as_is
home,105.76,1,no_longer_needed,good,recycle
home,330.99,116,not_as_described,good,refurbish
toys,20.1,86,no_longer_needed,acceptable,refurbish
electronics,220.03,12,not_as_described,for_parts,donate
books,33.07,100,not_as_described,very_good,resell_as_is
clothing,92.86,95,wrong_size,very_good,resell_as_is
books,23.22,18,no_longer_needed,like_new,peer_exchange
home,41.72,42,not_as_described,very_good,resell_as_is
electronics,487.74,12,defective,for_parts,resell_as_is
toys,11.49,203,no_longer_needed,acceptable,donate
home,397.55,5,not_as_described,for_parts,resell_as_is
electronics,438.61,75,no_longer_needed,good,refurbish
home,85.35,69,better_price_found,good,recycle
home,42.04,31,defective,acceptable,refurbish
clothing,197.88,84,wrong_size,good,refurbish
clothing,114.49,36,wrong_size,like_new,resell_as_is
home,398.24,59,not_as_described,like_new,resell_as_is
clothing,124.22,13,wrong_size,like_new,resell_as_is
home,316.26,152,defective,very_good,resell_as_is
clothing,176.1,128,not_as_described,good,refurbish
home,126.45,74,no_longer_needed,good,refurbish
clothing,99.41,10,defective,very_good,resell_as_is
electronics,759.85,17,not_as_described,like_new,resell_as_is
home,69.22,60,wrong_size,good,refurbish
toys,53.34,111,better_price_found,very_good,resell_as_is
home,65.53,168,defective,good,refurbish
home,337.5,16,not_as_described,like_new,resell_as_is
books,38.78,36,defective,good,refurbish
home,61.87,37,not_as_described,for_parts,resell_as_is
home,226.73,64,not_as_described,acceptable,refurbish
books,31.63,99,no_longer_needed,very_good,resell_as_is
home,169.1,6,not_as_described,acceptable,refurbish
books,12.27,9,no_longer_needed,acceptable,donate
clothing,131.35,18,not_as_described,very_good,resell_as_is
home,288.85,18,not_as_described,acceptable,refurbish
electronics,259.74,95,better_price_found,good,refurbish
clothing,106.67,2,no_longer_needed,acceptable,refurbish
clothing,101.87,90,no_longer_needed,acceptable,refurbish
clothing,56.99,61,not_as_described,like_new,resell_as_is
electronics,645.07,108,no_longer_needed,good,refurbish
clothing,110.17,18,better_price_found,good,refurbish
clothing,105.56,125,wrong_size,very_good,resell_as_is
toys,32.87,85,not_as_described,very_good,resell_as_is
clothing,117.53,16,wrong_size,acceptable,refurbish
clothing,31.73,114,no_longer_needed,acceptable,refurbish
clothing,15.23,23,wrong_size,for_parts,recycle
home,265.63,35,wrong_size,acceptable,refurbish
home,407.39,158,not_as_described,good,refurbish
home,427.91,16,not_as_described,very_good,resell_as_is
books,28.02,185,no_longer_needed,like_new,peer_exchange
electronics,519.18,12,not_as_described,acceptable,refurbish
electronics,441.18,72,better_price_found,good,refurbish
electronics,286.62,110,no_longer_needed,good,refurbish
electronics,238.75,11,defective,acceptable,refurbish
clothing,195.72,32,wrong_size,good,refurbish
clothing,163.78,20,not_as_described,like_new,resell_as_is
clothing,147.8,63,no_longer_needed,very_good,resell_as_is
electronics,392.9,45,defective,like_new,resell_as_is
clothing,75.77,62,wrong_size,very_good,resell_as_is
electronics,735.24,169,not_as_described,very_good,resell_as_is
electronics,330.28,5,no_longer_needed,very_good,resell_as_is
electronics,429.22,1,better_price_found,good,refurbish
clothing,18.75,46,wrong_size,good,peer_exchange
home,248.89,114,better_price_found,for_parts,recycle
home,227.48,34,better_price_found,like_new,resell_as_is
clothing,22.56,120,wrong_size,good,peer_exchange
home,444.72,5,not_as_described,good,refurbish
electronics,532.3,10,defective,good,refurbish
toys,72.27,54,defective,very_good,resell_as_is
electronics,571.15,8,defective,acceptable,refurbish
clothing,49.28,191,no_longer_needed,acceptable,refurbish
clothing,22.96,7,wrong_size,very_good,peer_exchange
clothing,142.6,141,wrong_size,like_new,resell_as_is
books,34.96,37,better_price_found,very_good,resell_as_is
clothing,160.11,19,wrong_size,good,refurbish
home,295.01,44,better_price_found,acceptable,refurbish
clothing,71.04,98,no_longer_needed,good,refurbish
clothing,162.67,2,wrong_size,acceptable,refurbish
home,365.93,66,no_longer_needed,good,refurbish
clothing,106.5,43,better_price_found,very_good,resell_as_is
electronics,91.9,185,defective,good,refurbish
books,39.79,10,no_longer_needed,like_new,resell_as_is
home,127.6,100,defective,like_new,refurbish
clothing,80.82,122,no_longer_needed,very_good,resell_as_is
electronics,28.95,122,no_longer_needed,good,refurbish
home,432.22,134,no_longer_needed,acceptable,refurbish
home,176.62,119,better_price_found,like_new,resell_as_is
electronics,125.92,33,no_longer_needed,very_good,resell_as_is
electronics,318.68,39,not_as_described,good,refurbish
home,443.14,54,not_as_described,very_good,resell_as_is
home,134.52,10,wrong_size,very_good,resell_as_is
home,484.21,24,no_longer_needed,like_new,resell_as_is
clothing,169.26,73,wrong_size,for_parts,recycle
clothing,166.95,189,no_longer_needed,good,refurbish
electronics,148.47,244,no_longer_needed,like_new,resell_as_is
clothing,69.19,49,wrong_size,very_good,resell_as_is
electronics,360.21,43,not_as_described,good,refurbish
electronics,796.97,211,no_longer_needed,acceptable,donate
clothing,182.84,30,no_longer_needed,good,refurbish
toys,72.32,110,no_longer_needed,for_parts,recycle
electronics,618.16,2,no_longer_needed,very_good,resell_as_is
home,323.93,67,better_price_found,very_good,resell_as_is
electronics,384.68,10,no_longer_needed,very_good,resell_as_is
clothing,64.5,41,wrong_size,very_good,resell_as_is
clothing,49.2,2,defective,acceptable,refurbish
electronics,329.18,192,not_as_described,very_good,resell_as_is
books,6.0,50,better_price_found,very_good,peer_exchange
clothing,108.18,199,wrong_size,acceptable,refurbish
clothing,11.23,45,wrong_size,good,peer_exchange
clothing,129.85,7,wrong_size,acceptable,resell_as_is
electronics,325.97,34,no_longer_needed,good,refurbish
electronics,579.43,43,defective,very_good,resell_as_is
home,415.63,15,better_price_found,for_parts,recycle
electronics,567.77,47,no_longer_needed,very_good,resell_as_is
clothing,124.47,79,not_as_described,very_good,resell_as_is
home,336.97,33,not_as_described,good,refurbish
toys,62.88,54,defective,good,refurbish
clothing,112.26,39,no_longer_needed,like_new,resell_as_is
electronics,657.13,8,better_price_found,for_parts,recycle
toys,21.71,65,not_as_described,acceptable,refurbish
clothing,181.75,41,no_longer_needed,good,refurbish
clothing,57.97,130,wrong_size,very_good,resell_as_is
toys,8.46,1,defective,very_good,peer_exchange
toys,50.78,21,better_price_found,very_good,resell_as_is
home,16.17,14,no_longer_needed,like_new,peer_exchange
clothing,85.32,217,not_as_described,like_new,resell_as_is
home,361.01,29,better_price_found,for_parts,recycle
clothing,152.65,92,wrong_size,good,refurbish
toys,18.28,173,no_longer_needed,very_good,peer_exchange
electronics,268.77,84,no_longer_needed,very_good,resell_as_is
electronics,358.17,7,defective,for_parts,recycle
home,483.65,41,no_longer_needed,like_new,resell_as_is
clothing,157.85,25,better_price_found,acceptable,refurbish
clothing,131.99,68,not_as_described,good,refurbish
books,16.62,59,no_longer_needed,acceptable,refurbish
books,47.9,9,no_longer_needed,acceptable,refurbish
electronics,395.47,16,better_price_found,like_new,resell_as_is
clothing,52.02,219,wrong_size,very_good,resell_as_is
toys,45.84,19,defective,good,refurbish
toys,98.31,30,better_price_found,good,refurbish
clothing,22.08,12,no_longer_needed,acceptable,refurbish
clothing,167.66,14,no_longer_needed,acceptable,refurbish
books,44.91,150,better_price_found,good,refurbish
home,471.97,206,no_longer_needed,good,refurbish
clothing,38.69,21,better_price_found,very_good,resell_as_is
electronics,398.14,96,not_as_described,like_new,resell_as_is
home,247.39,200,not_as_described,acceptable,refurbish
clothing,50.33,26,defective,very_good,resell_as_is
clothing,180.35,68,wrong_size,good,resell_as_is
electronics,110.39,76,no_longer_needed,acceptable,refurbish
books,40.02,138,not_as_described,acceptable,refurbish
electronics,729.47,1,not_as_described,like_new,resell_as_is
clothing,128.38,88,no_longer_needed,acceptable,refurbish
clothing,165.03,64,not_as_described,very_good,resell_as_is
toys,85.92,11,no_longer_needed,good,refurbish
clothing,132.15,205,no_longer_needed,acceptable,refurbish
electronics,363.56,43,no_longer_needed,for_parts,recycle
clothing,74.1,52,wrong_size,for_parts,recycle
toys,18.08,13,no_longer_needed,acceptable,refurbish
books,24.15,116,no_longer_needed,good,peer_exchange
electronics,348.49,25,no_longer_needed,acceptable,refurbish
toys,97.59,150,no_longer_needed,good,refurbish
electronics,512.81,49,no_longer_needed,good,refurbish
home,189.81,44,not_as_described,like_new,resell_as_is
electronics,474.09,129,defective,good,refurbish
electronics,350.34,40,defective,good,donate
home,42.37,106,not_as_described,very_good,resell_as_is
clothing,25.5,4,not_as_described,for_parts,recycle
clothing,189.97,17,wrong_size,for_parts,recycle
electronics,545.7,103,defective,very_good,resell_as_is
home,337.13,5,no_longer_needed,good,peer_exchange
home,223.63,139,not_as_described,like_new,resell_as_is
home,494.69,16,not_as_described,good,refurbish
clothing,156.71,11,defective,very_good,resell_as_is
electronics,346.88,6,better_price_found,good,refurbish
electronics,156.48,29,no_longer_needed,very_good,resell_as_is
electronics,488.5,31,not_as_described,good,resell_as_is
toys,18.43,74,defective,acceptable,refurbish
electronics,562.37,137,defective,like_new,resell_as_is
clothing,178.3,36,defective,acceptable,recycle
clothing,167.15,76,no_longer_needed,acceptable,refurbish
clothing,155.38,27,wrong_size,acceptable,refurbish
electronics,524.25,133,no_longer_needed,good,peer_exchange
home,116.92,139,defective,very_good,peer_exchange
electronics,352.1,119,defective,like_new,resell_as_is
clothing,91.43,76,wrong_size,acceptable,refurbish
books,33.6,169,better_price_found,good,refurbish
toys,85.67,6,better_price_found,very_good,resell_as_is
clothing,70.8,44,not_as_described,good,refurbish
home,16.47,177,no_longer_needed,acceptable,refurbish
toys,8.03,5,better_price_found,acceptable,donate
clothing,111.09,45,not_as_described,for_parts,recycle
toys,58.48,23,no_longer_needed,good,refurbish
home,316.67,141,defective,good,refurbish
electronics,266.62,4,defective,like_new,resell_as_is
electronics,657.53,142,not_as_described,like_new,resell_as_is
electronics,157.79,51,defective,acceptable,refurbish
books,7.63,17,no_longer_needed,acceptable,donate
home,293.42,60,defective,good,refurbish
clothing,178.67,107,wrong_size,for_parts,recycle
electronics,756.18,36,no_longer_needed,very_good,resell_as_is
books,28.38,74,better_price_found,good,peer_exchange
home,202.42,196,wrong_size,good,refurbish
clothing,59.26,33,no_longer_needed,good,refurbish
home,311.74,50,not_as_described,like_new,resell_as_is
clothing,91.47,17,wrong_size,acceptable,refurbish
electronics,55.76,16,not_as_described,good,refurbish
clothing,23.78,3,no_longer_needed,good,peer_exchange
electronics,271.28,36,no_longer_needed,good,refurbish
electronics,390.33,105,not_as_described,very_good,resell_as_is
home,80.47,53,better_price_found,very_good,refurbish
books,47.39,36,no_longer_needed,acceptable,refurbish
clothing,31.09,73,no_longer_needed,like_new,resell_as_is
clothing,185.22,139,no_longer_needed,acceptable,refurbish
clothing,55.61,27,not_as_described,acceptable,refurbish
home,80.86,169,not_as_described,acceptable,refurbish
books,27.7,122,no_longer_needed,acceptable,refurbish
clothing,73.55,50,no_longer_needed,good,refurbish
clothing,13.45,62,not_as_described,for_parts,recycle
clothing,63.63,7,no_longer_needed,acceptable,refurbish
clothing,143.68,19,wrong_size,for_parts,recycle
clothing,92.35,50,wrong_size,for_parts,recycle
books,48.92,74,better_price_found,like_new,resell_as_is
clothing,158.76,64,no_longer_needed,like_new,resell_as_is
books,39.6,103,not_as_described,like_new,resell_as_is
toys,47.03,36,no_longer_needed,good,refurbish
electronics,37.67,54,defective,acceptable,refurbish
clothing,31.96,53,not_as_described,like_new,resell_as_is
clothing,170.64,54,defective,for_parts,recycle
books,16.89,35,defective,good,peer_exchange
books,48.91,84,no_longer_needed,very_good,resell_as_is
home,200.39,33,better_price_found,acceptable,refurbish
electronics,661.11,185,defective,for_parts,recycle
toys,77.08,142,no_longer_needed,very_good,donate
home,111.64,168,defective,very_good,resell_as_is
electronics,518.11,37,no_longer_needed,for_parts,recycle
clothing,20.88,205,not_as_described,very_good,peer_exchange
electronics,166.27,61,not_as_described,very_good,resell_as_is
books,35.54,38,no_longer_needed,good,refurbish
clothing,31.74,69,wrong_size,good,refurbish
clothing,99.42,136,not_as_described,very_good,resell_as_is
clothing,48.81,45,wrong_size,very_good,resell_as_is
home,246.8,16,defective,for_parts,recycle
home,257.38,2,better_price_found,like_new,resell_as_is
books,38.69,100,no_longer_needed,good,refurbish
toys,48.2,40,no_longer_needed,very_good,resell_as_is
clothing,170.38,47,no_longer_needed,acceptable,refurbish
electronics,462.43,165,no_longer_needed,acceptable,refurbish
clothing,42.21,21,not_as_described,very_good,resell_as_is
clothing,31.64,92,not_as_described,very_good,resell_as_is
clothing,139.29,145,wrong_size,acceptable,refurbish
electronics,538.32,125,no_longer_needed,acceptable,refurbish
electronics,447.22,53,better_price_found,good,refurbish
electronics,62.25,5,not_as_described,very_good,resell_as_is
clothing,174.33,34,not_as_described,good,refurbish
home,303.77,56,defective,acceptable,refurbish
electronics,517.06,44,no_longer_needed,like_new,resell_as_is
electronics,147.09,74,defective,good,refurbish
electronics,40.89,276,no_longer_needed,like_new,resell_as_is
toys,28.9,84,defective,very_good,peer_exchange
electronics,259.64,41,no_longer_needed,like_new,resell_as_is
clothing,15.1,27,better_price_found,very_good,peer_exchange
clothing,30.27,21,defective,very_good,resell_as_is
toys,14.37,76,wrong_size,like_new,peer_exchange
clothing,19.12,77,wrong_size,good,peer_exchange
electronics,471.85,19,defective,acceptable,refurbish
books,14.76,27,defective,good,peer_exchange
electronics,382.59,5,no_longer_needed,good,refurbish
books,7.3,25,defective,like_new,donate
electronics,224.65,17,defective,good,refurbish
clothing,159.76,33,not_as_described,like_new,resell_as_is
home,488.87,74,defective,like_new,resell_as_is
home,95.48,84,not_as_described,acceptable,refurbish
home,135.64,77,no_longer_needed,acceptable,refurbish
home,491.77,180,defective,like_new,resell_as_is
clothing,105.87,6,better_price_found,acceptable,refurbish
clothing,99.01,58,not_as_described,good,refurbish
home,326.83,30,not_as_described,like_new,resell_as_is
home,47.24,12,no_longer_needed,good,refurbish
clothing,102.87,87,no_longer_needed,for_parts,recycle
electronics,287.82,83,not_as_described,good,refurbish
books,40.61,27,not_as_described,very_good,resell_as_is
clothing,20.52,97,wrong_size,for_parts,recycle
toys,84.66,7,not_as_described,for_parts,refurbish
clothing,95.48,173,wrong_size,very_good,resell_as_is
clothing,128.43,309,not_as_described,good,refurbish
toys,65.48,8,better_price_found,good,refurbish
electronics,114.02,195,defective,acceptable,refurbish
electronics,358.4,1,no_longer_needed,good,refurbish
books,28.37,55,better_price_found,acceptable,refurbish
home,142.54,8,no_longer_needed,very_good,donate
home,274.03,32,better_price_found,good,refurbish
toys,56.06,92,not_as_described,like_new,resell_as_is
toys,47.96,43,not_as_described,for_parts,recycle
electronics,627.63,56,defective,good,refurbish
books,5.57,124,better_price_found,like_new,peer_exchange
clothing,191.31,97,not_as_described,for_parts,recycle
clothing,170.16,7,better_price_found,acceptable,refurbish
clothing,38.05,6,defective,acceptable,refurbish
clothing,70.62,11,better_price_found,like_new,resell_as_is
home,267.47,23,better_price_found,good,refurbish
books,11.76,38,better_price_found,for_parts,recycle
electronics,462.21,173,no_longer_needed,good,refurbish
home,444.07,29,defective,good,refurbish
clothing,28.19,25,no_longer_needed,good,peer_exchange
home,192.53,18,no_longer_needed,very_good,resell_as_is
electronics,42.42,15,not_as_described,acceptable,refurbish
clothing,37.39,50,wrong_size,good,refurbish
electronics,557.75,51,no_longer_needed,good,refurbish
clothing,185.23,173,no_longer_needed,for_parts,recycle
clothing,198.85,19,wrong_size,for_parts,recycle
clothing,194.43,4,wrong_size,good,refurbish
books,44.77,12,no_longer_needed,acceptable,refurbish
clothing,67.8,24,no_longer_needed,for_parts,resell_as_is
toys,94.86,60,wrong_size,very_good,resell_as_is
toys,16.71,95,defective,good,peer_exchange
home,391.24,101,not_as_described,very_good,resell_as_is
electronics,421.27,152,better_price_found,acceptable,resell_as_is
books,17.88,69,no_longer_needed,good,peer_exchange
electronics,529.93,20,defective,like_new,resell_as_is
clothing,132.99,51,no_longer_needed,very_good,resell_as_is
clothing,173.51,34,defective,good,peer_exchange
home,267.85,18,defective,acceptable,refurbish
clothing,193.44,114,wrong_size,good,refurbish
books,11.71,37,no_longer_needed,for_parts,recycle
clothing,125.28,115,no_longer_needed,acceptable,refurbish
books,5.42,23,no_longer_needed,good,peer_exchange
clothing,86.04,187,defective,like_new,donate
electronics,322.35,7,not_as_described,for_parts,peer_exchange
home,237.28,25,no_longer_needed,very_good,resell_as_is
books,22.62,73,not_as_described,very_good,peer_exchange
clothing,90.1,86,wrong_size,good,refurbish
clothing,81.32,64,no_longer_needed,good,refurbish
books,13.38,52,no_longer_needed,very_good,peer_exchange
home,242.94,36,defective,acceptable,peer_exchange
electronics,409.72,33,no_longer_needed,like_new,resell_as_is
clothing,194.98,85,wrong_size,good,refurbish
clothing,77.77,29,wrong_size,like_new,resell_as_is
home,145.31,60,not_as_described,very_good,resell_as_is
books,33.16,92,no_longer_needed,like_new,resell_as_is
clothing,157.72,27,not_as_described,good,refurbish
books,8.07,21,better_price_found,good,peer_exchange
electronics,451.1,19,no_longer_needed,very_good,resell_as_is
electronics,478.63,171,defective,like_new,resell_as_is
home,487.92,4,no_longer_needed,very_good,resell_as_is
electronics,740.63,100,defective,for_parts,recycle
clothing,134.06,448,defective,acceptable,refurbish
electronics,245.37,7,no_longer_needed,good,refurbish
home,207.9,30,defective,very_good,resell_as_is
clothing,48.83,66,defective,acceptable,resell_as_is
home,432.95,14,defective,good,refurbish
clothing,82.44,70,not_as_described,like_new,resell_as_is
clothing,101.88,206,wrong_size,good,refurbish
clothing,149.9,138,wrong_size,very_good,resell_as_is
clothing,31.1,16,no_longer_needed,good,refurbish
toys,79.24,28,no_longer_needed,good,refurbish
clothing,49.8,18,wrong_size,good,refurbish
electronics,687.97,69,not_as_described,for_parts,recycle
electronics,499.81,102,defective,like_new,resell_as_is
clothing,193.35,91,wrong_size,acceptable,refurbish
clothing,70.52,20,wrong_size,acceptable,refurbish
books,9.1,55,better_price_found,like_new,peer_exchange
clothing,73.07,7,not_as_described,very_good,resell_as_is
home,473.5,25,no_longer_needed,for_parts,donate
books,17.91,25,no_longer_needed,acceptable,refurbish
home,478.83,131,no_longer_needed,for_parts,recycle
home,459.87,103,not_as_described,good,resell_as_is
clothing,79.88,26,better_price_found,for_parts,recycle
home,405.56,73,better_price_found,good,refurbish
clothing,23.92,4,wrong_size,like_new,peer_exchange
clothing,14.99,2,not_as_described,good,recycle
clothing,125.01,17,no_longer_needed,very_good,resell_as_is
electronics,244.63,50,no_longer_needed,good,refurbish
books,31.83,16,no_longer_needed,good,refurbish
home,449.43,105,no_longer_needed,like_new,resell_as_is
toys,36.11,57,no_longer_needed,good,refurbish
clothing,111.05,3,better_price_found,very_good,resell_as_is
electronics,217.7,40,no_longer_needed,good,refurbish
clothing,192.08,197,wrong_size,good,refurbish
home,69.81,47,no_longer_needed,very_good,resell_as_is
electronics,711.8,118,defective,acceptable,refurbish
home,254.28,39,better_price_found,good,refurbish
electronics,748.06,10,no_longer_needed,good,refurbish
home,453.68,8,defective,acceptable,refurbish
home,229.12,32,defective,good,refurbish
home,281.47,113,better_price_found,for_parts,recycle
clothing,77.86,64,no_longer_needed,very_good,resell_as_is
electronics,493.53,46,not_as_described,good,resell_as_is
electronics,750.24,57,not_as_described,very_good,resell_as_is
electronics,595.7,28,no_longer_needed,acceptable,refurbish
toys,54.7,18,no_longer_needed,acceptable,refurbish
electronics,441.16,41,defective,acceptable,refurbish
clothing,155.57,39,wrong_size,acceptable,refurbish
clothing,125.77,60,defective,acceptable,refurbish
electronics,106.23,2,defective,like_new,resell_as_is
clothing,137.24,151,no_longer_needed,like_new,resell_as_is
home,167.84,28,no_longer_needed,like_new,resell_as_is
books,40.88,8,better_price_found,like_new,resell_as_is
electronics,109.89,5,defective,very_good,resell_as_is
home,262.23,232,defective,very_good,resell_as_is
clothing,42.6,95,wrong_size,acceptable,refurbish
toys,35.15,84,better_price_found,like_new,recycle
toys,41.68,99,not_as_described,very_good,resell_as_is
electronics,120.71,28,defective,good,recycle
toys,41.01,9,not_as_described,acceptable,refurbish
clothing,159.87,19,defective,like_new,resell_as_is
electronics,381.59,104,defective,very_good,resell_as_is
clothing,86.67,138,wrong_size,good,refurbish
clothing,133.67,53,wrong_size,like_new,resell_as_is
electronics,616.49,46,no_longer_needed,very_good,resell_as_is
clothing,33.05,46,better_price_found,good,refurbish
clothing,96.91,15,defective,good,refurbish
electronics,465.86,66,not_as_described,good,refurbish
clothing,73.34,105,better_price_found,very_good,resell_as_is
clothing,95.11,135,better_price_found,very_good,resell_as_is
books,27.09,21,better_price_found,very_good,peer_exchange
clothing,95.75,7,wrong_size,very_good,resell_as_is
home,400.14,73,defective,for_parts,recycle
clothing,144.31,10,wrong_size,acceptable,refurbish
home,431.49,218,defective,like_new,resell_as_is
electronics,472.55,46,not_as_described,good,refurbish
clothing,115.5,25,wrong_size,like_new,resell_as_is
toys,78.04,17,no_longer_needed,very_good,resell_as_is
books,20.04,1,no_longer_needed,very_good,peer_exchange
clothing,16.85,46,no_longer_needed,good,peer_exchange
electronics,322.16,25,better_price_found,like_new,resell_as_is
electronics,688.79,33,no_longer_needed,good,refurbish
electronics,181.73,73,not_as_described,good,refurbish
clothing,187.19,153,wrong_size,good,refurbish
clothing,19.42,39,better_price_found,like_new,peer_exchange
electronics,469.9,30,defective,acceptable,refurbish
clothing,131.68,49,wrong_size,like_new,resell_as_is
clothing,68.44,255,wrong_size,very_good,resell_as_is
clothing,121.01,3,better_price_found,like_new,resell_as_is
electronics,408.05,102,defective,like_new,resell_as_is
toys,9.02,43,no_longer_needed,acceptable,donate
electronics,380.26,5,not_as_described,like_new,peer_exchange
electronics,592.16,28,no_longer_needed,acceptable,refurbish
clothing,28.21,2,wrong_size,for_parts,recycle
clothing,55.53,75,no_longer_needed,very_good,resell_as_is
electronics,99.31,4,no_longer_needed,very_good,resell_as_is
electronics,365.09,2,no_longer_needed,good,refurbish
clothing,70.1,31,wrong_size,acceptable,refurbish
clothing,130.01,8,wrong_size,good,refurbish
clothing,142.99,20,not_as_described,good,refurbish
home,110.81,173,no_longer_needed,good,refurbish
books,26.79,40,no_longer_needed,like_new,peer_exchange
electronics,111.03,102,not_as_described,good,refurbish
electronics,365.07,84,no_longer_needed,for_parts,recycle
toys,60.59,4,better_price_found,for_parts,recycle
electronics,39.21,58,no_longer_needed,like_new,resell_as_is
clothing,126.33,50,wrong_size,for_parts,recycle
clothing,193.99,28,wrong_size,good,refurbish
clothing,190.05,20,no_longer_needed,very_good,recycle
clothing,84.24,34,not_as_described,very_good,resell_as_is
clothing,16.77,62,no_longer_needed,acceptable,refurbish
clothing,14.97,147,not_as_described,very_good,peer_exchange
home,298.4,13,not_as_described,good,refurbish
clothing,58.43,5,wrong_size,acceptable,refurbish
home,339.7,43,better_price_found,acceptable,refurbish
clothing,62.78,152,no_longer_needed,acceptable,refurbish
home,137.76,13,no_longer_needed,for_parts,recycle
electronics,191.0,198,no_longer_needed,good,refurbish
clothing,65.13,11,no_longer_needed,good,refurbish
home,116.59,41,defective,acceptable,refurbish
clothing,153.43,65,wrong_size,like_new,resell_as_is
electronics,592.98,175,defective,like_new,resell_as_is
clothing,95.75,45,no_longer_needed,for_parts,recycle
home,76.69,24,defective,good,refurbish
books,19.69,17,no_longer_needed,very_good,resell_as_is
clothing,176.41,273,no_longer_needed,like_new,resell_as_is
electronics,368.82,22,defective,very_good,resell_as_is
electronics,70.43,76,no_longer_needed,like_new,resell_as_is
home,62.36,215,no_longer_needed,very_good,resell_as_is
clothing,73.5,86,not_as_described,acceptable,recycle
clothing,119.13,86,no_longer_needed,acceptable,refurbish
electronics,322.01,116,no_longer_needed,good,refurbish
clothing,152.2,34,wrong_size,acceptable,refurbish
electronics,447.51,20,wrong_size,good,refurbish
home,23.8,29,defective,good,refurbish
electronics,375.9,161,not_as_described,acceptable,refurbish
home,396.14,86,no_longer_needed,for_parts,recycle
clothing,141.99,66,wrong_size,very_good,resell_as_is
clothing,172.33,85,no_longer_needed,for_parts,recycle
books,36.29,38,not_as_described,good,refurbish
clothing,63.87,86,not_as_described,acceptable,refurbish
home,212.49,117,not_as_described,acceptable,refurbish
clothing,50.23,72,not_as_described,good,refurbish
clothing,46.48,99,wrong_size,for_parts,recycle
clothing,138.79,66,wrong_size,very_good,resell_as_is
electronics,37.48,63,not_as_described,acceptable,refurbish
home,65.03,102,better_price_found,good,refurbish
toys,42.79,2,no_longer_needed,like_new,resell_as_is
clothing,121.06,11,wrong_size,for_parts,recycle
clothing,156.63,153,defective,like_new,resell_as_is
toys,98.2,101,not_as_described,very_good,resell_as_is
home,97.09,34,not_as_described,very_good,resell_as_is
clothing,130.23,78,not_as_described,for_parts,recycle
electronics,403.02,109,defective,acceptable,refurbish
toys,44.91,19,no_longer_needed,for_parts,recycle
clothing,47.38,39,wrong_size,acceptable,recycle
electronics,196.86,4,no_longer_needed,good,refurbish
electronics,247.13,97,defective,like_new,resell_as_is
books,15.08,7,no_longer_needed,acceptable,refurbish
clothing,17.68,22,better_price_found,very_good,peer_exchange
toys,52.91,36,defective,for_parts,recycle
clothing,42.55,26,no_longer_needed,good,refurbish
electronics,712.48,18,no_longer_needed,very_good,resell_as_is
toys,35.23,6,no_longer_needed,very_good,resell_as_is
clothing,75.81,74,wrong_size,for_parts,recycle
home,140.38,76,wrong_size,very_good,donate
clothing,78.21,239,wrong_size,acceptable,refurbish
clothing,48.66,61,wrong_size,acceptable,refurbish
electronics,120.36,23,not_as_described,very_good,resell_as_is
home,483.58,29,not_as_described,good,refurbish
home,442.33,38,defective,very_good,resell_as_is
clothing,102.43,14,no_longer_needed,acceptable,refurbish
clothing,113.01,37,wrong_size,acceptable,resell_as_is
books,23.6,8,no_longer_needed,good,peer_exchange
electronics,320.92,36,not_as_described,for_parts,recycle
electronics,514.26,26,no_longer_needed,very_good,resell_as_is
electronics,444.4,8,defective,very_good,resell_as_is
electronics,299.15,35,better_price_found,good,refurbish
clothing,137.02,2,better_price_found,good,recycle
clothing,55.73,15,wrong_size,like_new,resell_as_is
books,46.54,184,no_longer_needed,good,refurbish
books,26.97,20,better_price_found,acceptable,refurbish
electronics,129.33,14,better_price_found,for_parts,recycle
clothing,160.46,30,defective,acceptable,refurbish
toys,49.98,18,better_price_found,like_new,resell_as_is
electronics,758.03,62,not_as_described,good,refurbish
clothing,181.72,99,not_as_described,for_parts,recycle
electronics,576.62,54,not_as_described,like_new,resell_as_is
clothing,119.94,23,wrong_size,very_good,resell_as_is
electronics,387.56,22,better_price_found,like_new,resell_as_is
clothing,56.98,74,wrong_size,acceptable,refurbish
clothing,79.33,16,wrong_size,very_good,resell_as_is
clothing,101.75,24,not_as_described,acceptable,refurbish
clothing,110.69,16,not_as_described,acceptable,refurbish
clothing,30.27,118,wrong_size,acceptable,refurbish
home,326.7,71,no_longer_needed,very_good,resell_as_is
electronics,233.67,5,not_as_described,acceptable,refurbish
electronics,662.67,62,better_price_found,like_new,resell_as_is
toys,70.14,38,not_as_described,acceptable,refurbish
electronics,114.45,44,defective,very_good,resell_as_is
clothing,95.67,12,not_as_described,like_new,resell_as_is
home,438.7,53,not_as_described,acceptable,refurbish
clothing,71.28,24,wrong_size,like_new,recycle
toys,22.66,34,defective,good,peer_exchange
electronics,682.87,29,not_as_described,good,refurbish
electronics,656.06,25,no_longer_needed,like_new,resell_as_is
toys,44.64,14,defective,acceptable,refurbish
toys,30.8,40,no_longer_needed,like_new,resell_as_is
home,374.94,45,no_longer_needed,acceptable,refurbish
clothing,37.09,9,no_longer_needed,good,refurbish
home,149.46,31,no_longer_needed,like_new,resell_as_is
clothing,135.16,326,defective,very_good,resell_as_is
electronics,618.32,21,defective,acceptable,refurbish
home,217.65,25,not_as_described,very_good,resell_as_is
electronics,43.52,32,defective,acceptable,refurbish
clothing,78.28,15,wrong_size,good,refurbish
clothing,70.93,92,wrong_size,very_good,resell_as_is
home,90.69,35,not_as_described,good,refurbish
home,199.0,4,defective,acceptable,refurbish
home,465.47,84,no_longer_needed,good,refurbish
toys,57.87,16,defective,acceptable,refurbish
electronics,354.16,103,not_as_described,acceptable,refurbish
books,31.5,73,not_as_described,like_new,resell_as_is
electronics,383.28,7,defective,acceptable,refurbish
home,211.17,32,not_as_described,good,refurbish
electronics,224.11,41,not_as_described,acceptable,refurbish
clothing,95.65,226,no_longer_needed,very_good,resell_as_is
electronics,548.7,23,not_as_described,acceptable,refurbish
clothing,55.08,114,wrong_size,acceptable,refurbish
toys,52.45,12,no_longer_needed,acceptable,refurbish
electronics,469.71,108,defective,like_new,peer_exchange
clothing,13.95,11,defective,like_new,peer_exchange
clothing,132.01,24,not_as_described,acceptable,refurbish
clothing,19.51,103,not_as_described,acceptable,refurbish
toys,73.02,14,no_longer_needed,good,refurbish
clothing,137.73,350,wrong_size,for_parts,recycle
home,95.2,38,better_price_found,very_good,resell_as_is
clothing,93.51,16,better_price_found,good,refurbish
toys,20.66,114,defective,very_good,peer_exchange
home,349.87,2,defective,good,refurbish
home,143.95,43,no_longer_needed,like_new,resell_as_is
clothing,73.96,59,not_as_described,for_parts,recycle
clothing,39.93,48,wrong_size,like_new,resell_as_is
home,290.14,96,not_as_described,good,refurbish
home,16.77,34,defective,acceptable,refurbish
home,87.06,67,no_longer_needed,like_new,resell_as_is
electronics,551.49,15,defective,like_new,resell_as_is
electronics,679.56,2,defective,good,refurbish
books,8.76,21,no_longer_needed,like_new,peer_exchange
clothing,121.8,152,wrong_size,good,refurbish
clothing,132.98,182,no_longer_needed,good,refurbish
clothing,159.56,15,not_as_described,good,refurbish
electronics,562.69,60,defective,good,refurbish
toys,19.23,1,defective,for_parts,recycle
home,79.51,33,no_longer_needed,acceptable,refurbish
toys,20.86,30,better_price_found,good,peer_exchange
toys,54.67,17,no_longer_needed,good,refurbish
clothing,164.11,140,no_longer_needed,acceptable,refurbish
clothing,194.79,63,no_longer_needed,good,refurbish
home,368.35,36,not_as_described,very_good,resell_as_is
electronics,345.07,125,better_price_found,good,refurbish
clothing,124.39,28,wrong_size,very_good,resell_as_is
electronics,214.63,124,no_longer_needed,like_new,resell_as_is
clothing,21.52,69,wrong_size,very_good,peer_exchange
clothing,173.72,94,better_price_found,good,refurbish
clothing,136.7,142,wrong_size,good,refurbish
books,32.63,128,defective,for_parts,refurbish
electronics,621.55,44,no_longer_needed,good,refurbish
toys,17.71,56,defective,acceptable,refurbish
clothing,26.51,36,wrong_size,good,peer_exchange
electronics,451.33,39,defective,good,refurbish
toys,97.25,2,not_as_described,for_parts,donate
home,491.75,20,no_longer_needed,good,refurbish
home,138.15,25,not_as_described,good,refurbish
books,28.76,31,better_price_found,acceptable,refurbish
electronics,431.72,8,no_longer_needed,very_good,resell_as_is
home,160.7,225,not_as_described,very_good,resell_as_is
home,215.74,65,wrong_size,very_good,resell_as_is
electronics,726.36,53,better_price_found,like_new,resell_as_is
clothing,178.52,26,not_as_described,acceptable,refurbish
electronics,405.43,70,no_longer_needed,good,resell_as_is
electronics,92.27,66,not_as_described,good,refurbish
home,346.06,64,wrong_size,acceptable,refurbish
electronics,609.36,40,defective,acceptable,refurbish
home,381.46,7,no_longer_needed,very_good,resell_as_is
electronics,478.78,91,better_price_found,very_good,resell_as_is
clothing,13.67,32,better_price_found,very_good,peer_exchange
clothing,44.18,25,better_price_found,very_good,resell_as_is
electronics,542.5,20,defective,like_new,refurbish
clothing,124.71,223,wrong_size,good,refurbish
electronics,245.57,15,not_as_described,very_good,resell_as_is
clothing,90.69,9,wrong_size,good,refurbish
electronics,249.95,16,no_longer_needed,very_good,resell_as_is
home,172.89,29,no_longer_needed,acceptable,refurbish
clothing,44.39,39,wrong_size,acceptable,refurbish
clothing,111.67,33,wrong_size,acceptable,refurbish
toys,80.61,104,defective,acceptable,refurbish
electronics,427.08,51,not_as_described,good,refurbish
electronics,501.2,4,not_as_described,like_new,resell_as_is
electronics,592.86,138,defective,acceptable,refurbish
clothing,128.85,47,wrong_size,very_good,resell_as_is
clothing,136.44,132,not_as_described,good,refurbish
clothing,114.17,164,wrong_size,very_good,resell_as_is
books,29.44,12,defective,acceptable,refurbish
electronics,585.11,77,no_longer_needed,acceptable,refurbish
toys,99.86,1,defective,good,refurbish
books,25.64,25,no_longer_needed,good,peer_exchange
clothing,193.82,21,no_longer_needed,very_good,resell_as_is
toys,65.33,79,better_price_found,very_good,resell_as_is
books,35.28,125,no_longer_needed,acceptable,donate
home,210.94,28,better_price_found,good,refurbish
clothing,108.55,270,no_longer_needed,good,refurbish
toys,67.43,27,no_longer_needed,very_good,resell_as_is
home,205.26,13,defective,good,refurbish
clothing,171.84,233,wrong_size,very_good,resell_as_is
clothing,51.34,12,wrong_size,like_new,resell_as_is
clothing,25.74,11,wrong_size,good,peer_exchange
clothing,191.95,86,no_longer_needed,very_good,resell_as_is
clothing,95.82,19,better_price_found,acceptable,refurbish
books,31.41,1,no_longer_needed,like_new,refurbish
clothing,85.84,1,not_as_described,acceptable,peer_exchange
electronics,495.57,3,not_as_described,acceptable,refurbish
clothing,22.92,56,better_price_found,very_good,peer_exchange
clothing,27.71,181,defective,like_new,peer_exchange
clothing,75.62,71,wrong_size,very_good,resell_as_is
home,164.57,1,not_as_described,very_good,resell_as_is
clothing,54.57,240,wrong_size,acceptable,refurbish
clothing,87.11,124,defective,very_good,resell_as_is
clothing,87.7,8,wrong_size,good,refurbish
electronics,103.3,10,defective,good,refurbish
home,108.76,8,better_price_found,good,refurbish
books,15.4,156,defective,acceptable,refurbish
toys,60.83,13,better_price_found,very_good,resell_as_is
home,361.43,26,better_price_found,good,peer_exchange
books,22.66,69,better_price_found,good,peer_exchange
clothing,37.23,404,not_as_described,very_good,resell_as_is
clothing,138.13,92,not_as_described,like_new,resell_as_is
clothing,184.85,200,defective,for_parts,recycle
clothing,23.99,37,not_as_described,for_parts,recycle
home,449.63,48,defective,acceptable,refurbish
home,334.36,4,defective,very_good,resell_as_is
books,31.92,6,no_longer_needed,good,refurbish
electronics,316.61,38,better_price_found,for_parts,recycle
clothing,131.7,18,wrong_size,like_new,resell_as_is
books,27.14,111,defective,acceptable,refurbish
home,157.18,71,no_longer_needed,good,refurbish
electronics,545.88,144,no_longer_needed,good,refurbish
electronics,443.91,239,better_price_found,good,refurbish
electronics,739.51,128,defective,for_parts,recycle
clothing,132.38,12,better_price_found,very_good,resell_as_is
clothing,157.91,8,not_as_described,like_new,donate
clothing,92.83,23,not_as_described,good,refurbish
electronics,719.62,59,defective,very_good,resell_as_is
home,366.98,94,not_as_described,very_good,resell_as_is
clothing,56.74,116,no_longer_needed,for_parts,recycle
books,40.06,108,no_longer_needed,very_good,resell_as_is
clothing,117.73,128,defective,good,refurbish
books,34.18,60,better_price_found,acceptable,refurbish
books,50.0,43,no_longer_needed,acceptable,refurbish
toys,43.16,17,no_longer_needed,like_new,resell_as_is
toys,33.91,3,no_longer_needed,acceptable,refurbish
clothing,39.8,26,better_price_found,acceptable,refurbish
home,339.63,8,defective,good,refurbish
toys,49.51,150,better_price_found,acceptable,refurbish
home,279.55,14,defective,like_new,resell_as_is
home,458.22,24,not_as_described,good,refurbish
home,266.9,150,no_longer_needed,very_good,resell_as_is
clothing,33.78,18,no_longer_needed,very_good,resell_as_is
clothing,48.18,210,no_longer_needed,very_good,resell_as_is
electronics,236.5,7,not_as_described,good,refurbish
electronics,326.31,60,defective,good,refurbish
clothing,172.46,29,better_price_found,very_good,resell_as_is
electronics,550.61,96,better_price_found,acceptable,refurbish
clothing,122.46,4,wrong_size,very_good,resell_as_is
clothing,176.08,63,defective,good,refurbish
toys,24.19,119,no_longer_needed,acceptable,refurbish
electronics,562.23,90,better_price_found,acceptable,refurbish
books,44.41,150,no_longer_needed,acceptable,refurbish
clothing,177.09,229,wrong_size,good,refurbish
clothing,54.26,3,better_price_found,very_good,resell_as_is
home,222.89,34,defective,for_parts,recycle
electronics,551.62,84,defective,very_good,resell_as_is
home,104.12,17,better_price_found,acceptable,refurbish
home,241.24,15,not_as_described,acceptable,refurbish
clothing,32.67,111,no_longer_needed,good,refurbish
clothing,35.08,223,not_as_described,good,peer_exchange
home,198.19,20,defective,good,refurbish
clothing,192.13,86,no_longer_needed,like_new,resell_as_is
electronics,775.45,69,wrong_size,good,refurbish
clothing,43.94,4,wrong_size,very_good,resell_as_is
clothing,65.35,51,wrong_size,good,refurbish
clothing,63.6,38,better_price_found,very_good,resell_as_is
electronics,325.74,13,defective,acceptable,donate
clothing,27.83,100,no_longer_needed,acceptable,refurbish
clothing,168.41,115,wrong_size,good,refurbish
clothing,55.4,106,wrong_size,good,refurbish
home,29.07,39,defective,acceptable,refurbish
clothing,24.79,31,no_longer_needed,very_good,peer_exchange
clothing,75.5,28,wrong_size,very_good,resell_as_is
books,16.95,54,defective,like_new,peer_exchange
books,8.66,104,defective,acceptable,donate
electronics,134.84,157,defective,good,refurbish
home,117.38,41,better_price_found,for_parts,recycle
electronics,651.56,8,no_longer_needed,good,refurbish
toys,37.66,6,better_price_found,good,refurbish
electronics,599.97,77,defective,very_good,refurbish
books,49.86,12,no_longer_needed,good,refurbish
clothing,28.47,48,not_as_described,for_parts,recycle
clothing,198.86,29,wrong_size,good,refurbish
toys,47.36,10,defective,good,refurbish
clothing,126.34,16,wrong_size,good,resell_as_is
clothing,174.38,43,wrong_size,very_good,resell_as_is
clothing,16.98,4,wrong_size,good,peer_exchange
books,33.32,22,no_longer_needed,very_good,resell_as_is
home,112.81,21,defective,very_good,refurbish
home,93.79,3,defective,very_good,resell_as_is
electronics,586.69,55,not_as_described,for_parts,recycle
clothing,11.27,75,wrong_size,very_good,peer_exchange
electronics,549.83,24,defective,good,refurbish
electronics,157.87,78,no_longer_needed,very_good,resell_as_is
toys,98.55,53,no_longer_needed,acceptable,refurbish
electronics,597.75,9,defective,very_good,resell_as_is
clothing,105.31,40,wrong_size,good,refurbish
clothing,169.28,36,not_as_described,like_new,resell_as_is
home,135.85,6,not_as_described,like_new,resell_as_is
home,234.73,70,no_longer_needed,very_good,resell_as_is
home,109.31,78,no_longer_needed,very_good,resell_as_is
toys,14.55,16,no_longer_needed,for_parts,recycle
books,21.53,27,better_price_found,acceptable,refurbish
electronics,85.58,40,defective,very_good,resell_as_is
toys,8.26,34,defective,good,recycle
clothing,161.85,3,wrong_size,like_new,resell_as_is
books,30.64,45,no_longer_needed,like_new,resell_as_is
clothing,186.88,34,defective,for_parts,recycle
clothing,102.75,45,not_as_described,very_good,resell_as_is
home,140.34,21,better_price_found,very_good,resell_as_is
electronics,216.35,33,no_longer_needed,very_good,resell_as_is
electronics,627.55,28,no_longer_needed,for_parts,recycle
clothing,39.33,74,no_longer_needed,very_good,resell_as_is
electronics,259.1,24,defective,very_good,resell_as_is
clothing,62.14,30,better_price_found,acceptable,refurbish
home,386.62,180,better_price_found,like_new,resell_as_is
home,487.08,6,not_as_described,good,refurbish
clothing,80.13,212,no_longer_needed,acceptable,refurbish
books,9.2,10,better_price_found,good,peer_exchange
toys,97.69,128,defective,very_good,resell_as_is
clothing,198.51,188,better_price_found,like_new,resell_as_is
books,20.0,15,no_longer_needed,like_new,peer_exchange
electronics,376.88,244,better_price_found,acceptable,refurbish
toys,93.32,59,no_longer_needed,good,refurbish
books,38.21,118,defective,good,refurbish
clothing,126.46,113,wrong_size,very_good,resell_as_is
toys,13.1,25,wrong_size,acceptable,donate
clothing,141.42,47,wrong_size,acceptable,refurbish
books,47.93,83,defective,like_new,resell_as_is
electronics,266.44,9,better_price_found,very_good,recycle
books,24.28,12,no_longer_needed,for_parts,recycle
toys,72.65,81,defective,very_good,resell_as_is
home,433.36,15,no_longer_needed,like_new,resell_as_is
home,490.32,273,not_as_described,acceptable,refurbish
home,369.99,48,no_longer_needed,good,refurbish
toys,35.95,200,not_as_described,acceptable,refurbish
clothing,188.22,53,no_longer_needed,acceptable,donate
home,218.1,63,no_longer_needed,good,refurbish
home,171.21,103,defective,very_good,resell_as_is
home,364.56,25,not_as_described,very_good,resell_as_is
electronics,659.09,166,better_price_found,acceptable,refurbish
clothing,26.88,11,wrong_size,good,peer_exchange
toys,50.6,62,not_as_described,acceptable,refurbish
clothing,25.71,11,no_longer_needed,very_good,peer_exchange
home,351.74,101,no_longer_needed,good,resell_as_is
clothing,179.59,16,defective,for_parts,recycle
clothing,160.28,27,defective,good,refurbish
clothing,51.21,57,no_longer_needed,very_good,resell_as_is
clothing,197.58,38,not_as_described,like_new,resell_as_is
electronics,275.78,75,no_longer_needed,very_good,resell_as_is
home,313.65,12,better_price_found,good,refurbish
toys,97.39,76,no_longer_needed,very_good,resell_as_is
clothing,196.81,82,no_longer_needed,very_good,resell_as_is
clothing,67.43,79,wrong_size,very_good,resell_as_is
clothing,181.64,14,wrong_size,very_good,resell_as_is
electronics,294.62,67,defective,acceptable,refurbish
clothing,84.44,59,better_price_found,good,refurbish
clothing,95.43,46,not_as_described,very_good,resell_as_is
clothing,110.69,19,defective,good,refurbish
books,38.16,38,defective,good,recycle
clothing,114.8,2,no_longer_needed,for_parts,recycle
home,274.14,21,better_price_found,like_new,resell_as_is
books,26.65,55,no_longer_needed,like_new,peer_exchange
toys,29.85,47,not_as_described,acceptable,refurbish
electronics,488.45,101,no_longer_needed,good,refurbish
clothing,152.72,305,not_as_described,very_good,resell_as_is
electronics,766.89,123,not_as_described,good,recycle
clothing,23.56,13,wrong_size,for_parts,recycle
books,8.51,13,better_price_found,acceptable,donate
electronics,433.84,4,better_price_found,very_good,resell_as_is
electronics,45.38,38,defective,good,refurbish
electronics,497.53,102,not_as_described,for_parts,recycle
clothing,53.71,335,wrong_size,very_good,resell_as_is
toys,94.27,50,no_longer_needed,very_good,resell_as_is
clothing,151.75,23,no_longer_needed,like_new,resell_as_is
clothing,60.11,2,wrong_size,for_parts,recycle
electronics,312.39,38,not_as_described,very_good,resell_as_is
toys,9.74,63,defective,good,peer_exchange
home,242.43,191,no_longer_needed,very_good,resell_as_is
home,24.37,4,better_price_found,like_new,refurbish
clothing,166.92,113,better_price_found,like_new,resell_as_is
clothing,184.05,19,wrong_size,very_good,resell_as_is
home,349.98,5,no_longer_needed,good,refurbish
clothing,155.87,19,better_price_found,like_new,resell_as_is
home,335.35,6,better_price_found,very_good,resell_as_is
books,15.99,148,no_longer_needed,good,peer_exchange
clothing,93.72,61,not_as_described,like_new,resell_as_is
electronics,104.37,79,wrong_size,very_good,resell_as_is
toys,38.08,92,not_as_described,like_new,resell_as_is
clothing,103.79,73,wrong_size,good,refurbish
home,163.97,58,better_price_found,good,refurbish
books,21.14,79,no_longer_needed,very_good,peer_exchange
electronics,696.24,30,wrong_size,very_good,resell_as_is
books,30.55,21,no_longer_needed,acceptable,refurbish
clothing,112.54,131,not_as_described,very_good,refurbish
clothing,167.06,149,defective,like_new,resell_as_is
electronics,241.13,108,not_as_described,acceptable,refurbish
clothing,183.33,70,wrong_size,good,refurbish
home,432.42,61,defective,like_new,resell_as_is
clothing,52.11,58,defective,good,refurbish
clothing,114.59,7,better_price_found,good,refurbish
home,51.1,43,defective,acceptable,refurbish
home,126.43,65,no_longer_needed,good,refurbish
electronics,611.56,9,defective,very_good,resell_as_is
home,231.25,23,no_longer_needed,like_new,resell_as_is
electronics,132.69,74,better_price_found,like_new,resell_as_is
electronics,705.6,30,no_longer_needed,very_good,resell_as_is
clothing,49.68,51,wrong_size,very_good,resell_as_is
electronics,642.33,45,defective,for_parts,recycle
clothing,31.04,13,not_as_described,good,refurbish
electronics,703.9,1,not_as_described,for_parts,recycle
clothing,69.56,204,wrong_size,very_good,resell_as_is
electronics,350.37,3,better_price_found,very_good,resell_as_is
books,41.82,124,no_longer_needed,very_good,resell_as_is
clothing,74.02,187,no_longer_needed,acceptable,refurbish
home,312.82,29,not_as_described,acceptable,refurbish
electronics,36.93,111,defective,good,refurbish
toys,55.34,13,not_as_described,like_new,resell_as_is
books,39.06,6,no_longer_needed,very_good,resell_as_is
toys,66.02,83,not_as_described,like_new,resell_as_is
clothing,103.61,16,defective,acceptable,refurbish
home,89.32,20,better_price_found,good,donate
home,451.92,49,no_longer_needed,very_good,resell_as_is
home,380.41,51,defective,good,refurbish
electronics,663.84,5,no_longer_needed,for_parts,refurbish
toys,88.28,15,better_price_found,very_good,donate
toys,87.54,47,no_longer_needed,like_new,resell_as_is
clothing,112.12,122,not_as_described,good,refurbish
books,39.95,227,defective,very_good,resell_as_is
home,144.67,220,better_price_found,like_new,resell_as_is
home,122.26,67,better_price_found,good,refurbish
electronics,587.42,14,defective,good,refurbish
clothing,187.0,72,wrong_size,for_parts,recycle
home,87.04,394,not_as_described,good,refurbish
electronics,405.33,10,no_longer_needed,for_parts,recycle
clothing,10.45,3,defective,good,peer_exchange
clothing,195.88,41,not_as_described,very_good,resell_as_is
home,306.8,28,defective,very_good,recycle
clothing,82.17,52,not_as_described,good,refurbish
clothing,166.03,38,not_as_described,for_parts,recycle
home,244.5,107,not_as_described,very_good,resell_as_is
books,37.32,5,no_longer_needed,like_new,resell_as_is
clothing,98.07,111,not_as_described,for_parts,recycle
clothing,168.49,123,better_price_found,like_new,resell_as_is
electronics,431.93,33,better_price_found,good,refurbish
home,24.23,54,not_as_described,good,refurbish
electronics,481.45,12,better_price_found,acceptable,refurbish
books,48.18,24,better_price_found,acceptable,refurbish
books,45.38,3,better_price_found,good,refurbish
electronics,154.31,232,not_as_described,acceptable,refurbish
home,385.84,148,not_as_described,good,refurbish
clothing,129.83,116,better_price_found,for_parts,recycle
home,256.3,21,wrong_size,very_good,resell_as_is
books,26.56,26,defective,like_new,peer_exchange
toys,31.35,20,better_price_found,good,refurbish
electronics,459.59,37,not_as_described,for_parts,recycle
clothing,50.54,24,no_longer_needed,very_good,resell_as_is
electronics,168.65,2,no_longer_needed,for_parts,recycle
toys,56.43,69,better_price_found,like_new,resell_as_is
clothing,16.3,11,not_as_described,good,peer_exchange
home,189.71,88,no_longer_needed,good,refurbish
books,16.33,22,no_longer_needed,good,peer_exchange
clothing,57.12,96,better_price_found,good,refurbish
clothing,15.8,63,not_as_described,for_parts,recycle
toys,77.94,21,wrong_size,acceptable,refurbish
toys,10.03,45,no_longer_needed,acceptable,donate
clothing,22.78,22,not_as_described,acceptable,refurbish
home,172.04,72,better_price_found,like_new,resell_as_is
clothing,52.75,24,wrong_size,acceptable,refurbish
toys,96.91,203,defective,very_good,resell_as_is
toys,15.96,54,no_longer_needed,for_parts,recycle
clothing,93.86,30,no_longer_needed,like_new,resell_as_is
home,23.09,67,defective,acceptable,refurbish
electronics,610.41,94,better_price_found,acceptable,refurbish
home,318.38,68,not_as_described,very_good,resell_as_is
clothing,141.1,37,wrong_size,very_good,resell_as_is
clothing,144.21,107,wrong_size,good,refurbish
toys,89.18,129,no_longer_needed,good,refurbish
electronics,708.72,19,no_longer_needed,very_good,resell_as_is
home,205.96,27,better_price_found,like_new,resell_as_is
toys,59.81,72,better_price_found,good,refurbish
clothing,68.23,246,wrong_size,very_good,resell_as_is
clothing,63.61,28,wrong_size,like_new,resell_as_is
electronics,52.0,54,no_longer_needed,acceptable,resell_as_is
electronics,483.04,133,no_longer_needed,very_good,resell_as_is
home,348.9,190,better_price_found,very_good,resell_as_is
electronics,341.29,20,defective,good,refurbish
electronics,315.88,7,no_longer_needed,for_parts,recycle
clothing,138.09,99,wrong_size,good,refurbish
electronics,612.0,118,defective,very_good,resell_as_is
books,46.11,87,better_price_found,very_good,resell_as_is
clothing,192.09,79,wrong_size,like_new,resell_as_is
electronics,499.55,140,no_longer_needed,like_new,resell_as_is
electronics,262.08,48,no_longer_needed,very_good,resell_as_is
home,342.02,9,not_as_described,very_good,resell_as_is
home,46.7,63,not_as_described,acceptable,refurbish
clothing,195.48,54,better_price_found,acceptable,refurbish
electronics,383.02,165,defective,good,refurbish
books,41.18,49,no_longer_needed,good,refurbish
electronics,721.09,21,wrong_size,acceptable,refurbish
clothing,157.9,96,not_as_described,like_new,resell_as_is
toys,65.07,28,no_longer_needed,for_parts,recycle
books,11.23,4,no_longer_needed,like_new,peer_exchange
home,231.06,24,better_price_found,like_new,resell_as_is
home,37.53,3,defective,for_parts,resell_as_is
electronics,713.75,163,better_price_found,very_good,resell_as_is
toys,89.22,103,not_as_described,good,refurbish
clothing,124.38,85,no_longer_needed,very_good,resell_as_is
home,141.8,149,no_longer_needed,acceptable,refurbish
electronics,98.46,49,defective,very_good,resell_as_is
clothing,114.14,33,wrong_size,for_parts,recycle
electronics,48.92,10,defective,good,refurbish
clothing,160.06,146,wrong_size,very_good,resell_as_is
books,5.49,41,no_longer_needed,good,peer_exchange
clothing,127.65,69,wrong_size,good,refurbish
toys,25.23,10,not_as_described,for_parts,recycle
clothing,185.83,139,defective,good,refurbish
clothing,87.43,95,not_as_described,like_new,resell_as_is
books,6.34,152,no_longer_needed,good,peer_exchange
clothing,15.97,13,not_as_described,good,peer_exchange
electronics,290.76,45,defective,like_new,resell_as_is
clothing,58.95,24,no_longer_needed,acceptable,refurbish
clothing,167.76,219,wrong_size,acceptable,refurbish
clothing,139.54,38,wrong_size,like_new,resell_as_is
books,8.37,66,not_as_described,good,peer_exchange
clothing,76.11,96,no_longer_needed,good,refurbish
toys,49.64,3,no_longer_needed,acceptable,refurbish
electronics,242.47,1,no_longer_needed,like_new,resell_as_is
electronics,793.81,46,defective,acceptable,refurbish
home,476.34,44,no_longer_needed,very_good,resell_as_is
electronics,716.81,14,defective,for_parts,recycle
clothing,120.23,237,not_as_described,like_new,resell_as_is
clothing,198.54,60,not_as_described,good,refurbish
home,52.99,9,not_as_described,good,refurbish
electronics,741.52,2,better_price_found,for_parts,recycle
electronics,195.78,233,better_price_found,for_parts,recycle
electronics,465.27,108,defective,good,refurbish
electronics,76.72,2,not_as_described,good,refurbish
books,44.96,10,defective,very_good,resell_as_is
clothing,102.74,10,wrong_size,for_parts,recycle
clothing,21.09,4,defective,good,peer_exchange
electronics,594.05,10,no_longer_needed,for_parts,recycle
electronics,676.75,43,better_price_found,acceptable,refurbish
home,97.43,30,not_as_described,good,refurbish
home,66.24,5,defective,acceptable,donate
home,110.97,42,not_as_described,very_good,resell_as_is
electronics,754.09,91,better_price_found,like_new,resell_as_is
electronics,616.35,5,better_price_found,acceptable,refurbish
home,47.77,277,better_price_found,good,refurbish
home,417.45,18,not_as_described,acceptable,refurbish
clothing,85.28,208,defective,acceptable,refurbish
clothing,131.79,99,better_price_found,like_new,resell_as_is
clothing,30.47,95,wrong_size,acceptable,refurbish
home,160.89,18,defective,good,refurbish
electronics,196.78,41,no_longer_needed,for_parts,recycle
clothing,191.4,198,wrong_size,good,refurbish
books,35.82,39,no_longer_needed,acceptable,refurbish
clothing,117.7,107,wrong_size,good,refurbish
books,40.35,103,defective,good,refurbish
home,166.02,90,defective,good,refurbish
clothing,125.4,38,wrong_size,like_new,resell_as_is
books,38.01,135,better_price_found,good,refurbish
clothing,184.71,50,no_longer_needed,like_new,resell_as_is
home,139.65,1,no_longer_needed,very_good,resell_as_is
clothing,30.95,7,better_price_found,very_good,resell_as_is
electronics,155.66,34,defective,good,refurbish
home,254.18,102,better_price_found,good,refurbish
clothing,130.55,4,wrong_size,for_parts,recycle
electronics,367.2,13,wrong_size,very_good,resell_as_is
toys,78.82,16,not_as_described,good,refurbish
books,12.56,21,no_longer_needed,like_new,peer_exchange
toys,71.62,101,not_as_described,very_good,resell_as_is
home,266.49,39,defective,good,refurbish
electronics,612.57,127,defective,good,refurbish
clothing,164.9,15,wrong_size,like_new,resell_as_is
electronics,694.62,23,defective,very_good,resell_as_is
electronics,739.29,139,defective,acceptable,refurbish
toys,13.1,39,not_as_described,acceptable,donate
home,474.81,37,not_as_described,good,refurbish
clothing,98.02,375,wrong_size,very_good,resell_as_is
clothing,10.53,153,not_as_described,acceptable,donate
electronics,169.99,39,defective,acceptable,refurbish
home,449.72,48,not_as_described,good,refurbish
clothing,112.93,87,wrong_size,like_new,resell_as_is
home,485.24,6,no_longer_needed,good,recycle
clothing,155.43,65,no_longer_needed,good,refurbish
clothing,69.3,72,wrong_size,very_good,refurbish
electronics,463.64,24,not_as_described,good,refurbish
books,37.34,103,wrong_size,like_new,resell_as_is
home,400.13,36,better_price_found,acceptable,refurbish
clothing,199.03,32,wrong_size,very_good,resell_as_is
home,38.02,109,better_price_found,acceptable,refurbish
electronics,371.08,5,no_longer_needed,for_parts,recycle
clothing,66.56,29,defective,acceptable,refurbish
electronics,177.45,4,no_longer_needed,very_good,resell_as_is
home,232.74,142,no_longer_needed,very_good,resell_as_is
books,22.86,29,better_price_found,like_new,peer_exchange
home,426.61,130,not_as_described,acceptable,recycle
electronics,149.11,78,wrong_size,good,refurbish
electronics,554.79,71,no_longer_needed,acceptable,refurbish
toys,14.71,63,better_price_found,very_good,peer_exchange
clothing,158.44,24,no_longer_needed,very_good,resell_as_is
clothing,127.31,27,wrong_size,very_good,resell_as_is
books,39.17,36,no_longer_needed,acceptable,refurbish
clothing,142.21,28,wrong_size,very_good,resell_as_is
home,428.05,2,not_as_described,very_good,resell_as_is
electronics,461.7,75,no_longer_needed,very_good,peer_exchange
clothing,33.81,96,better_price_found,very_good,resell_as_is
clothing,77.49,261,wrong_size,good,refurbish
home,433.07,51,no_longer_needed,acceptable,refurbish
electronics,616.16,9,no_longer_needed,like_new,resell_as_is
home,357.76,60,not_as_described,very_good,resell_as_is
electronics,67.01,2,defective,like_new,resell_as_is
clothing,75.54,75,defective,for_parts,recycle
toys,45.93,3,better_price_found,good,refurbish
books,32.33,81,not_as_described,very_good,resell_as_is
home,437.81,104,better_price_found,for_parts,recycle
clothing,154.52,19,wrong_size,acceptable,refurbish
books,8.28,16,no_longer_needed,very_good,donate
electronics,600.63,36,defective,acceptable,refurbish
clothing,159.07,49,no_longer_needed,like_new,resell_as_is
electronics,195.68,12,defective,acceptable,refurbish
electronics,230.74,7,not_as_described,very_good,resell_as_is
books,43.37,7,not_as_described,acceptable,refurbish
electronics,723.85,4,no_longer_needed,like_new,resell_as_is
clothing,133.27,13,wrong_size,acceptable,refurbish
toys,82.49,113,better_price_found,like_new,resell_as_is
electronics,410.91,191,not_as_described,good,refurbish
toys,72.27,136,defective,good,refurbish
clothing,50.71,135,defective,good,refurbish
toys,64.23,1,not_as_described,for_parts,recycle
clothing,117.18,140,no_longer_needed,for_parts,recycle
toys,57.64,63,defective,good,refurbish
clothing,105.46,30,better_price_found,good,refurbish
electronics,622.53,48,wrong_size,very_good,resell_as_is
toys,12.93,8,wrong_size,acceptable,resell_as_is
clothing,174.78,107,no_longer_needed,good,refurbish
electronics,118.35,116,defective,acceptable,refurbish
electronics,723.56,137,no_longer_needed,good,refurbish
clothing,121.85,210,wrong_size,very_good,resell_as_is
clothing,198.63,77,defective,for_parts,recycle
clothing,191.63,49,better_price_found,for_parts,recycle
clothing,170.87,20,defective,very_good,resell_as_is
electronics,370.46,159,better_price_found,acceptable,refurbish
clothing,146.64,7,wrong_size,like_new,resell_as_is
books,27.84,116,defective,like_new,peer_exchange
clothing,99.48,39,wrong_size,acceptable,refurbish
toys,85.88,81,no_longer_needed,acceptable,refurbish
electronics,300.6,99,defective,good,refurbish
electronics,333.57,148,defective,good,refurbish
books,24.09,27,not_as_described,very_good,peer_exchange
electronics,570.19,1,defective,good,recycle
home,456.45,11,defective,good,refurbish
clothing,163.05,88,defective,like_new,resell_as_is
clothing,186.23,51,not_as_described,acceptable,refurbish
electronics,289.41,317,better_price_found,good,refurbish
clothing,67.68,68,defective,like_new,resell_as_is
home,351.86,7,no_longer_needed,acceptable,refurbish
home,127.46,152,defective,very_good,resell_as_is
clothing,187.28,37,wrong_size,for_parts,recycle
clothing,83.3,109,wrong_size,like_new,resell_as_is
toys,33.14,19,no_longer_needed,acceptable,refurbish
books,12.74,28,no_longer_needed,very_good,peer_exchange
clothing,13.42,73,not_as_described,good,peer_exchange
clothing,187.94,56,no_longer_needed,very_good,recycle
toys,17.24,198,better_price_found,good,peer_exchange
electronics,662.61,56,no_longer_needed,acceptable,refurbish
clothing,154.84,22,wrong_size,very_good,resell_as_is
home,156.34,10,not_as_described,good,refurbish
electronics,214.53,160,not_as_described,very_good,resell_as_is
clothing,56.89,32,wrong_size,very_good,resell_as_is
clothing,150.91,30,not_as_described,for_parts,recycle
electronics,186.52,66,not_as_described,good,refurbish
clothing,154.28,78,wrong_size,good,refurbish
clothing,97.62,42,no_longer_needed,very_good,resell_as_is
home,472.02,64,defective,good,refurbish
electronics,78.74,2,defective,like_new,resell_as_is
electronics,179.56,117,no_longer_needed,good,refurbish
electronics,664.7,119,not_as_described,good,refurbish
clothing,112.66,71,wrong_size,good,refurbish
clothing,39.81,123,not_as_described,good,refurbish
electronics,404.0,24,no_longer_needed,good,refurbish
home,249.6,99,no_longer_needed,very_good,resell_as_is
books,47.36,48,no_longer_needed,good,refurbish
books,42.48,37,better_price_found,very_good,resell_as_is
electronics,650.08,222,not_as_described,acceptable,refurbish
clothing,76.0,72,wrong_size,very_good,resell_as_is
books,42.57,104,no_longer_needed,acceptable,refurbish
books,46.3,76,no_longer_needed,very_good,resell_as_is
clothing,126.03,56,no_longer_needed,like_new,recycle
clothing,99.19,44,wrong_size,acceptable,refurbish
toys,85.28,4,defective,good,recycle
home,47.41,84,defective,acceptable,refurbish
home,118.22,31,no_longer_needed,for_parts,recycle
home,67.65,34,better_price_found,for_parts,recycle
electronics,136.6,40,defective,very_good,resell_as_is
toys,49.12,5,no_longer_needed,for_parts,recycle
home,460.92,33,no_longer_needed,good,refurbish
clothing,178.27,43,not_as_described,very_good,resell_as_is
home,24.66,1,no_longer_needed,like_new,refurbish
clothing,112.39,12,wrong_size,good,refurbish
electronics,239.4,14,no_longer_needed,good,refurbish
toys,75.7,162,no_longer_needed,like_new,resell_as_is
electronics,289.86,43,defective,like_new,resell_as_is
books,5.69,7,better_price_found,very_good,peer_exchange
clothing,161.37,18,wrong_size,acceptable,refurbish
home,388.48,1,no_longer_needed,good,refurbish
clothing,61.53,72,wrong_size,good,refurbish
home,106.96,12,wrong_size,like_new,resell_as_is
electronics,275.58,4,better_price_found,like_new,resell_as_is
clothing,115.03,7,wrong_size,acceptable,refurbish
clothing,113.72,35,no_longer_needed,acceptable,refurbish
books,28.34,60,better_price_found,good,peer_exchange
home,221.97,94,defective,good,recycle
toys,94.04,63,no_longer_needed,very_good,donate
electronics,545.94,44,not_as_described,like_new,resell_as_is
books,12.82,15,not_as_described,acceptable,donate
books,46.12,158,no_longer_needed,good,refurbish
clothing,14.22,25,no_longer_needed,like_new,peer_exchange
books,9.54,7,not_as_described,very_good,peer_exchange
clothing,172.1,10,not_as_described,good,refurbish
clothing,99.56,2,wrong_size,very_good,resell_as_is
electronics,663.49,176,not_as_described,like_new,resell_as_is
electronics,592.25,35,defective,very_good,resell_as_is
home,79.54,21,defective,good,refurbish
toys,76.13,91,defective,very_good,resell_as_is
electronics,698.7,91,defective,acceptable,recycle
clothing,106.85,31,wrong_size,good,refurbish
electronics,795.46,138,better_price_found,acceptable,refurbish
electronics,360.98,40,defective,for_parts,recycle
clothing,198.53,20,wrong_size,very_good,resell_as_is
electronics,496.45,21,better_price_found,acceptable,refurbish
books,20.55,16,better_price_found,acceptable,refurbish
clothing,116.8,58,not_as_described,good,refurbish
electronics,726.67,28,defective,for_parts,recycle
toys,33.65,38,better_price_found,good,refurbish
electronics,458.18,55,no_longer_needed,acceptable,refurbish
home,394.0,30,defective,good,refurbish
clothing,68.61,33,better_price_found,for_parts,recycle
clothing,41.93,132,not_as_described,acceptable,refurbish
clothing,62.29,50,better_price_found,good,refurbish
home,174.48,18,no_longer_needed,for_parts,recycle
electronics,159.75,117,defective,acceptable,refurbish
home,139.45,2,wrong_size,acceptable,refurbish
books,22.97,49,better_price_found,good,peer_exchange
home,346.41,98,no_longer_needed,very_good,resell_as_is
home,226.48,124,defective,very_good,resell_as_is
toys,18.68,245,no_longer_needed,like_new,peer_exchange
clothing,59.47,218,not_as_described,like_new,resell_as_is
books,23.73,66,better_price_found,very_good,peer_exchange
clothing,20.77,127,not_as_described,very_good,peer_exchange
clothing,81.09,16,defective,very_good,resell_as_is
books,15.28,72,not_as_described,very_good,peer_exchange
clothing,37.79,7,no_longer_needed,like_new,resell_as_is
clothing,179.68,90,not_as_described,good,refurbish
clothing,143.15,70,not_as_described,like_new,resell_as_is
electronics,580.44,39,better_price_found,for_parts,recycle
clothing,70.11,14,wrong_size,for_parts,recycle
electronics,54.55,37,not_as_described,good,refurbish
home,67.1,28,not_as_described,very_good,resell_as_is
home,307.09,221,not_as_described,acceptable,refurbish
clothing,20.05,10,not_as_described,acceptable,refurbish
electronics,566.81,135,defective,very_good,resell_as_is
home,447.37,49,no_longer_needed,good,refurbish
clothing,19.5,166,wrong_size,acceptable,refurbish
toys,38.06,358,not_as_described,good,refurbish
electronics,227.77,79,better_price_found,acceptable,refurbish
electronics,470.08,148,no_longer_needed,good,refurbish
books,43.93,58,no_longer_needed,acceptable,refurbish
books,26.82,53,no_longer_needed,very_good,peer_exchange
home,477.65,36,better_price_found,good,refurbish
home,431.89,69,better_price_found,good,refurbish
books,5.68,40,better_price_found,very_good,peer_exchange
home,384.77,66,not_as_described,good,refurbish
electronics,427.21,23,better_price_found,like_new,donate
clothing,151.61,18,not_as_described,very_good,resell_as_is
electronics,417.89,3,no_longer_needed,good,refurbish
clothing,44.61,40,not_as_described,very_good,resell_as_is
electronics,626.16,145,defective,acceptable,recycle
electronics,761.67,21,defective,like_new,resell_as_is
toys,20.47,8,not_as_described,good,peer_exchange
electronics,364.99,5,no_longer_needed,like_new,resell_as_is
clothing,110.72,57,no_longer_needed,like_new,peer_exchange
toys,32.89,19,better_price_found,very_good,resell_as_is
clothing,114.63,16,no_longer_needed,very_good,resell_as_is
clothing,99.6,2,better_price_found,acceptable,refurbish
toys,93.66,46,defective,good,refurbish
clothing,183.16,20,no_longer_needed,for_parts,recycle
clothing,117.16,103,wrong_size,acceptable,refurbish
clothing,155.72,19,no_longer_needed,good,refurbish
clothing,50.42,58,no_longer_needed,like_new,resell_as_is
books,33.45,58,not_as_described,good,refurbish
clothing,44.6,5,not_as_described,good,refurbish
clothing,118.04,11,wrong_size,good,refurbish
home,361.11,53,no_longer_needed,acceptable,refurbish
clothing,198.88,3,wrong_size,acceptable,refurbish
books,44.27,33,better_price_found,very_good,resell_as_is
clothing,41.14,80,wrong_size,very_good,resell_as_is
electronics,616.43,40,better_price_found,good,refurbish
toys,10.07,7,not_as_described,acceptable,donate
clothing,47.98,98,not_as_described,like_new,resell_as_is
toys,11.87,21,better_price_found,good,peer_exchange
toys,24.4,68,no_longer_needed,like_new,recycle
home,489.48,40,not_as_described,acceptable,refurbish
electronics,358.23,24,no_longer_needed,for_parts,recycle
home,361.4,38,no_longer_needed,like_new,resell_as_is
clothing,20.1,48,wrong_size,good,peer_exchange
clothing,112.6,29,better_price_found,very_good,resell_as_is
toys,64.78,113,no_longer_needed,good,refurbish
toys,25.0,138,no_longer_needed,for_parts,recycle
electronics,305.11,130,not_as_described,for_parts,recycle
electronics,549.16,21,defective,very_good,resell_as_is
clothing,45.44,189,no_longer_needed,acceptable,refurbish
books,31.59,4,not_as_described,good,refurbish
home,438.73,121,not_as_described,good,refurbish
books,45.0,4,no_longer_needed,good,refurbish
electronics,562.1,81,defective,good,refurbish
clothing,178.06,54,wrong_size,acceptable,refurbish
home,44.73,4,not_as_described,like_new,resell_as_is
electronics,778.99,128,no_longer_needed,acceptable,refurbish
clothing,160.45,28,no_longer_needed,good,refurbish
home,132.77,201,no_longer_needed,good,refurbish
home,401.7,222,defective,good,donate
electronics,222.41,72,no_longer_needed,good,refurbish
electronics,637.04,132,not_as_described,very_good,refurbish
clothing,185.9,3,wrong_size,very_good,resell_as_is
clothing,49.08,44,wrong_size,for_parts,recycle
clothing,73.87,17,better_price_found,good,refurbish
clothing,41.52,198,better_price_found,for_parts,recycle
clothing,108.6,41,wrong_size,acceptable,refurbish
clothing,60.81,61,wrong_size,for_parts,recycle
electronics,497.68,38,no_longer_needed,like_new,resell_as_is
clothing,94.93,53,wrong_size,good,refurbish
books,30.7,48,better_price_found,like_new,resell_as_is
books,9.26,101,better_price_found,like_new,peer_exchange
electronics,418.84,148,not_as_described,good,refurbish
home,445.84,34,no_longer_needed,very_good,resell_as_is
electronics,208.37,26,not_as_described,acceptable,refurbish
electronics,370.81,94,not_as_described,for_parts,recycle
home,241.86,7,defective,acceptable,recycle
books,10.39,197,better_price_found,very_good,peer_exchange
books,29.59,154,better_price_found,very_good,resell_as_is
home,243.4,1,no_longer_needed,for_parts,recycle
clothing,116.32,62,better_price_found,like_new,peer_exchange
home,79.2,36,no_longer_needed,for_parts,recycle
electronics,790.25,49,defective,for_parts,recycle
electronics,646.73,23,defective,good,refurbish
books,15.18,28,no_longer_needed,like_new,peer_exchange
clothing,35.38,9,no_longer_needed,good,refurbish
clothing,70.2,64,wrong_size,for_parts,recycle
electronics,127.66,63,not_as_described,good,refurbish
clothing,58.75,49,defective,acceptable,refurbish
home,34.27,278,not_as_described,very_good,resell_as_is
books,29.24,91,no_longer_needed,good,peer_exchange
clothing,41.83,55,better_price_found,acceptable,refurbish
books,45.31,12,defective,good,refurbish
home,157.13,29,defective,very_good,resell_as_is
books,21.35,22,better_price_found,good,peer_exchange
clothing,135.74,10,not_as_described,acceptable,refurbish
clothing,187.74,83,no_longer_needed,good,refurbish
clothing,156.7,1,wrong_size,good,refurbish
toys,16.48,24,better_price_found,good,peer_exchange
home,34.39,177,defective,like_new,resell_as_is
home,127.27,4,defective,very_good,resell_as_is
clothing,42.88,26,defective,acceptable,refurbish
clothing,164.92,258,not_as_described,good,refurbish
clothing,41.3,37,better_price_found,good,refurbish
toys,43.75,30,no_longer_needed,good,refurbish
clothing,73.18,81,wrong_size,acceptable,refurbish
clothing,73.33,279,not_as_described,acceptable,refurbish
toys,24.32,56,no_longer_needed,good,peer_exchange
home,415.82,12,defective,good,refurbish
clothing,129.22,31,no_longer_needed,very_good,resell_as_is
clothing,86.62,74,wrong_size,acceptable,refurbish
home,162.95,13,not_as_described,acceptable,refurbish
clothing,188.2,32,wrong_size,like_new,recycle
clothing,173.4,39,defective,very_good,resell_as_is
electronics,463.03,54,defective,very_good,resell_as_is
home,170.09,19,no_longer_needed,good,refurbish
electronics,621.34,11,not_as_described,very_good,resell_as_is
home,260.8,40,not_as_described,very_good,resell_as_is
electronics,577.68,53,not_as_described,like_new,resell_as_is
clothing,54.42,185,better_price_found,good,refurbish
toys,76.95,3,no_longer_needed,good,recycle
electronics,56.53,11,better_price_found,acceptable,refurbish
clothing,140.34,39,wrong_size,acceptable,resell_as_is
books,11.24,64,better_price_found,for_parts,recycle
clothing,29.49,24,not_as_described,very_good,peer_exchange
clothing,73.81,155,wrong_size,for_parts,recycle
books,37.96,67,no_longer_needed,acceptable,refurbish
electronics,238.79,13,not_as_described,good,refurbish
electronics,533.82,4,better_price_found,acceptable,refurbish
clothing,151.55,3,wrong_size,good,refurbish
home,159.39,47,defective,good,refurbish
toys,78.65,324,no_longer_needed,good,refurbish
clothing,153.67,313,no_longer_needed,like_new,resell_as_is
clothing,166.21,162,not_as_described,like_new,resell_as_is
books,21.3,5,better_price_found,good,peer_exchange
books,43.24,73,better_price_found,good,refurbish
books,33.6,49,no_longer_needed,very_good,resell_as_is
toys,18.93,111,no_longer_needed,like_new,peer_exchange
electronics,184.19,191,defective,like_new,resell_as_is
electronics,352.54,7,defective,good,refurbish
electronics,472.69,4,no_longer_needed,like_new,resell_as_is
home,450.15,35,defective,very_good,resell_as_is
home,125.52,40,not_as_described,good,refurbish
electronics,331.29,36,not_as_described,like_new,resell_as_is
clothing,163.77,13,no_longer_needed,very_good,resell_as_is
clothing,115.2,80,defective,acceptable,refurbish
electronics,637.43,36,better_price_found,acceptable,refurbish
home,109.21,21,defective,acceptable,donate
toys,39.28,17,better_price_found,for_parts,recycle
electronics,206.03,45,no_longer_needed,like_new,resell_as_is
electronics,678.41,46,better_price_found,acceptable,refurbish
electronics,443.07,8,better_price_found,very_good,resell_as_is
clothing,52.16,22,no_longer_needed,good,refurbish
electronics,315.25,25,no_longer_needed,good,refurbish
electronics,99.84,73,no_longer_needed,acceptable,refurbish
clothing,197.93,6,no_longer_needed,like_new,resell_as_is
clothing,20.13,31,wrong_size,good,peer_exchange
electronics,49.69,90,not_as_described,good,refurbish
clothing,47.28,69,no_longer_needed,good,refurbish
clothing,87.4,3,wrong_size,good,refurbish
books,9.88,4,defective,good,peer_exchange
home,91.11,44,no_longer_needed,good,refurbish
electronics,699.11,45,better_price_found,good,refurbish
clothing,89.45,58,no_longer_needed,very_good,resell_as_is
electronics,748.91,11,defective,good,refurbish
books,10.08,7,no_longer_needed,good,peer_exchange
clothing,171.78,109,no_longer_needed,acceptable,peer_exchange
home,303.5,68,no_longer_needed,for_parts,recycle
clothing,25.77,34,no_longer_needed,very_good,peer_exchange
toys,46.54,15,defective,acceptable,refurbish
home,280.38,182,defective,good,donate
clothing,190.4,27,no_longer_needed,acceptable,refurbish
toys,66.05,55,wrong_size,good,recycle
clothing,51.04,74,better_price_found,for_parts,recycle
electronics,140.19,123,better_price_found,good,refurbish
books,11.93,16,defective,good,peer_exchange
clothing,11.65,77,wrong_size,very_good,peer_exchange
electronics,305.1,139,better_price_found,like_new,donate
electronics,720.84,40,defective,for_parts,recycle
clothing,35.29,16,no_longer_needed,acceptable,refurbish
clothing,89.49,22,not_as_described,acceptable,donate
clothing,96.51,87,wrong_size,like_new,resell_as_is
electronics,259.72,218,not_as_described,good,refurbish
clothing,196.01,218,no_longer_needed,very_good,resell_as_is
electronics,511.32,37,defective,for_parts,recycle
toys,25.71,25,better_price_found,like_new,peer_exchange
clothing,38.86,131,wrong_size,good,refurbish
clothing,50.16,59,better_price_found,acceptable,refurbish
home,422.05,39,not_as_described,acceptable,refurbish
electronics,628.04,2,no_longer_needed,acceptable,refurbish
electronics,778.51,58,no_longer_needed,good,refurbish
clothing,23.29,47,wrong_size,good,peer_exchange
clothing,39.7,35,no_longer_needed,good,refurbish
home,315.15,6,defective,good,refurbish
clothing,94.69,21,wrong_size,acceptable,refurbish
books,47.69,154,not_as_described,good,refurbish
books,30.16,18,no_longer_needed,like_new,resell_as_is
clothing,133.83,14,not_as_described,good,refurbish
books,39.4,48,better_price_found,very_good,resell_as_is
home,228.77,27,defective,good,refurbish
electronics,162.08,70,defective,for_parts,recycle
clothing,122.72,1,no_longer_needed,very_good,recycle
clothing,190.62,97,better_price_found,very_good,resell_as_is
electronics,63.89,24,defective,good,refurbish
electronics,678.52,43,defective,like_new,resell_as_is
toys,54.74,9,defective,like_new,resell_as_is
toys,15.16,12,defective,acceptable,refurbish
clothing,194.17,19,not_as_described,for_parts,recycle
clothing,30.62,141,not_as_described,very_good,resell_as_is
clothing,114.7,20,defective,good,refurbish
electronics,487.03,54,not_as_described,very_good,resell_as_is
clothing,69.23,38,wrong_size,acceptable,refurbish
home,376.51,94,better_price_found,for_parts,recycle
clothing,19.51,156,not_as_described,acceptable,refurbish
clothing,113.2,96,not_as_described,acceptable,refurbish
electronics,181.31,1,defective,like_new,resell_as_is
electronics,344.36,457,not_as_described,for_parts,recycle
books,33.15,100,no_longer_needed,very_good,resell_as_is
clothing,90.06,64,wrong_size,like_new,resell_as_is
clothing,53.26,43,wrong_size,acceptable,refurbish
toys,70.35,48,better_price_found,for_parts,recycle
clothing,102.04,47,not_as_described,good,refurbish
clothing,12.08,126,not_as_described,very_good,peer_exchange
toys,17.11,26,no_longer_needed,very_good,peer_exchange
clothing,145.31,28,defective,good,refurbish
home,62.01,24,not_as_described,acceptable,refurbish
home,422.15,7,no_longer_needed,acceptable,refurbish
toys,36.48,34,not_as_described,very_good,resell_as_is
books,7.83,14,no_longer_needed,acceptable,donate
electronics,373.96,13,better_price_found,for_parts,peer_exchange
clothing,15.12,8,not_as_described,very_good,peer_exchange
clothing,28.78,40,no_longer_needed,acceptable,refurbish
electronics,321.85,5,no_longer_needed,good,refurbish
electronics,743.33,3,defective,very_good,recycle
home,325.73,90,wrong_size,good,refurbish
electronics,453.97,38,not_as_described,like_new,resell_as_is
home,213.85,41,better_price_found,acceptable,refurbish
electronics,502.49,16,not_as_described,good,refurbish
clothing,164.75,69,no_longer_needed,for_parts,recycle
clothing,50.43,19,wrong_size,acceptable,peer_exchange
clothing,85.94,8,wrong_size,like_new,resell_as_is
clothing,56.89,2,not_as_described,acceptable,refurbish
electronics,796.15,51,defective,very_good,resell_as_is
clothing,153.13,32,no_longer_needed,good,refurbish
home,41.68,5,no_longer_needed,very_good,resell_as_is
books,49.25,100,no_longer_needed,like_new,resell_as_is
home,213.64,2,no_longer_needed,good,refurbish
clothing,15.03,61,no_longer_needed,very_good,peer_exchange
electronics,349.81,45,defective,good,refurbish
home,462.31,119,better_price_found,good,refurbish
electronics,210.3,10,no_longer_needed,good,refurbish
books,29.85,5,defective,like_new,peer_exchange
books,40.03,14,not_as_described,good,refurbish
clothing,109.84,133,no_longer_needed,acceptable,refurbish
home,70.3,58,not_as_described,acceptable,refurbish
home,358.63,117,no_longer_needed,good,refurbish
clothing,138.72,78,wrong_size,for_parts,recycle
electronics,256.71,7,defective,like_new,resell_as_is
home,47.71,50,wrong_size,acceptable,refurbish
clothing,156.15,54,wrong_size,very_good,resell_as_is
clothing,184.85,224,wrong_size,good,refurbish
books,36.09,57,no_longer_needed,very_good,resell_as_is
electronics,42.72,33,defective,good,refurbish
clothing,167.59,186,no_longer_needed,like_new,resell_as_is
books,27.12,100,better_price_found,very_good,peer_exchange
home,92.2,33,defective,very_good,resell_as_is
clothing,183.26,30,no_longer_needed,good,refurbish
home,161.53,17,better_price_found,acceptable,refurbish
clothing,157.42,4,wrong_size,like_new,resell_as_is
electronics,381.18,21,defective,good,refurbish
clothing,59.47,30,not_as_described,good,recycle
electronics,303.41,35,defective,good,refurbish
electronics,606.54,11,not_as_described,acceptable,refurbish
clothing,159.89,76,wrong_size,acceptable,refurbish
clothing,142.58,124,wrong_size,good,donate
clothing,170.07,5,wrong_size,good,refurbish
electronics,225.41,220,not_as_described,like_new,recycle
clothing,174.47,108,wrong_size,acceptable,refurbish
clothing,86.83,12,wrong_size,very_good,resell_as_is
clothing,48.17,7,defective,good,refurbish
home,414.72,36,better_price_found,good,refurbish
clothing,74.6,30,not_as_described,good,refurbish
clothing,123.12,6,not_as_described,very_good,resell_as_is
clothing,51.95,67,not_as_described,very_good,resell_as_is
clothing,38.93,96,wrong_size,for_parts,recycle
home,234.2,13,no_longer_needed,very_good,resell_as_is
clothing,55.81,37,no_longer_needed,good,refurbish
home,211.57,14,defective,like_new,resell_as_is
clothing,194.44,83,wrong_size,very_good,resell_as_is
books,31.29,1,better_price_found,for_parts,recycle
home,207.79,61,defective,acceptable,refurbish
electronics,697.23,9,not_as_described,like_new,resell_as_is
home,474.41,18,not_as_described,very_good,refurbish
clothing,46.17,66,better_price_found,acceptable,refurbish
electronics,596.39,4,not_as_described,good,refurbish
home,442.06,127,defective,very_good,resell_as_is
books,25.48,154,no_longer_needed,very_good,peer_exchange
electronics,81.19,91,defective,acceptable,refurbish
home,469.95,121,defective,acceptable,refurbish
clothing,172.14,2,no_longer_needed,good,refurbish
electronics,426.63,33,no_longer_needed,acceptable,refurbish
electronics,586.38,55,defective,acceptable,refurbish
home,100.52,42,not_as_described,for_parts,recycle
electronics,799.37,93,not_as_described,acceptable,refurbish
toys,42.79,88,defective,acceptable,refurbish
books,23.81,26,no_longer_needed,very_good,peer_exchange
clothing,47.36,226,wrong_size,for_parts,recycle
clothing,71.2,11,wrong_size,good,refurbish
clothing,164.79,85,wrong_size,for_parts,recycle
home,160.74,58,not_as_described,very_good,resell_as_is
clothing,126.12,47,no_longer_needed,very_good,resell_as_is
books,25.0,92,better_price_found,good,peer_exchange
home,466.51,17,no_longer_needed,acceptable,donate
electronics,656.51,7,defective,very_good,resell_as_is
home,319.52,90,defective,good,refurbish
home,303.31,16,better_price_found,for_parts,recycle
clothing,112.07,7,wrong_size,for_parts,recycle
clothing,191.26,131,not_as_described,very_good,resell_as_is
books,46.4,41,defective,good,refurbish
electronics,736.93,17,no_longer_needed,good,refurbish
home,74.73,36,defective,acceptable,refurbish
clothing,72.6,8,wrong_size,acceptable,refurbish
clothing,168.86,40,no_longer_needed,acceptable,refurbish
books,35.56,84,better_price_found,very_good,resell_as_is
electronics,167.71,91,better_price_found,good,refurbish
clothing,170.7,25,no_longer_needed,acceptable,refurbish
books,22.92,7,better_price_found,good,peer_exchange
clothing,15.5,4,not_as_described,like_new,peer_exchange
clothing,116.99,97,wrong_size,good,refurbish
toys,34.71,59,better_price_found,good,refurbish
toys,93.5,86,no_longer_needed,like_new,resell_as_is
clothing,16.32,7,wrong_size,like_new,peer_exchange
electronics,344.9,104,no_longer_needed,for_parts,recycle
electronics,567.86,85,not_as_described,acceptable,donate
clothing,162.99,9,wrong_size,good,refurbish
electronics,599.83,14,defective,very_good,resell_as_is
books,33.56,41,no_longer_needed,very_good,resell_as_is
electronics,134.25,77,better_price_found,like_new,resell_as_is
electronics,40.09,108,not_as_described,like_new,resell_as_is
clothing,150.04,34,wrong_size,good,refurbish
clothing,132.34,6,wrong_size,good,refurbish
home,444.83,293,better_price_found,acceptable,refurbish
electronics,436.13,66,not_as_described,very_good,resell_as_is
toys,32.01,31,no_longer_needed,very_good,resell_as_is
home,185.85,77,defective,acceptable,recycle
electronics,65.94,36,not_as_described,acceptable,refurbish
toys,60.59,111,better_price_found,for_parts,recycle
home,412.96,38,not_as_described,for_parts,peer_exchange
electronics,252.77,7,no_longer_needed,good,refurbish
home,49.12,78,not_as_described,like_new,resell_as_is
home,106.24,197,better_price_found,acceptable,recycle
electronics,141.8,49,better_price_found,like_new,resell_as_is
electronics,84.62,60,not_as_described,very_good,resell_as_is
home,390.05,1,defective,like_new,peer_exchange
electronics,655.26,84,not_as_described,very_good,resell_as_is
home,153.13,99,no_longer_needed,like_new,resell_as_is
toys,34.49,66,wrong_size,good,refurbish
electronics,623.33,100,no_longer_needed,like_new,resell_as_is
clothing,141.26,85,not_as_described,acceptable,refurbish
clothing,22.21,34,defective,good,peer_exchange
electronics,205.33,9,no_longer_needed,good,refurbish
clothing,79.83,88,better_price_found,good,refurbish
electronics,543.15,49,better_price_found,good,refurbish
clothing,197.09,78,wrong_size,very_good,resell_as_is
books,32.5,100,not_as_described,for_parts,resell_as_is
home,295.09,1,not_as_described,like_new,resell_as_is
electronics,375.18,22,no_longer_needed,good,refurbish
toys,52.37,11,defective,very_good,resell_as_is
books,39.15,4,not_as_described,good,refurbish
clothing,161.36,25,wrong_size,acceptable,refurbish
home,324.89,47,better_price_found,acceptable,refurbish
home,55.87,40,not_as_described,like_new,resell_as_is
electronics,351.66,141,defective,good,refurbish
electronics,589.41,14,defective,good,refurbish
clothing,56.44,103,wrong_size,good,refurbish
books,28.71,103,not_as_described,good,peer_exchange
clothing,10.97,82,wrong_size,very_good,peer_exchange
books,20.02,14,no_longer_needed,acceptable,refurbish
toys,96.02,140,no_longer_needed,acceptable,refurbish
clothing,22.63,19,wrong_size,very_good,peer_exchange
electronics,471.13,41,not_as_described,like_new,resell_as_is
clothing,95.4,48,not_as_described,very_good,resell_as_is
home,141.37,36,no_longer_needed,for_parts,resell_as_is
toys,31.47,8,no_longer_needed,very_good,resell_as_is
home,73.7,52,wrong_size,acceptable,refurbish
home,66.57,39,better_price_found,like_new,resell_as_is
home,239.73,64,no_longer_needed,acceptable,refurbish
clothing,118.51,8,no_longer_needed,like_new,resell_as_is
toys,33.93,17,not_as_described,acceptable,refurbish
books,11.72,8,defective,very_good,peer_exchange
clothing,199.18,122,no_longer_needed,acceptable,refurbish
electronics,591.05,55,defective,for_parts,recycle
books,8.32,3,no_longer_needed,like_new,peer_exchange
books,25.43,234,not_as_described,good,refurbish
clothing,136.59,11,defective,good,refurbish
electronics,336.98,21,defective,like_new,recycle
home,470.77,8,not_as_described,like_new,donate
clothing,137.23,87,wrong_size,like_new,resell_as_is
home,404.87,13,better_price_found,very_good,resell_as_is
clothing,163.63,2,wrong_size,for_parts,resell_as_is
clothing,185.54,115,defective,very_good,resell_as_is
electronics,391.92,33,better_price_found,acceptable,refurbish
home,455.15,107,no_longer_needed,for_parts,recycle
home,22.82,53,defective,good,refurbish
clothing,160.51,4,not_as_described,like_new,resell_as_is
home,103.31,1,defective,good,refurbish
clothing,141.46,42,not_as_described,for_parts,recycle
home,325.26,46,no_longer_needed,acceptable,refurbish
electronics,762.39,113,better_price_found,very_good,resell_as_is
clothing,81.62,32,better_price_found,good,refurbish
clothing,99.02,28,wrong_size,good,recycle
home,236.97,19,defective,acceptable,refurbish
electronics,69.46,8,not_as_described,very_good,recycle
clothing,169.84,15,better_price_found,acceptable,refurbish
electronics,152.25,17,defective,like_new,resell_as_is
toys,34.35,1,better_price_found,very_good,resell_as_is
home,432.3,24,better_price_found,acceptable,refurbish
home,214.35,64,not_as_described,very_good,resell_as_is
home,478.96,14,not_as_described,acceptable,refurbish
toys,70.39,146,better_price_found,acceptable,recycle
electronics,785.46,50,defective,good,peer_exchange
home,217.88,17,not_as_described,like_new,resell_as_is
electronics,745.9,29,not_as_described,good,refurbish
clothing,32.95,6,wrong_size,good,refurbish
clothing,15.57,60,no_longer_needed,like_new,peer_exchange
clothing,64.58,3,wrong_size,for_parts,recycle
toys,48.52,127,better_price_found,acceptable,donate
clothing,113.59,43,no_longer_needed,for_parts,recycle
books,26.78,71,no_longer_needed,very_good,peer_exchange
toys,70.76,110,not_as_described,good,refurbish
clothing,17.59,27,wrong_size,very_good,peer_exchange
toys,86.99,36,no_longer_needed,very_good,resell_as_is
clothing,147.29,62,wrong_size,acceptable,refurbish
home,60.58,58,defective,acceptable,refurbish
electronics,584.94,7,no_longer_needed,like_new,resell_as_is
clothing,148.29,21,not_as_described,good,refurbish
clothing,32.46,126,wrong_size,acceptable,refurbish
home,139.79,16,not_as_described,very_good,resell_as_is
clothing,61.47,21,better_price_found,good,refurbish
electronics,21.5,44,no_longer_needed,good,refurbish
electronics,783.28,46,defective,good,refurbish
home,171.91,23,not_as_described,good,refurbish
clothing,19.11,39,better_price_found,acceptable,refurbish
home,175.0,13,no_longer_needed,very_good,resell_as_is
clothing,153.8,19,not_as_described,very_good,refurbish
books,44.63,3,no_longer_needed,acceptable,refurbish
clothing,87.5,35,no_longer_needed,good,refurbish
electronics,546.37,6,defective,good,refurbish
electronics,766.6,94,no_longer_needed,acceptable,refurbish
clothing,175.34,2,no_longer_needed,good,refurbish
clothing,125.34,68,wrong_size,good,refurbish
home,279.46,34,not_as_described,good,refurbish
clothing,17.1,66,not_as_described,for_parts,recycle
clothing,38.65,37,no_longer_needed,acceptable,refurbish
clothing,130.45,49,not_as_described,acceptable,refurbish
clothing,125.91,87,no_longer_needed,like_new,resell_as_is
toys,40.89,1,defective,for_parts,recycle
home,367.43,63,not_as_described,good,refurbish
home,26.37,14,defective,very_good,refurbish
clothing,166.75,39,not_as_described,good,refurbish
home,126.34,71,not_as_described,like_new,recycle
home,201.53,99,not_as_described,like_new,resell_as_is
toys,14.83,15,no_longer_needed,for_parts,recycle
electronics,493.64,66,no_longer_needed,good,refurbish
home,368.3,52,not_as_described,very_good,resell_as_is
electronics,76.72,91,no_longer_needed,good,refurbish
clothing,85.95,33,defective,good,refurbish
electronics,358.59,43,defective,acceptable,recycle
electronics,26.61,23,not_as_described,acceptable,refurbish
toys,85.51,13,defective,very_good,resell_as_is
clothing,33.58,46,not_as_described,good,refurbish
books,33.87,156,no_longer_needed,good,refurbish
electronics,90.51,13,defective,acceptable,refurbish
clothing,19.95,47,not_as_described,acceptable,refurbish
electronics,70.92,19,defective,acceptable,refurbish
electronics,540.09,17,better_price_found,acceptable,refurbish
clothing,20.79,25,wrong_size,like_new,peer_exchange
home,127.72,68,not_as_described,for_parts,recycle
electronics,495.93,64,no_longer_needed,good,refurbish
clothing,131.14,146,no_longer_needed,very_good,resell_as_is
clothing,98.23,26,not_as_described,good,refurbish
home,198.98,53,not_as_described,like_new,resell_as_is
home,408.44,38,not_as_described,very_good,resell_as_is
clothing,10.14,89,wrong_size,good,peer_exchange
clothing,172.47,11,no_longer_needed,like_new,resell_as_is
electronics,639.64,5,defective,good,refurbish
home,185.17,66,not_as_described,good,refurbish
electronics,680.35,122,defective,good,refurbish
clothing,14.23,86,no_longer_needed,like_new,peer_exchange
books,29.4,20,not_as_described,good,peer_exchange
home,403.79,164,no_longer_needed,for_parts,recycle
electronics,60.43,19,not_as_described,very_good,resell_as_is
books,49.32,2,defective,good,refurbish
home,332.34,5,not_as_described,very_good,resell_as_is
clothing,186.26,2,wrong_size,very_good,resell_as_is
clothing,166.59,21,wrong_size,very_good,resell_as_is
books,25.47,13,no_longer_needed,very_good,peer_exchange
electronics,652.69,99,not_as_described,like_new,resell_as_is
electronics,428.3,7,no_longer_needed,acceptable,refurbish
home,352.8,31,defective,like_new,resell_as_is
electronics,490.69,121,not_as_described,for_parts,recycle
clothing,171.97,23,better_price_found,good,refurbish
electronics,28.89,14,defective,acceptable,refurbish
home,339.3,70,no_longer_needed,like_new,resell_as_is
electronics,412.55,8,not_as_described,like_new,resell_as_is
clothing,31.24,35,not_as_described,good,refurbish
clothing,20.9,188,defective,good,peer_exchange
clothing,196.05,18,wrong_size,very_good,resell_as_is
clothing,166.47,114,no_longer_needed,very_good,refurbish
home,374.17,88,defective,very_good,resell_as_is
home,374.85,6,not_as_described,like_new,resell_as_is
clothing,95.78,140,no_longer_needed,for_parts,peer_exchange
clothing,83.84,61,no_longer_needed,good,refurbish
home,171.29,10,not_as_described,good,refurbish
home,469.13,30,defective,like_new,peer_exchange
electronics,283.73,10,not_as_described,good,refurbish
books,27.46,2,no_longer_needed,like_new,peer_exchange
home,329.67,20,better_price_found,good,refurbish
books,8.12,15,no_longer_needed,good,peer_exchange
home,182.63,1,not_as_described,for_parts,recycle
clothing,52.27,100,wrong_size,good,refurbish
clothing,90.93,73,wrong_size,very_good,resell_as_is
home,25.2,36,defective,good,refurbish
clothing,113.55,28,not_as_described,for_parts,recycle
clothing,99.55,100,wrong_size,good,refurbish
toys,21.92,383,no_longer_needed,good,peer_exchange
home,83.77,176,defective,acceptable,refurbish
electronics,650.76,132,wrong_size,for_parts,recycle
electronics,373.53,8,defective,good,refurbish
electronics,173.26,61,better_price_found,like_new,resell_as_is
home,493.86,69,defective,very_good,resell_as_is
electronics,162.18,20,not_as_described,very_good,resell_as_is
toys,99.39,2,no_longer_needed,acceptable,peer_exchange
electronics,348.81,56,no_longer_needed,like_new,resell_as_is
electronics,778.9,23,defective,good,refurbish
electronics,218.89,196,better_price_found,very_good,resell_as_is
electronics,449.05,28,defective,good,refurbish
clothing,185.8,85,wrong_size,very_good,resell_as_is
books,43.73,50,no_longer_needed,acceptable,refurbish
books,8.33,56,no_longer_needed,very_good,refurbish
toys,89.5,71,no_longer_needed,acceptable,refurbish
clothing,179.4,15,wrong_size,for_parts,resell_as_is
home,382.74,121,no_longer_needed,very_good,resell_as_is
clothing,174.75,18,not_as_described,good,refurbish
home,463.8,13,wrong_size,good,refurbish
clothing,159.24,105,wrong_size,good,refurbish
clothing,194.14,26,not_as_described,very_good,peer_exchange
electronics,653.49,36,not_as_described,for_parts,recycle
books,22.07,25,no_longer_needed,acceptable,refurbish
home,24.33,59,no_longer_needed,good,refurbish
toys,39.47,37,no_longer_needed,acceptable,refurbish
clothing,165.92,29,defective,like_new,resell_as_is
clothing,122.22,36,no_longer_needed,very_good,resell_as_is
home,201.3,50,better_price_found,good,refurbish
clothing,100.92,88,wrong_size,very_good,recycle
electronics,787.46,92,not_as_described,acceptable,refurbish
home,413.44,70,defective,like_new,resell_as_is
electronics,787.59,1,no_longer_needed,like_new,resell_as_is
clothing,130.24,87,wrong_size,good,refurbish
electronics,80.43,89,no_longer_needed,very_good,resell_as_is
clothing,100.32,104,wrong_size,very_good,resell_as_is
electronics,796.78,23,better_price_found,good,refurbish
clothing,164.8,84,better_price_found,good,refurbish
clothing,37.72,25,no_longer_needed,like_new,resell_as_is
home,451.4,85,not_as_described,acceptable,refurbish
clothing,24.01,47,no_longer_needed,good,peer_exchange
toys,57.14,6,defective,acceptable,refurbish
books,12.55,55,better_price_found,acceptable,donate
electronics,709.8,58,wrong_size,good,refurbish
electronics,549.21,10,no_longer_needed,good,donate
books,6.49,22,no_longer_needed,very_good,peer_exchange
home,156.13,3,no_longer_needed,for_parts,recycle
clothing,90.73,156,no_longer_needed,good,refurbish
home,487.15,118,not_as_described,for_parts,recycle
home,98.07,136,defective,for_parts,donate
electronics,152.39,44,defective,very_good,resell_as_is
clothing,48.43,19,no_longer_needed,very_good,resell_as_is
toys,16.1,10,no_longer_needed,good,peer_exchange
clothing,17.64,70,no_longer_needed,good,peer_exchange
electronics,727.21,74,defective,acceptable,recycle
toys,8.11,1,no_longer_needed,very_good,peer_exchange
electronics,338.09,106,no_longer_needed,like_new,recycle
home,337.28,120,defective,good,refurbish
toys,17.28,17,not_as_described,good,peer_exchange
books,47.77,5,no_longer_needed,like_new,resell_as_is
electronics,793.38,34,not_as_described,good,refurbish
electronics,510.73,79,better_price_found,good,refurbish
books,42.41,3,no_longer_needed,like_new,resell_as_is
books,41.67,101,no_longer_needed,like_new,resell_as_is
home,79.91,9,not_as_described,like_new,resell_as_is
toys,9.84,107,better_price_found,good,peer_exchange
clothing,196.64,119,no_longer_needed,like_new,resell_as_is
toys,83.35,6,defective,very_good,resell_as_is
electronics,761.5,45,defective,good,refurbish
clothing,65.31,38,not_as_described,acceptable,refurbish
clothing,102.55,47,not_as_described,good,refurbish
clothing,68.51,63,defective,like_new,peer_exchange
clothing,30.99,9,not_as_described,for_parts,recycle
clothing,57.11,20,wrong_size,good,peer_exchange
home,201.64,15,not_as_described,for_parts,recycle
clothing,151.15,43,wrong_size,good,refurbish
clothing,100.91,97,not_as_described,very_good,resell_as_is
electronics,661.78,14,not_as_described,very_good,resell_as_is
clothing,79.81,163,wrong_size,very_good,resell_as_is
toys,54.31,193,defective,like_new,resell_as_is
home,302.14,17,no_longer_needed,acceptable,refurbish
home,164.19,46,wrong_size,very_good,resell_as_is
home,471.29,208,better_price_found,very_good,resell_as_is
books,22.24,27,no_longer_needed,good,peer_exchange
books,45.92,83,defective,like_new,resell_as_is
clothing,125.81,7,better_price_found,good,refurbish
electronics,761.66,36,defective,good,refurbish
books,29.55,7,no_longer_needed,very_good,peer_exchange
home,66.63,229,no_longer_needed,very_good,peer_exchange
clothing,15.61,57,wrong_size,very_good,peer_exchange
electronics,132.59,131,not_as_described,good,refurbish
clothing,166.22,14,no_longer_needed,like_new,resell_as_is
books,9.91,17,defective,good,peer_exchange
home,56.6,31,not_as_described,good,refurbish
toys,37.07,72,not_as_described,good,refurbish
electronics,778.47,47,not_as_described,good,refurbish
books,16.17,47,not_as_described,good,peer_exchange
clothing,68.43,1,wrong_size,good,refurbish
clothing,25.56,170,no_longer_needed,very_good,peer_exchange
electronics,627.92,40,not_as_described,like_new,resell_as_is
books,17.97,1,better_price_found,good,peer_exchange
clothing,97.58,15,wrong_size,good,refurbish
electronics,791.49,177,no_longer_needed,for_parts,recycle
clothing,118.62,126,better_price_found,acceptable,refurbish
clothing,94.5,40,defective,like_new,resell_as_is
toys,27.3,59,no_longer_needed,acceptable,refurbish
home,476.67,66,not_as_described,like_new,resell_as_is
clothing,139.64,43,wrong_size,good,peer_exchange
clothing,138.45,36,better_price_found,acceptable,refurbish
home,472.07,23,defective,like_new,resell_as_is
toys,43.98,30,not_as_described,very_good,resell_as_is
home,282.14,3,no_longer_needed,for_parts,recycle
clothing,53.67,22,not_as_described,acceptable,refurbish
clothing,95.71,12,better_price_found,acceptable,refurbish
electronics,682.08,40,no_longer_needed,like_new,resell_as_is
home,251.64,21,defective,very_good,resell_as_is
electronics,483.17,34,no_longer_needed,very_good,resell_as_is
clothing,41.65,38,defective,for_parts,recycle
electronics,378.75,127,no_longer_needed,for_parts,recycle
electronics,22.78,58,no_longer_needed,like_new,refurbish
toys,94.83,11,defective,acceptable,refurbish
home,207.05,80,not_as_described,acceptable,refurbish
clothing,109.13,63,wrong_size,good,refurbish
books,11.49,111,no_longer_needed,very_good,peer_exchange
toys,25.94,78,defective,for_parts,recycle
toys,88.88,48,defective,very_good,resell_as_is
electronics,391.6,122,defective,very_good,resell_as_is
books,18.39,29,no_longer_needed,very_good,peer_exchange
home,423.99,150,better_price_found,good,refurbish
electronics,480.4,151,not_as_described,for_parts,recycle
electronics,641.11,127,not_as_described,like_new,refurbish
clothing,28.47,53,wrong_size,very_good,peer_exchange
electronics,374.35,35,no_longer_needed,very_good,resell_as_is
toys,23.48,7,no_longer_needed,acceptable,refurbish
toys,43.36,29,better_price_found,acceptable,refurbish
electronics,473.35,19,better_price_found,acceptable,refurbish
electronics,694.4,54,defective,very_good,resell_as_is
home,127.87,14,better_price_found,acceptable,refurbish
home,386.5,155,no_longer_needed,very_good,resell_as_is
home,245.67,22,better_price_found,acceptable,refurbish
electronics,23.8,6,defective,good,refurbish
home,174.24,136,not_as_described,good,refurbish
toys,71.24,62,no_longer_needed,for_parts,recycle
home,54.63,101,not_as_described,very_good,resell_as_is
home,141.19,35,no_longer_needed,very_good,resell_as_is
electronics,473.35,29,defective,acceptable,refurbish
home,199.36,118,defective,very_good,resell_as_is
toys,85.87,16,not_as_described,acceptable,refurbish
clothing,83.41,2,not_as_described,like_new,donate
electronics,678.88,196,defective,like_new,resell_as_is
clothing,133.61,81,no_longer_needed,like_new,peer_exchange
home,479.32,110,better_price_found,good,refurbish
home,212.04,2,defective,acceptable,refurbish
toys,92.96,55,defective,very_good,resell_as_is
clothing,162.11,104,wrong_size,good,refurbish
clothing,182.03,27,defective,good,refurbish
toys,77.96,106,no_longer_needed,good,donate
home,220.87,143,not_as_described,good,refurbish
electronics,610.11,5,no_longer_needed,good,refurbish
electronics,442.39,58,defective,acceptable,refurbish
electronics,321.91,7,better_price_found,good,refurbish
clothing,147.68,93,wrong_size,like_new,resell_as_is
clothing,46.73,8,defective,acceptable,refurbish
electronics,397.45,23,no_longer_needed,good,refurbish
clothing,130.17,45,wrong_size,good,refurbish
home,129.87,28,not_as_described,good,refurbish
home,169.38,134,wrong_size,very_good,peer_exchange
clothing,47.84,40,not_as_described,good,refurbish
toys,87.14,17,no_longer_needed,good,peer_exchange
home,279.32,51,not_as_described,for_parts,recycle
toys,17.13,53,no_longer_needed,like_new,peer_exchange
electronics,787.88,48,defective,good,refurbish
clothing,198.85,100,defective,good,refurbish
electronics,704.96,105,no_longer_needed,very_good,resell_as_is
electronics,92.55,170,no_longer_needed,like_new,resell_as_is
electronics,33.47,21,not_as_described,like_new,resell_as_is
home,125.79,40,better_price_found,like_new,resell_as_is
clothing,112.82,16,not_as_described,acceptable,refurbish
clothing,117.8,33,wrong_size,good,refurbish
clothing,126.02,39,not_as_described,acceptable,refurbish
electronics,508.43,53,no_longer_needed,acceptable,refurbish
clothing,47.86,20,not_as_described,like_new,resell_as_is
toys,95.98,1,better_price_found,for_parts,recycle
clothing,184.57,1,no_longer_needed,very_good,resell_as_is
clothing,109.36,100,wrong_size,good,refurbish
toys,90.26,44,no_longer_needed,good,refurbish
clothing,64.19,3,not_as_described,very_good,resell_as_is
electronics,290.66,138,not_as_described,good,peer_exchange
clothing,173.86,32,wrong_size,good,refurbish
toys,40.61,190,better_price_found,good,refurbish
home,444.23,134,defective,acceptable,refurbish
home,160.75,63,wrong_size,very_good,resell_as_is
electronics,544.64,106,defective,good,refurbish
home,353.29,37,not_as_described,for_parts,recycle
clothing,198.67,12,wrong_size,for_parts,recycle
clothing,22.88,27,defective,good,peer_exchange
clothing,199.02,219,wrong_size,very_good,resell_as_is
clothing,126.19,96,defective,like_new,resell_as_is
home,35.09,137,better_price_found,very_good,recycle
electronics,702.49,16,defective,like_new,resell_as_is
clothing,17.91,6,wrong_size,good,peer_exchange
clothing,24.0,134,wrong_size,acceptable,refurbish
toys,76.18,36,defective,like_new,resell_as_is
clothing,152.49,42,no_longer_needed,acceptable,refurbish
home,423.54,25,not_as_described,acceptable,refurbish
home,212.55,262,no_longer_needed,like_new,resell_as_is
electronics,577.57,36,wrong_size,like_new,resell_as_is
clothing,188.3,47,no_longer_needed,very_good,resell_as_is
books,27.11,54,no_longer_needed,good,peer_exchange
home,86.43,75,defective,very_good,resell_as_is
home,484.08,18,better_price_found,good,refurbish
home,478.11,91,wrong_size,like_new,resell_as_is
books,38.76,62,no_longer_needed,good,refurbish
home,468.52,84,better_price_found,very_good,resell_as_is
clothing,99.58,38,not_as_described,acceptable,refurbish
electronics,90.32,23,no_longer_needed,acceptable,refurbish
clothing,34.79,17,wrong_size,very_good,resell_as_is
electronics,270.62,46,defective,good,refurbish
home,423.9,13,not_as_described,good,refurbish
electronics,289.07,16,not_as_described,very_good,resell_as_is
clothing,55.89,58,no_longer_needed,like_new,resell_as_is
electronics,176.85,140,defective,acceptable,refurbish
home,228.86,55,not_as_described,good,refurbish
toys,92.27,5,defective,good,refurbish
home,411.89,23,defective,very_good,resell_as_is
books,14.74,51,better_price_found,good,peer_exchange
clothing,124.09,103,better_price_found,acceptable,refurbish
electronics,114.02,2,defective,good,refurbish
electronics,197.93,43,no_longer_needed,like_new,resell_as_is
clothing,71.63,293,defective,for_parts,recycle
clothing,72.04,24,defective,like_new,resell_as_is
electronics,717.06,52,not_as_described,good,refurbish
clothing,61.34,28,defective,like_new,resell_as_is
clothing,112.58,18,no_longer_needed,very_good,resell_as_is
electronics,656.71,22,better_price_found,good,refurbish
home,284.97,33,no_longer_needed,good,refurbish
electronics,715.89,38,not_as_described,like_new,resell_as_is
clothing,98.4,185,not_as_described,for_parts,recycle
toys,58.87,22,no_longer_needed,good,refurbish
electronics,550.35,21,defective,for_parts,recycle
books,27.52,12,better_price_found,good,peer_exchange
clothing,89.98,9,no_longer_needed,very_good,resell_as_is
home,471.79,7,not_as_described,good,refurbish
electronics,691.89,5,not_as_described,like_new,resell_as_is
home,24.04,49,defective,acceptable,refurbish
home,381.63,54,not_as_described,good,refurbish
clothing,10.53,7,not_as_described,very_good,peer_exchange
clothing,30.6,24,not_as_described,good,refurbish
electronics,665.05,140,defective,good,refurbish
electronics,179.56,45,better_price_found,acceptable,refurbish
clothing,38.67,35,not_as_described,acceptable,refurbish
electronics,557.59,32,not_as_described,very_good,donate
electronics,706.63,5,not_as_described,acceptable,refurbish
toys,66.65,15,no_longer_needed,for_parts,recycle
books,48.98,15,not_as_described,acceptable,refurbish
home,259.74,7,better_price_found,like_new,resell_as_is
clothing,105.12,4,wrong_size,like_new,donate
home,246.65,4,not_as_described,like_new,resell_as_is
electronics,191.11,14,not_as_described,like_new,resell_as_is
clothing,169.57,105,no_longer_needed,good,refurbish
clothing,140.6,46,not_as_described,good,refurbish
toys,85.32,5,better_price_found,acceptable,refurbish
electronics,393.93,60,defective,like_new,resell_as_is
clothing,18.38,44,wrong_size,good,peer_exchange
toys,11.2,50,defective,very_good,peer_exchange
toys,10.98,47,no_longer_needed,acceptable,donate
electronics,486.47,222,no_longer_needed,good,refurbish
electronics,464.54,20,defective,good,peer_exchange
electronics,792.7,100,not_as_described,very_good,resell_as_is
home,17.21,265,no_longer_needed,for_parts,recycle
home,238.81,1,no_longer_needed,good,refurbish
clothing,92.2,78,no_longer_needed,acceptable,refurbish
clothing,74.4,41,wrong_size,acceptable,refurbish
electronics,693.95,58,defective,very_good,resell_as_is
clothing,197.03,46,wrong_size,good,refurbish
books,33.25,200,no_longer_needed,like_new,resell_as_is
clothing,184.19,34,not_as_described,very_good,resell_as_is
clothing,142.43,35,defective,very_good,resell_as_is
electronics,419.96,1,not_as_described,like_new,resell_as_is
clothing,139.96,116,wrong_size,good,refurbish
clothing,84.63,28,wrong_size,good,peer_exchange
clothing,159.41,46,better_price_found,good,refurbish
electronics,205.99,102,not_as_described,for_parts,recycle
clothing,157.96,38,wrong_size,like_new,resell_as_is
clothing,140.18,10,no_longer_needed,acceptable,refurbish
home,267.91,49,better_price_found,for_parts,recycle
clothing,67.72,89,no_longer_needed,like_new,resell_as_is
clothing,27.4,33,no_longer_needed,very_good,peer_exchange
toys,23.58,57,better_price_found,very_good,peer_exchange
clothing,51.33,110,defective,good,refurbish
home,32.15,26,no_longer_needed,very_good,resell_as_is
toys,11.44,116,defective,for_parts,recycle
clothing,101.01,86,better_price_found,very_good,resell_as_is
clothing,170.71,9,not_as_described,very_good,resell_as_is
clothing,195.81,1,wrong_size,good,refurbish
home,410.06,72,better_price_found,good,refurbish
electronics,679.84,3,not_as_described,good,refurbish
home,228.91,136,better_price_found,like_new,resell_as_is
clothing,169.4,13,wrong_size,acceptable,refurbish
clothing,140.87,57,not_as_described,good,refurbish
electronics,687.17,113,wrong_size,acceptable,refurbish
clothing,88.54,69,wrong_size,acceptable,refurbish
toys,16.45,152,no_longer_needed,acceptable,refurbish
home,236.52,45,no_longer_needed,for_parts,recycle
clothing,50.09,26,wrong_size,very_good,resell_as_is
books,19.39,113,no_longer_needed,good,peer_exchange
home,287.1,36,defective,like_new,resell_as_is
clothing,135.97,173,no_longer_needed,like_new,resell_as_is
home,174.76,71,no_longer_needed,very_good,resell_as_is
electronics,431.41,16,no_longer_needed,very_good,resell_as_is
electronics,653.29,9,no_longer_needed,acceptable,refurbish
clothing,104.41,55,better_price_found,like_new,resell_as_is
books,10.68,65,no_longer_needed,good,peer_exchange
clothing,140.93,21,defective,acceptable,refurbish
clothing,18.14,26,no_longer_needed,good,peer_exchange
books,12.97,47,no_longer_needed,for_parts,recycle
home,37.22,51,no_longer_needed,acceptable,refurbish
home,59.96,16,no_longer_needed,acceptable,peer_exchange
electronics,433.83,34,not_as_described,good,refurbish
books,17.84,13,better_price_found,acceptable,refurbish
books,35.17,35,better_price_found,good,refurbish
clothing,161.76,28,no_longer_needed,good,refurbish
home,75.64,159,not_as_described,good,refurbish
home,359.28,122,better_price_found,very_good,resell_as_is
home,385.96,133,no_longer_needed,acceptable,refurbish
books,42.7,27,better_price_found,for_parts,recycle
electronics,76.47,15,better_price_found,like_new,resell_as_is
books,44.49,33,no_longer_needed,very_good,resell_as_is
electronics,125.13,32,defective,good,refurbish
home,336.43,101,wrong_size,acceptable,refurbish
clothing,68.53,7,wrong_size,for_parts,recycle
clothing,153.98,101,wrong_size,acceptable,refurbish
clothing,126.69,123,not_as_described,for_parts,recycle
books,32.56,28,better_price_found,for_parts,resell_as_is
home,162.66,8,no_longer_needed,good,refurbish
clothing,88.65,44,not_as_described,good,refurbish
clothing,50.74,236,wrong_size,good,refurbish
electronics,240.61,46,not_as_described,like_new,resell_as_is
electronics,214.9,83,defective,good,refurbish
electronics,222.45,184,no_longer_needed,acceptable,refurbish
home,488.75,20,not_as_described,good,refurbish
electronics,702.9,102,defective,good,refurbish
clothing,111.38,47,not_as_described,good,refurbish
electronics,129.06,39,no_longer_needed,good,refurbish
toys,75.17,169,wrong_size,good,refurbish
home,465.78,3,defective,good,refurbish
electronics,764.68,1,defective,very_good,resell_as_is
clothing,72.39,12,wrong_size,like_new,resell_as_is
electronics,661.98,9,better_price_found,good,refurbish
clothing,64.07,15,better_price_found,very_good,resell_as_is
clothing,197.02,38,wrong_size,for_parts,recycle
toys,30.9,85,better_price_found,good,refurbish
clothing,117.78,13,defective,good,refurbish
home,299.48,1,wrong_size,good,refurbish
electronics,579.56,35,defective,like_new,resell_as_is
electronics,252.78,31,no_longer_needed,very_good,resell_as_is
home,18.39,85,not_as_described,good,peer_exchange
electronics,90.85,26,no_longer_needed,acceptable,refurbish
home,17.78,13,better_price_found,acceptable,refurbish
home,225.07,1,no_longer_needed,for_parts,recycle
clothing,159.68,42,better_price_found,for_parts,recycle
clothing,181.37,16,wrong_size,good,refurbish
electronics,632.06,179,not_as_described,very_good,resell_as_is
electronics,324.57,73,not_as_described,good,refurbish
clothing,24.5,43,defective,good,peer_exchange
electronics,664.78,46,better_price_found,for_parts,recycle
clothing,45.43,29,no_longer_needed,for_parts,recycle
home,472.09,9,no_longer_needed,good,refurbish
home,72.81,4,not_as_described,very_good,resell_as_is
electronics,372.87,35,better_price_found,acceptable,refurbish
home,397.1,121,defective,good,refurbish
electronics,63.0,63,better_price_found,acceptable,refurbish
clothing,122.42,89,no_longer_needed,good,refurbish
electronics,755.22,123,defective,good,refurbish
clothing,27.38,204,wrong_size,good,peer_exchange
books,44.29,64,better_price_found,very_good,resell_as_is
electronics,717.66,15,no_longer_needed,acceptable,refurbish
electronics,302.76,4,no_longer_needed,good,refurbish
home,43.38,2,not_as_described,good,refurbish
books,9.07,269,better_price_found,like_new,peer_exchange
clothing,109.48,60,defective,acceptable,refurbish
electronics,46.35,24,not_as_described,good,refurbish
electronics,404.7,16,better_price_found,good,refurbish
clothing,63.55,14,not_as_described,for_parts,recycle
clothing,110.57,62,not_as_described,very_good,resell_as_is
clothing,134.07,22,wrong_size,like_new,resell_as_is
electronics,277.8,21,defective,good,refurbish
toys,94.11,4,not_as_described,good,refurbish
clothing,118.36,65,wrong_size,good,resell_as_is
clothing,161.07,93,wrong_size,very_good,resell_as_is
clothing,88.74,56,wrong_size,good,refurbish
clothing,116.32,97,no_longer_needed,good,refurbish
clothing,116.94,22,better_price_found,like_new,resell_as_is
clothing,189.65,46,no_longer_needed,acceptable,refurbish
electronics,505.29,136,no_longer_needed,for_parts,recycle
clothing,163.56,22,no_longer_needed,good,refurbish
home,158.46,67,not_as_described,acceptable,refurbish
home,498.16,38,not_as_described,like_new,resell_as_is
clothing,29.53,31,wrong_size,good,peer_exchange
clothing,23.12,87,no_longer_needed,like_new,peer_exchange
electronics,86.72,8,defective,very_good,resell_as_is
books,19.94,95,better_price_found,very_good,peer_exchange
home,143.05,167,defective,acceptable,refurbish
clothing,60.02,3,no_longer_needed,very_good,resell_as_is
electronics,138.04,28,no_longer_needed,very_good,resell_as_is
clothing,63.85,32,wrong_size,like_new,resell_as_is
electronics,697.38,118,defective,good,refurbish
toys,31.12,61,no_longer_needed,acceptable,refurbish
home,78.0,1,wrong_size,good,refurbish
clothing,16.9,49,wrong_size,for_parts,recycle
clothing,74.36,38,better_price_found,very_good,resell_as_is
home,107.45,79,no_longer_needed,very_good,resell_as_is
clothing,168.95,8,better_price_found,acceptable,refurbish
home,370.58,37,not_as_described,for_parts,recycle
toys,12.46,102,better_price_found,good,peer_exchange
electronics,67.17,21,defective,good,refurbish
clothing,135.32,38,wrong_size,for_parts,recycle
electronics,618.24,13,not_as_described,very_good,resell_as_is
home,429.87,92,no_longer_needed,like_new,refurbish
electronics,402.8,33,wrong_size,acceptable,refurbish
electronics,57.67,14,defective,very_good,resell_as_is
electronics,691.02,24,not_as_described,like_new,resell_as_is
electronics,149.06,36,not_as_described,very_good,resell_as_is
electronics,110.36,25,not_as_described,for_parts,recycle
clothing,21.27,88,wrong_size,acceptable,refurbish
home,326.59,56,not_as_described,like_new,resell_as_is
clothing,128.87,29,wrong_size,acceptable,refurbish
books,48.46,107,not_as_described,acceptable,refurbish
electronics,92.66,20,defective,like_new,resell_as_is
books,38.25,13,defective,good,refurbish
toys,85.64,135,defective,very_good,resell_as_is
electronics,642.82,141,defective,acceptable,donate
clothing,62.58,88,wrong_size,good,refurbish
clothing,172.52,121,wrong_size,good,refurbish
clothing,105.37,5,no_longer_needed,very_good,donate
clothing,49.86,45,better_price_found,for_parts,recycle
electronics,702.18,154,defective,acceptable,refurbish
electronics,755.64,3,defective,for_parts,recycle
clothing,189.11,169,wrong_size,good,resell_as_is
clothing,103.35,111,no_longer_needed,like_new,resell_as_is
home,428.41,4,no_longer_needed,acceptable,refurbish
electronics,384.92,198,no_longer_needed,good,peer_exchange
electronics,410.12,26,defective,acceptable,refurbish
home,422.8,14,defective,good,peer_exchange
electronics,55.11,82,better_price_found,for_parts,recycle
electronics,207.28,9,no_longer_needed,acceptable,refurbish
clothing,183.26,43,wrong_size,good,resell_as_is
home,293.22,1,no_longer_needed,like_new,refurbish
clothing,33.21,5,no_longer_needed,like_new,resell_as_is
clothing,92.92,44,wrong_size,acceptable,refurbish
clothing,11.01,20,wrong_size,very_good,peer_exchange
electronics,681.42,28,no_longer_needed,acceptable,refurbish
clothing,132.85,63,not_as_described,good,refurbish
toys,74.36,23,not_as_described,good,peer_exchange
clothing,157.26,11,not_as_described,very_good,resell_as_is
toys,65.48,4,no_longer_needed,like_new,resell_as_is
clothing,89.28,25,not_as_described,very_good,recycle
electronics,640.45,32,better_price_found,acceptable,donate
books,15.15,3,no_longer_needed,like_new,peer_exchange
electronics,32.97,173,no_longer_needed,like_new,resell_as_is
clothing,154.61,101,not_as_described,good,refurbish
electronics,457.37,43,defective,good,refurbish
clothing,151.19,17,defective,good,refurbish
clothing,49.33,1,wrong_size,acceptable,refurbish
home,474.94,45,not_as_described,acceptable,refurbish
electronics,707.8,46,no_longer_needed,good,refurbish
clothing,147.79,8,wrong_size,good,refurbish
clothing,163.37,5,no_longer_needed,good,refurbish
electronics,654.54,17,not_as_described,acceptable,refurbish
electronics,726.81,55,better_price_found,acceptable,refurbish
clothing,197.59,115,wrong_size,acceptable,refurbish
home,18.02,2,no_longer_needed,very_good,refurbish
books,26.18,58,better_price_found,very_good,resell_as_is
toys,52.37,51,no_longer_needed,like_new,resell_as_is
clothing,83.75,19,wrong_size,very_good,peer_exchange
books,14.99,36,no_longer_needed,acceptable,donate
electronics,280.37,27,no_longer_needed,good,refurbish
clothing,116.68,69,better_price_found,acceptable,refurbish
books,43.84,94,defective,good,refurbish
books,17.78,151,no_longer_needed,good,peer_exchange
toys,36.43,6,no_longer_needed,like_new,resell_as_is
clothing,84.1,17,not_as_described,good,refurbish
clothing,84.92,11,not_as_described,like_new,resell_as_is
toys,72.37,23,not_as_described,like_new,resell_as_is
clothing,95.11,38,no_longer_needed,good,refurbish
electronics,184.56,30,better_price_found,like_new,resell_as_is
electronics,623.72,20,not_as_described,acceptable,refurbish
toys,44.24,25,defective,good,refurbish
clothing,95.91,1,wrong_size,very_good,refurbish
books,27.89,22,no_longer_needed,for_parts,recycle
toys,18.37,8,defective,acceptable,refurbish
clothing,59.76,80,no_longer_needed,very_good,resell_as_is
clothing,63.23,46,no_longer_needed,acceptable,refurbish
electronics,303.68,10,defective,very_good,resell_as_is
clothing,147.42,16,no_longer_needed,like_new,resell_as_is
home,156.26,70,better_price_found,like_new,resell_as_is
electronics,238.07,9,no_longer_needed,very_good,resell_as_is
electronics,210.17,16,no_longer_needed,for_parts,recycle
home,411.78,39,not_as_described,for_parts,recycle
electronics,568.4,63,no_longer_needed,acceptable,refurbish
clothing,170.75,19,not_as_described,acceptable,refurbish
toys,59.29,40,no_longer_needed,good,refurbish
clothing,102.54,28,wrong_size,good,refurbish
toys,55.6,88,no_longer_needed,very_good,refurbish
clothing,114.38,45,no_longer_needed,good,refurbish
home,499.92,120,defective,for_parts,recycle
home,471.56,15,better_price_found,for_parts,recycle
books,16.91,32,no_longer_needed,like_new,peer_exchange
electronics,460.55,7,defective,good,refurbish
clothing,32.63,48,no_longer_needed,very_good,resell_as_is
clothing,189.19,6,wrong_size,like_new,resell_as_is
toys,83.67,76,defective,very_good,resell_as_is
home,242.14,64,defective,acceptable,refurbish
clothing,96.9,104,wrong_size,like_new,resell_as_is
electronics,416.13,68,better_price_found,acceptable,refurbish
books,45.15,75,defective,very_good,resell_as_is
toys,50.7,87,better_price_found,good,peer_exchange
home,345.16,33,wrong_size,acceptable,refurbish
clothing,191.23,46,wrong_size,very_good,resell_as_is
home,215.98,97,no_longer_needed,acceptable,refurbish
home,485.8,39,no_longer_needed,for_parts,peer_exchange
clothing,186.58,86,defective,for_parts,recycle
electronics,119.79,30,better_price_found,acceptable,donate
books,6.7,93,defective,acceptable,donate
electronics,260.85,12,no_longer_needed,good,refurbish
toys,41.84,20,no_longer_needed,very_good,resell_as_is
clothing,15.77,60,no_longer_needed,very_good,peer_exchange
electronics,177.92,76,defective,like_new,resell_as_is
electronics,407.41,63,defective,acceptable,refurbish
electronics,732.19,70,not_as_described,very_good,resell_as_is
clothing,74.97,105,no_longer_needed,for_parts,recycle
electronics,269.69,13,defective,acceptable,refurbish
toys,72.08,49,no_longer_needed,acceptable,donate
clothing,110.16,71,no_longer_needed,good,refurbish
home,265.97,220,not_as_described,very_good,resell_as_is
clothing,63.86,11,defective,acceptable,refurbish
clothing,153.97,6,no_longer_needed,acceptable,refurbish
electronics,92.29,16,no_longer_needed,for_parts,recycle
clothing,190.63,106,not_as_described,like_new,resell_as_is
clothing,75.98,30,better_price_found,acceptable,refurbish
clothing,74.13,8,defective,very_good,resell_as_is
electronics,288.32,3,wrong_size,acceptable,refurbish
clothing,107.62,78,no_longer_needed,for_parts,recycle
home,495.71,2,not_as_described,good,refurbish
electronics,486.92,134,defective,like_new,resell_as_is
books,36.38,31,better_price_found,for_parts,recycle
clothing,120.87,7,wrong_size,acceptable,resell_as_is
clothing,42.4,21,wrong_size,good,refurbish
clothing,80.43,6,no_longer_needed,very_good,resell_as_is
clothing,47.84,2,no_longer_needed,good,refurbish
home,31.08,87,not_as_described,good,refurbish
clothing,21.74,79,no_longer_needed,good,peer_exchange
clothing,132.39,129,not_as_described,acceptable,refurbish
electronics,333.64,35,not_as_described,like_new,resell_as_is
electronics,649.12,198,defective,good,refurbish
clothing,39.98,81,not_as_described,good,refurbish
toys,87.26,21,defective,acceptable,refurbish
clothing,87.85,116,wrong_size,for_parts,recycle
home,194.87,54,no_longer_needed,good,refurbish
clothing,22.05,120,no_longer_needed,very_good,peer_exchange
home,249.35,26,not_as_described,good,refurbish
clothing,48.59,74,not_as_described,for_parts,recycle
electronics,422.43,10,not_as_described,very_good,resell_as_is
home,237.15,24,no_longer_needed,acceptable,refurbish
books,22.62,41,not_as_described,good,peer_exchange
clothing,198.05,85,no_longer_needed,good,refurbish
clothing,19.32,42,not_as_described,good,peer_exchange
clothing,26.31,34,not_as_described,for_parts,recycle
home,413.97,25,better_price_found,very_good,resell_as_is
electronics,514.66,94,defective,like_new,donate
toys,49.06,23,not_as_described,very_good,resell_as_is
electronics,700.19,26,not_as_described,like_new,resell_as_is
electronics,711.83,12,no_longer_needed,very_good,resell_as_is
electronics,247.42,5,defective,like_new,donate
clothing,118.82,43,not_as_described,very_good,resell_as_is
home,202.94,215,not_as_described,good,refurbish
books,25.32,172,no_longer_needed,acceptable,refurbish
home,33.29,20,no_longer_needed,very_good,resell_as_is
toys,24.3,33,defective,very_good,peer_exchange
electronics,396.47,229,defective,acceptable,refurbish
clothing,73.89,9,not_as_described,good,refurbish
clothing,134.16,11,not_as_described,like_new,resell_as_is
home,429.83,101,not_as_described,acceptable,refurbish
clothing,146.91,127,not_as_described,for_parts,recycle
toys,28.39,45,no_longer_needed,acceptable,refurbish
toys,15.42,3,better_price_found,acceptable,refurbish
books,11.19,7,better_price_found,good,peer_exchange
toys,68.09,60,not_as_described,like_new,resell_as_is
books,29.51,4,not_as_described,like_new,peer_exchange
clothing,98.64,48,wrong_size,acceptable,refurbish
home,204.57,5,defective,for_parts,recycle
electronics,247.1,127,defective,good,refurbish
toys,99.99,40,no_longer_needed,very_good,resell_as_is
home,153.87,16,better_price_found,very_good,resell_as_is
home,451.62,36,no_longer_needed,very_good,resell_as_is
clothing,104.37,19,wrong_size,very_good,resell_as_is
electronics,322.55,29,not_as_described,good,refurbish
clothing,181.45,3,wrong_size,for_parts,recycle
clothing,75.38,7,no_longer_needed,very_good,resell_as_is
electronics,552.04,215,not_as_described,very_good,resell_as_is
clothing,33.81,103,wrong_size,acceptable,refurbish
clothing,178.51,34,wrong_size,very_good,resell_as_is
clothing,176.66,22,better_price_found,good,refurbish
clothing,139.54,132,wrong_size,good,refurbish
clothing,87.63,22,wrong_size,good,refurbish
clothing,98.23,222,no_longer_needed,acceptable,refurbish
home,239.63,55,not_as_described,like_new,resell_as_is
home,306.29,50,no_longer_needed,good,refurbish
electronics,318.81,50,not_as_described,good,refurbish
books,18.44,61,better_price_found,very_good,peer_exchange
toys,69.76,6,not_as_described,very_good,resell_as_is
toys,47.82,136,defective,like_new,resell_as_is
toys,59.74,237,no_longer_needed,very_good,resell_as_is
electronics,274.89,36,defective,good,refurbish
clothing,140.4,5,better_price_found,good,refurbish
clothing,69.57,141,wrong_size,like_new,resell_as_is
clothing,146.29,35,wrong_size,acceptable,peer_exchange
electronics,684.34,74,not_as_described,for_parts,recycle
electronics,592.1,85,defective,acceptable,refurbish
toys,18.91,56,defective,very_good,peer_exchange
clothing,31.45,22,wrong_size,good,refurbish
clothing,96.72,17,wrong_size,acceptable,refurbish
electronics,791.71,62,defective,acceptable,refurbish
clothing,178.26,2,better_price_found,like_new,resell_as_is
clothing,17.47,159,wrong_size,acceptable,refurbish
home,138.3,53,no_longer_needed,good,refurbish
electronics,156.35,110,not_as_described,good,refurbish
clothing,127.81,5,wrong_size,very_good,resell_as_is
home,160.22,3,defective,very_good,resell_as_is
electronics,396.22,58,better_price_found,very_good,resell_as_is
electronics,301.13,63,no_longer_needed,very_good,resell_as_is
clothing,36.83,101,wrong_size,acceptable,donate
home,171.35,32,no_longer_needed,very_good,resell_as_is
clothing,154.43,43,defective,good,refurbish
home,425.38,116,defective,acceptable,refurbish
electronics,234.86,21,no_longer_needed,acceptable,recycle
clothing,123.14,47,not_as_described,for_parts,recycle
home,460.4,47,not_as_described,good,refurbish
home,377.98,82,better_price_found,acceptable,refurbish
clothing,132.39,206,no_longer_needed,acceptable,refurbish
clothing,114.14,4,defective,like_new,resell_as_is
books,12.83,17,better_price_found,good,peer_exchange
clothing,51.47,17,better_price_found,acceptable,donate
home,152.48,18,defective,very_good,resell_as_is
toys,41.22,8,defective,for_parts,recycle
clothing,179.24,43,defective,for_parts,recycle
clothing,120.52,227,better_price_found,acceptable,refurbish
books,23.87,62,not_as_described,good,peer_exchange
home,215.81,31,no_longer_needed,good,refurbish
books,11.16,40,better_price_found,acceptable,donate
books,18.96,12,not_as_described,very_good,refurbish
electronics,693.81,5,no_longer_needed,very_good,resell_as_is
electronics,472.59,1,no_longer_needed,like_new,resell_as_is
books,45.3,27,no_longer_needed,acceptable,refurbish
home,426.18,137,no_longer_needed,very_good,resell_as_is
clothing,19.62,60,no_longer_needed,good,peer_exchange
clothing,57.97,29,no_longer_needed,like_new,resell_as_is
electronics,177.28,28,defective,acceptable,refurbish
electronics,716.02,16,wrong_size,acceptable,refurbish
clothing,10.51,231,no_longer_needed,for_parts,recycle
home,377.17,98,no_longer_needed,good,refurbish
electronics,161.04,105,defective,very_good,donate
electronics,468.27,55,no_longer_needed,acceptable,refurbish
clothing,156.75,26,wrong_size,acceptable,refurbish
clothing,198.16,24,wrong_size,good,refurbish
home,19.57,1,no_longer_needed,acceptable,refurbish
clothing,192.61,38,wrong_size,for_parts,recycle
clothing,28.51,37,no_longer_needed,acceptable,refurbish
home,185.12,80,defective,very_good,resell_as_is
clothing,49.13,6,wrong_size,like_new,resell_as_is
toys,80.42,3,not_as_described,very_good,peer_exchange
clothing,82.46,58,not_as_described,like_new,refurbish
toys,27.38,22,not_as_described,good,peer_exchange
electronics,630.68,14,no_longer_needed,acceptable,refurbish
clothing,72.46,89,wrong_size,like_new,resell_as_is
clothing,118.46,151,wrong_size,good,refurbish
books,20.36,31,no_longer_needed,very_good,peer_exchange
clothing,47.5,108,defective,very_good,resell_as_is
electronics,768.98,320,better_price_found,good,refurbish
books,18.49,53,better_price_found,very_good,peer_exchange
home,234.55,41,not_as_described,good,refurbish
home,335.62,219,defective,like_new,resell_as_is
clothing,48.95,38,not_as_described,like_new,resell_as_is
toys,32.68,90,not_as_described,good,refurbish
clothing,159.61,7,better_price_found,very_good,resell_as_is
electronics,653.5,53,better_price_found,good,refurbish
books,17.66,21,defective,very_good,peer_exchange
clothing,80.04,52,wrong_size,good,refurbish
toys,10.4,144,no_longer_needed,acceptable,donate
electronics,758.89,35,not_as_described,for_parts,recycle
electronics,477.79,49,no_longer_needed,for_parts,recycle
home,225.73,92,defective,good,recycle
electronics,768.84,49,not_as_described,for_parts,recycle
home,37.64,74,defective,acceptable,refurbish
clothing,176.84,40,not_as_described,good,refurbish
toys,95.15,36,no_longer_needed,like_new,resell_as_is
clothing,48.49,52,not_as_described,good,refurbish
home,169.97,39,defective,good,refurbish
electronics,260.38,20,better_price_found,good,refurbish
toys,24.76,166,no_longer_needed,acceptable,refurbish
clothing,46.89,64,wrong_size,acceptable,refurbish
clothing,63.41,83,better_price_found,for_parts,recycle
clothing,137.71,58,wrong_size,acceptable,refurbish
home,147.45,45,not_as_described,for_parts,recycle
toys,31.46,88,no_longer_needed,acceptable,refurbish
home,335.44,253,defective,like_new,resell_as_is
electronics,549.92,24,defective,acceptable,recycle
electronics,732.58,59,better_price_found,good,refurbish
clothing,20.22,11,not_as_described,very_good,peer_exchange
electronics,390.17,44,better_price_found,like_new,resell_as_is
clothing,31.52,70,not_as_described,good,refurbish
clothing,74.47,11,not_as_described,very_good,resell_as_is
electronics,38.12,13,defective,good,refurbish
books,26.34,59,not_as_described,good,peer_exchange
clothing,73.88,99,no_longer_needed,good,refurbish
home,41.82,50,no_longer_needed,good,refurbish
clothing,22.44,61,no_longer_needed,acceptable,refurbish
clothing,31.95,109,not_as_described,for_parts,recycle
home,179.87,10,no_longer_needed,good,refurbish
toys,99.39,159,better_price_found,very_good,resell_as_is
electronics,553.68,48,no_longer_needed,good,refurbish
clothing,29.97,6,defective,good,peer_exchange
electronics,536.02,68,defective,like_new,resell_as_is
electronics,194.27,18,defective,good,resell_as_is
home,389.6,28,not_as_described,acceptable,refurbish
books,29.36,114,better_price_found,very_good,peer_exchange
toys,39.7,29,better_price_found,for_parts,recycle
electronics,20.86,35,not_as_described,very_good,refurbish
clothing,59.99,118,not_as_described,acceptable,refurbish
clothing,100.74,229,no_longer_needed,acceptable,refurbish
clothing,179.98,98,not_as_described,very_good,resell_as_is
clothing,66.25,19,wrong_size,like_new,resell_as_is
electronics,713.12,15,no_longer_needed,acceptable,refurbish
books,20.29,256,no_longer_needed,for_parts,recycle
electronics,632.23,93,defective,acceptable,refurbish
electronics,650.96,21,defective,for_parts,recycle
clothing,105.78,67,no_longer_needed,good,refurbish
electronics,319.59,53,not_as_described,very_good,resell_as_is
electronics,107.58,16,no_longer_needed,like_new,resell_as_is
toys,22.69,31,defective,good,peer_exchange
books,6.61,261,better_price_found,good,peer_exchange
clothing,13.5,81,defective,very_good,peer_exchange
clothing,142.99,58,wrong_size,very_good,resell_as_is
home,362.15,58,defective,like_new,resell_as_is
toys,56.27,126,defective,acceptable,refurbish
clothing,65.66,75,defective,good,refurbish
clothing,44.1,49,wrong_size,very_good,resell_as_is
clothing,121.81,1,better_price_found,acceptable,refurbish
toys,88.02,28,defective,very_good,resell_as_is
home,280.83,114,not_as_described,acceptable,refurbish
home,325.11,86,no_longer_needed,very_good,resell_as_is
electronics,603.31,19,not_as_described,acceptable,refurbish
clothing,133.72,223,wrong_size,acceptable,refurbish
clothing,89.18,77,better_price_found,like_new,resell_as_is
clothing,181.36,20,not_as_described,very_good,resell_as_is
electronics,201.62,68,no_longer_needed,for_parts,recycle
clothing,179.45,2,no_longer_needed,good,refurbish
clothing,129.15,66,not_as_described,good,refurbish
home,391.37,94,better_price_found,very_good,resell_as_is
toys,41.81,91,not_as_described,very_good,resell_as_is
books,18.82,21,no_longer_needed,very_good,peer_exchange
electronics,749.22,26,not_as_described,good,refurbish
clothing,117.1,87,wrong_size,like_new,resell_as_is
clothing,64.54,38,not_as_described,for_parts,recycle
clothing,14.28,23,wrong_size,good,peer_exchange
home,424.96,21,not_as_described,very_good,resell_as_is
home,52.61,22,defective,for_parts,recycle
clothing,70.4,39,better_price_found,very_good,resell_as_is
clothing,42.17,81,wrong_size,good,refurbish
electronics,522.32,46,defective,like_new,resell_as_is
clothing,93.12,61,wrong_size,good,refurbish
electronics,307.4,20,not_as_described,good,refurbish
electronics,588.49,70,not_as_described,good,refurbish
clothing,70.82,78,not_as_described,acceptable,refurbish
clothing,70.91,31,no_longer_needed,good,refurbish
electronics,543.29,70,no_longer_needed,like_new,resell_as_is
clothing,167.03,237,defective,good,recycle
home,101.4,86,not_as_described,acceptable,refurbish
books,29.46,94,no_longer_needed,very_good,peer_exchange
toys,79.08,19,not_as_described,very_good,resell_as_is
toys,47.89,28,defective,acceptable,refurbish
clothing,127.16,191,defective,good,refurbish
electronics,254.09,73,better_price_found,good,refurbish
clothing,103.1,10,wrong_size,good,refurbish
clothing,62.49,57,not_as_described,good,peer_exchange
electronics,69.36,18,defective,acceptable,refurbish
electronics,149.14,10,defective,very_good,resell_as_is
electronics,414.52,13,not_as_described,acceptable,refurbish
electronics,714.1,59,defective,good,refurbish
clothing,50.31,293,not_as_described,like_new,resell_as_is
electronics,654.25,39,defective,very_good,resell_as_is
home,17.26,110,defective,very_good,peer_exchange
electronics,413.13,21,defective,very_good,resell_as_is
electronics,423.49,39,better_price_found,for_parts,recycle
home,223.89,9,better_price_found,acceptable,refurbish
electronics,545.95,142,defective,good,refurbish
toys,72.28,39,not_as_described,very_good,resell_as_is
home,262.79,16,no_longer_needed,good,refurbish
home,201.25,160,not_as_described,acceptable,refurbish
clothing,59.04,155,wrong_size,like_new,resell_as_is
books,17.69,41,no_longer_needed,like_new,peer_exchange
home,468.24,1,better_price_found,acceptable,refurbish
clothing,73.0,32,not_as_described,for_parts,recycle
toys,29.42,113,no_longer_needed,acceptable,refurbish
electronics,584.86,327,not_as_described,good,refurbish
clothing,126.38,8,wrong_size,very_good,resell_as_is
clothing,115.35,20,wrong_size,good,refurbish
clothing,71.08,51,no_longer_needed,good,refurbish
toys,51.34,90,wrong_size,acceptable,peer_exchange
books,42.33,111,no_longer_needed,very_good,resell_as_is
clothing,71.71,34,no_longer_needed,good,refurbish
clothing,127.32,6,better_price_found,good,refurbish
home,402.65,3,better_price_found,acceptable,refurbish
clothing,161.3,52,not_as_described,acceptable,refurbish
electronics,265.32,59,better_price_found,for_parts,recycle
clothing,99.94,35,defective,like_new,resell_as_is
electronics,501.47,32,defective,good,refurbish
home,96.02,4,no_longer_needed,very_good,resell_as_is
electronics,212.74,11,defective,very_good,resell_as_is
clothing,129.72,25,not_as_described,for_parts,recycle
electronics,677.2,32,no_longer_needed,good,donate
clothing,190.97,24,not_as_described,good,refurbish
clothing,102.09,43,wrong_size,very_good,resell_as_is
toys,60.38,38,defective,for_parts,recycle
toys,23.53,30,not_as_described,very_good,resell_as_is
books,41.97,15,defective,good,refurbish
electronics,725.28,10,defective,very_good,resell_as_is
books,23.57,13,not_as_described,good,resell_as_is
electronics,39.02,357,not_as_described,acceptable,refurbish
books,9.67,45,no_longer_needed,good,peer_exchange
electronics,544.81,3,better_price_found,like_new,resell_as_is
home,50.37,141,not_as_described,for_parts,donate
electronics,334.1,36,not_as_described,very_good,resell_as_is
books,20.1,40,no_longer_needed,good,peer_exchange
books,40.87,54,no_longer_needed,for_parts,recycle
home,263.03,46,not_as_described,good,refurbish
toys,12.17,16,defective,acceptable,donate
clothing,99.14,116,defective,good,donate
electronics,595.97,86,no_longer_needed,very_good,resell_as_is
clothing,10.56,1,wrong_size,for_parts,recycle
clothing,125.35,4,wrong_size,like_new,resell_as_is
toys,28.57,40,defective,acceptable,refurbish
clothing,120.46,40,wrong_size,good,refurbish
electronics,587.88,104,defective,for_parts,recycle
clothing,117.8,103,defective,good,refurbish
home,328.68,12,no_longer_needed,very_good,resell_as_is
books,10.57,27,no_longer_needed,acceptable,donate
clothing,104.87,113,no_longer_needed,good,refurbish
clothing,186.09,57,no_longer_needed,like_new,resell_as_is
clothing,99.69,69,no_longer_needed,for_parts,recycle
clothing,67.28,33,defective,acceptable,refurbish
clothing,198.54,51,no_longer_needed,like_new,resell_as_is
electronics,287.94,83,defective,very_good,resell_as_is
clothing,98.11,76,not_as_described,for_parts,recycle
clothing,86.02,8,wrong_size,very_good,resell_as_is
electronics,226.95,68,not_as_described,like_new,resell_as_is
electronics,67.9,22,defective,like_new,resell_as_is
books,23.11,22,better_price_found,like_new,peer_exchange
clothing,82.53,32,not_as_described,good,refurbish
electronics,610.97,4,not_as_described,very_good,resell_as_is
home,239.48,183,no_longer_needed,for_parts,recycle
electronics,500.72,236,defective,acceptable,refurbish
clothing,26.09,25,no_longer_needed,like_new,peer_exchange
home,475.05,17,defective,very_good,resell_as_is
home,499.35,45,defective,acceptable,refurbish
electronics,492.11,15,not_as_described,very_good,resell_as_is
clothing,95.32,17,wrong_size,good,refurbish
clothing,158.38,2,wrong_size,like_new,resell_as_is
books,21.81,56,better_price_found,very_good,peer_exchange
electronics,292.26,83,no_longer_needed,acceptable,donate
home,124.66,7,better_price_found,like_new,resell_as_is
clothing,46.1,16,wrong_size,for_parts,recycle
toys,38.01,104,better_price_found,good,refurbish
clothing,82.76,49,no_longer_needed,good,recycle
toys,45.87,33,defective,for_parts,resell_as_is
home,441.64,51,no_longer_needed,acceptable,donate
clothing,43.73,39,no_longer_needed,acceptable,refurbish
clothing,139.49,34,better_price_found,for_parts,recycle
clothing,119.54,61,defective,good,refurbish
clothing,70.88,61,defective,for_parts,recycle
electronics,352.78,65,not_as_described,very_good,resell_as_is
clothing,189.39,2,wrong_size,very_good,resell_as_is
clothing,126.67,1,not_as_described,very_good,resell_as_is
home,264.2,182,no_longer_needed,acceptable,refurbish
books,8.18,15,no_longer_needed,very_good,peer_exchange
clothing,97.99,104,defective,acceptable,refurbish
home,295.33,16,no_longer_needed,acceptable,refurbish
electronics,612.88,97,not_as_described,good,refurbish
clothing,63.72,74,not_as_described,good,refurbish
home,139.18,32,no_longer_needed,like_new,resell_as_is
clothing,84.15,18,not_as_described,very_good,resell_as_is
clothing,173.65,14,no_longer_needed,very_good,resell_as_is
home,253.94,17,no_longer_needed,like_new,resell_as_is
clothing,121.05,49,not_as_described,like_new,resell_as_is
electronics,752.23,5,better_price_found,very_good,resell_as_is
clothing,146.8,40,not_as_described,acceptable,refurbish
clothing,169.74,94,better_price_found,like_new,resell_as_is
clothing,141.75,23,wrong_size,very_good,resell_as_is
clothing,40.34,53,wrong_size,very_good,resell_as_is
home,225.05,11,defective,good,refurbish
books,17.07,57,wrong_size,good,peer_exchange
electronics,715.17,7,defective,acceptable,refurbish
electronics,776.1,21,defective,like_new,resell_as_is
toys,9.48,95,no_longer_needed,good,peer_exchange
electronics,406.26,18,no_longer_needed,very_good,resell_as_is
clothing,35.81,3,not_as_described,for_parts,recycle
books,22.53,142,no_longer_needed,like_new,peer_exchange
clothing,68.18,25,no_longer_needed,like_new,resell_as_is
clothing,177.66,4,better_price_found,like_new,resell_as_is
books,19.49,114,better_price_found,like_new,peer_exchange
electronics,618.29,7,no_longer_needed,good,refurbish
clothing,105.3,7,wrong_size,for_parts,recycle
clothing,18.99,130,no_longer_needed,like_new,peer_exchange
electronics,529.49,11,better_price_found,good,refurbish
home,26.88,33,not_as_described,for_parts,recycle
home,300.9,81,defective,for_parts,recycle
clothing,41.22,123,not_as_described,good,refurbish
home,461.09,190,not_as_described,very_good,resell_as_is
toys,25.61,54,defective,acceptable,refurbish
clothing,129.7,8,no_longer_needed,very_good,resell_as_is
electronics,67.35,67,no_longer_needed,like_new,resell_as_is
clothing,188.07,66,not_as_described,very_good,resell_as_is
electronics,549.14,55,defective,like_new,resell_as_is
electronics,446.67,115,no_longer_needed,good,refurbish
clothing,84.03,6,wrong_size,very_good,resell_as_is
home,82.62,34,wrong_size,acceptable,refurbish
clothing,155.95,212,defective,acceptable,refurbish
home,483.08,64,defective,good,refurbish
clothing,128.18,18,defective,very_good,resell_as_is
electronics,63.56,46,not_as_described,for_parts,recycle
home,327.37,82,defective,good,refurbish
home,302.86,206,defective,good,refurbish
clothing,185.41,115,no_longer_needed,good,refurbish
clothing,32.74,178,wrong_size,acceptable,refurbish
clothing,46.84,5,better_price_found,acceptable,refurbish
electronics,441.65,24,defective,acceptable,refurbish
toys,72.97,110,no_longer_needed,good,refurbish
electronics,595.18,25,defective,like_new,resell_as_is
home,28.76,102,not_as_described,very_good,refurbish
home,148.43,12,no_longer_needed,acceptable,refurbish
clothing,153.43,80,wrong_size,very_good,resell_as_is
toys,54.95,50,wrong_size,good,refurbish
electronics,257.65,66,not_as_described,very_good,resell_as_is
books,44.11,36,no_longer_needed,acceptable,refurbish
clothing,77.51,139,wrong_size,acceptable,refurbish
home,344.73,4,defective,good,refurbish
electronics,34.87,23,no_longer_needed,good,recycle
home,369.55,88,defective,good,refurbish
clothing,117.25,86,not_as_described,good,refurbish
clothing,45.65,289,not_as_described,very_good,resell_as_is
electronics,579.88,42,not_as_described,good,refurbish
home,53.68,108,defective,good,refurbish
books,39.43,12,no_longer_needed,acceptable,refurbish
electronics,313.09,151,defective,very_good,resell_as_is
clothing,20.47,61,better_price_found,good,peer_exchange
electronics,535.22,10,no_longer_needed,good,refurbish
clothing,138.47,140,no_longer_needed,for_parts,recycle
clothing,171.34,77,no_longer_needed,very_good,resell_as_is
electronics,183.15,33,defective,like_new,resell_as_is
clothing,24.81,94,wrong_size,good,peer_exchange
clothing,119.07,4,wrong_size,good,refurbish
electronics,773.67,31,better_price_found,good,refurbish
electronics,710.09,6,better_price_found,very_good,resell_as_is
home,434.86,31,wrong_size,acceptable,refurbish
electronics,726.71,90,not_as_described,good,refurbish
clothing,134.42,10,wrong_size,very_good,resell_as_is
books,27.14,53,no_longer_needed,very_good,peer_exchange
home,186.86,21,better_price_found,very_good,resell_as_is
books,41.49,17,better_price_found,for_parts,recycle
clothing,34.88,57,not_as_described,like_new,resell_as_is
clothing,94.75,105,wrong_size,acceptable,refurbish
electronics,794.45,44,not_as_described,good,refurbish
home,371.41,35,not_as_described,very_good,resell_as_is
home,34.89,52,not_as_described,very_good,resell_as_is
electronics,60.19,119,no_longer_needed,very_good,resell_as_is
toys,19.5,40,defective,very_good,refurbish
home,174.92,68,better_price_found,good,refurbish
home,487.81,78,no_longer_needed,acceptable,resell_as_is
clothing,103.18,80,better_price_found,good,refurbish
electronics,159.81,3,no_longer_needed,good,recycle
electronics,331.81,108,defective,acceptable,refurbish
electronics,334.61,93,defective,good,refurbish
home,203.95,38,better_price_found,very_good,resell_as_is
clothing,62.34,1,wrong_size,acceptable,refurbish
electronics,743.06,109,defective,very_good,resell_as_is
home,355.05,31,no_longer_needed,for_parts,recycle
home,196.31,1,better_price_found,acceptable,refurbish
electronics,612.03,67,not_as_described,good,refurbish
electronics,142.44,136,wrong_size,for_parts,refurbish
electronics,192.81,240,no_longer_needed,very_good,resell_as_is
clothing,24.44,64,defective,good,peer_exchange
clothing,50.57,5,not_as_described,good,refurbish
books,49.69,16,not_as_described,for_parts,recycle
books,11.09,21,wrong_size,for_parts,resell_as_is
clothing,171.57,95,wrong_size,acceptable,recycle
toys,81.78,53,better_price_found,good,refurbish
electronics,586.21,84,better_price_found,acceptable,refurbish
electronics,483.36,35,defective,acceptable,refurbish
home,311.22,22,not_as_described,like_new,recycle
electronics,696.24,45,defective,for_parts,recycle
electronics,614.93,39,not_as_described,good,resell_as_is
clothing,177.04,7,not_as_described,good,refurbish
toys,58.08,72,better_price_found,very_good,resell_as_is
electronics,528.45,18,defective,for_parts,recycle
books,48.6,213,no_longer_needed,good,refurbish
electronics,734.63,118,not_as_described,good,recycle
books,27.22,5,no_longer_needed,very_good,peer_exchange
clothing,45.79,36,defective,good,refurbish
electronics,345.6,50,not_as_described,good,refurbish
home,112.57,9,no_longer_needed,good,refurbish
toys,73.3,68,defective,very_good,resell_as_is
home,206.71,4,no_longer_needed,acceptable,refurbish
clothing,59.03,157,no_longer_needed,like_new,resell_as_is
electronics,196.69,5,defective,good,refurbish
electronics,396.01,74,defective,acceptable,refurbish
clothing,85.3,30,wrong_size,like_new,donate
electronics,383.18,36,not_as_described,very_good,resell_as_is
books,34.61,24,not_as_described,good,refurbish
books,19.75,13,better_price_found,good,peer_exchange
electronics,648.98,14,no_longer_needed,good,refurbish
clothing,112.15,16,wrong_size,acceptable,refurbish
home,150.0,31,defective,acceptable,donate
electronics,461.86,40,no_longer_needed,very_good,resell_as_is
electronics,372.35,128,no_longer_needed,acceptable,refurbish
toys,79.06,23,no_longer_needed,for_parts,recycle
electronics,520.11,56,defective,very_good,resell_as_is
toys,23.99,58,no_longer_needed,very_good,peer_exchange
toys,23.03,74,no_longer_needed,for_parts,recycle
books,40.71,21,no_longer_needed,very_good,resell_as_is
books,31.29,22,no_longer_needed,acceptable,refurbish
electronics,472.2,53,no_longer_needed,acceptable,refurbish
electronics,169.47,102,not_as_described,acceptable,refurbish
books,23.95,176,no_longer_needed,very_good,peer_exchange
books,47.72,135,no_longer_needed,good,refurbish
clothing,154.32,26,no_longer_needed,for_parts,recycle
electronics,113.18,4,no_longer_needed,good,refurbish
clothing,23.21,21,wrong_size,good,peer_exchange
toys,64.31,18,not_as_described,very_good,resell_as_is
toys,20.1,51,no_longer_needed,for_parts,recycle
electronics,407.82,30,defective,like_new,resell_as_is
clothing,42.68,28,wrong_size,for_parts,recycle
clothing,34.64,91,wrong_size,for_parts,recycle
clothing,137.64,6,defective,acceptable,resell_as_is
clothing,37.52,157,defective,very_good,resell_as_is
books,46.07,34,no_longer_needed,for_parts,donate
home,117.78,6,not_as_described,good,refurbish
electronics,570.85,77,defective,good,refurbish
clothing,196.05,37,not_as_described,very_good,resell_as_is
books,46.76,24,better_price_found,good,refurbish
electronics,475.85,184,defective,very_good,resell_as_is
clothing,79.91,21,better_price_found,good,refurbish
electronics,262.07,31,defective,good,refurbish
home,295.81,78,no_longer_needed,like_new,resell_as_is
books,42.35,39,no_longer_needed,very_good,resell_as_is
clothing,76.21,8,wrong_size,like_new,resell_as_is
clothing,23.81,51,not_as_described,good,peer_exchange
electronics,717.89,142,not_as_described,for_parts,recycle
clothing,154.29,175,wrong_size,good,refurbish
electronics,162.79,68,no_longer_needed,very_good,resell_as_is
clothing,74.86,111,not_as_described,good,refurbish
home,55.45,25,better_price_found,acceptable,peer_exchange
clothing,109.72,124,wrong_size,for_parts,recycle
books,43.77,4,better_price_found,acceptable,resell_as_is
electronics,448.61,385,no_longer_needed,very_good,resell_as_is
home,87.22,1,no_longer_needed,good,refurbish
electronics,315.35,46,no_longer_needed,acceptable,refurbish
toys,69.84,31,no_longer_needed,good,refurbish
electronics,115.64,186,no_longer_needed,very_good,resell_as_is
toys,92.28,50,no_longer_needed,very_good,peer_exchange
clothing,156.14,3,wrong_size,for_parts,recycle
electronics,610.73,3,not_as_described,acceptable,refurbish
electronics,251.04,51,defective,very_good,resell_as_is
electronics,717.49,25,defective,acceptable,refurbish
home,102.9,46,no_longer_needed,good,refurbish
electronics,98.96,10,better_price_found,good,refurbish
electronics,425.18,41,defective,very_good,resell_as_is
clothing,122.57,152,not_as_described,good,refurbish
home,21.54,10,defective,good,refurbish
clothing,158.92,217,not_as_described,acceptable,refurbish
electronics,669.72,89,defective,good,refurbish
toys,49.6,21,not_as_described,acceptable,refurbish
clothing,60.9,32,not_as_described,good,peer_exchange
home,397.0,9,no_longer_needed,like_new,resell_as_is
electronics,657.56,38,no_longer_needed,good,refurbish
electronics,755.91,79,not_as_described,very_good,resell_as_is
clothing,153.55,13,not_as_described,for_parts,recycle
clothing,38.83,28,wrong_size,good,donate
home,471.82,78,wrong_size,very_good,resell_as_is
toys,63.31,112,defective,good,recycle
toys,81.46,85,no_longer_needed,very_good,resell_as_is
electronics,588.0,91,defective,like_new,resell_as_is
clothing,195.17,68,wrong_size,very_good,resell_as_is
home,127.51,12,defective,acceptable,refurbish
home,436.95,30,wrong_size,like_new,resell_as_is
electronics,245.82,48,defective,like_new,resell_as_is
clothing,187.75,1,wrong_size,acceptable,refurbish
toys,80.37,43,no_longer_needed,acceptable,refurbish
clothing,138.18,62,no_longer_needed,acceptable,refurbish
books,46.61,7,no_longer_needed,good,refurbish
home,77.84,103,wrong_size,good,refurbish
home,269.83,499,better_price_found,very_good,resell_as_is
clothing,148.47,33,wrong_size,good,recycle
home,314.33,6,no_longer_needed,like_new,resell_as_is
electronics,446.96,9,better_price_found,good,refurbish
home,73.86,51,better_price_found,very_good,resell_as_is
electronics,725.36,18,better_price_found,for_parts,recycle
electronics,207.22,19,not_as_described,very_good,refurbish
clothing,44.89,29,not_as_described,very_good,donate
home,261.47,86,not_as_described,for_parts,recycle
home,94.26,129,wrong_size,good,refurbish
home,228.85,54,better_price_found,like_new,resell_as_is
books,15.26,142,no_longer_needed,like_new,refurbish
books,15.79,17,better_price_found,good,peer_exchange
clothing,182.98,59,defective,very_good,resell_as_is
clothing,117.52,55,not_as_described,very_good,resell_as_is
clothing,86.7,4,wrong_size,very_good,resell_as_is
clothing,187.1,84,not_as_described,very_good,resell_as_is
electronics,365.42,77,no_longer_needed,like_new,resell_as_is
clothing,93.39,22,defective,good,refurbish
clothing,189.57,25,no_longer_needed,acceptable,refurbish
clothing,175.27,41,not_as_described,acceptable,refurbish
electronics,780.79,202,defective,good,resell_as_is
clothing,26.31,52,wrong_size,acceptable,resell_as_is
home,287.86,8,defective,good,refurbish
electronics,162.68,77,better_price_found,good,refurbish
clothing,19.45,12,wrong_size,good,peer_exchange
home,306.82,41,no_longer_needed,very_good,resell_as_is
clothing,110.34,174,not_as_described,acceptable,refurbish
books,23.0,72,not_as_described,very_good,peer_exchange
electronics,52.69,19,no_longer_needed,very_good,resell_as_is
home,349.13,68,better_price_found,good,refurbish
clothing,175.74,4,wrong_size,very_good,resell_as_is
clothing,191.66,156,not_as_described,like_new,resell_as_is
electronics,300.59,22,no_longer_needed,like_new,resell_as_is
books,6.46,6,better_price_found,good,peer_exchange
clothing,46.22,28,better_price_found,like_new,resell_as_is
clothing,23.31,31,wrong_size,good,peer_exchange
toys,27.44,61,better_price_found,good,peer_exchange
clothing,29.35,9,no_longer_needed,acceptable,refurbish
clothing,194.08,62,wrong_size,like_new,resell_as_is
home,23.76,2,not_as_described,for_parts,recycle
electronics,88.02,102,no_longer_needed,good,recycle
clothing,173.53,135,no_longer_needed,very_good,resell_as_is
electronics,549.11,26,defective,good,refurbish
home,105.7,49,not_as_described,good,refurbish
clothing,36.66,91,wrong_size,very_good,resell_as_is
electronics,320.16,33,defective,good,peer_exchange
clothing,156.54,29,wrong_size,for_parts,recycle
electronics,229.04,78,defective,good,refurbish
clothing,46.6,76,defective,like_new,resell_as_is
clothing,139.52,80,not_as_described,very_good,resell_as_is
toys,35.79,20,no_longer_needed,for_parts,recycle
clothing,46.9,32,wrong_size,good,peer_exchange
toys,85.35,40,not_as_described,like_new,resell_as_is
clothing,145.16,2,no_longer_needed,good,refurbish
electronics,751.24,31,no_longer_needed,very_good,resell_as_is
toys,67.52,57,not_as_described,very_good,resell_as_is
electronics,224.29,41,defective,acceptable,refurbish
books,13.37,65,no_longer_needed,good,peer_exchange
home,173.83,23,wrong_size,for_parts,recycle
clothing,106.62,36,not_as_described,acceptable,refurbish
electronics,688.79,41,defective,good,refurbish
electronics,240.41,22,no_longer_needed,very_good,resell_as_is
clothing,27.99,11,wrong_size,good,peer_exchange
electronics,286.84,103,better_price_found,acceptable,refurbish
home,233.27,114,not_as_described,acceptable,refurbish
clothing,134.73,21,wrong_size,acceptable,refurbish
home,336.82,123,not_as_described,for_parts,recycle
electronics,578.03,72,not_as_described,very_good,peer_exchange
toys,76.07,108,no_longer_needed,very_good,resell_as_is
clothing,81.01,26,wrong_size,good,refurbish
clothing,32.08,148,no_longer_needed,like_new,peer_exchange
clothing,70.62,110,wrong_size,good,refurbish
clothing,73.01,173,wrong_size,acceptable,refurbish
electronics,537.22,84,not_as_described,good,refurbish
clothing,144.46,56,wrong_size,for_parts,recycle
electronics,702.59,19,not_as_described,acceptable,refurbish
clothing,95.57,86,defective,good,refurbish
home,270.84,38,defective,like_new,resell_as_is
electronics,235.96,57,no_longer_needed,acceptable,refurbish
toys,13.12,31,better_price_found,good,peer_exchange
electronics,413.41,154,defective,for_parts,refurbish
books,26.99,26,not_as_described,very_good,peer_exchange
books,47.31,110,no_longer_needed,good,refurbish
electronics,435.61,31,not_as_described,very_good,resell_as_is
clothing,71.21,51,wrong_size,like_new,resell_as_is
electronics,97.93,124,no_longer_needed,very_good,resell_as_is
clothing,56.45,39,better_price_found,good,refurbish
electronics,51.31,47,defective,like_new,resell_as_is
electronics,29.87,22,not_as_described,good,refurbish
books,18.39,64,no_longer_needed,very_good,peer_exchange
home,276.03,12,defective,very_good,resell_as_is
electronics,382.0,37,better_price_found,very_good,resell_as_is
home,204.2,45,defective,acceptable,refurbish
clothing,157.39,32,defective,good,refurbish
home,465.46,29,not_as_described,very_good,recycle
toys,49.99,9,no_longer_needed,acceptable,refurbish
toys,90.65,39,defective,acceptable,refurbish
home,164.8,25,not_as_described,like_new,resell_as_is
books,48.05,13,better_price_found,like_new,resell_as_is
clothing,117.11,27,no_longer_needed,very_good,resell_as_is
electronics,466.82,14,defective,good,refurbish
electronics,641.22,103,better_price_found,for_parts,recycle
clothing,129.82,126,wrong_size,good,refurbish
clothing,103.31,72,defective,acceptable,refurbish
electronics,321.78,248,defective,for_parts,recycle
home,194.62,25,no_longer_needed,very_good,resell_as_is
books,14.48,106,no_longer_needed,good,peer_exchange
home,285.79,73,not_as_described,acceptable,refurbish
home,201.93,72,wrong_size,very_good,resell_as_is
clothing,104.87,18,defective,acceptable,refurbish
clothing,137.98,31,wrong_size,very_good,resell_as_is
electronics,35.24,86,defective,acceptable,refurbish
clothing,22.31,9,no_longer_needed,good,peer_exchange
clothing,109.02,17,better_price_found,very_good,resell_as_is
toys,31.7,120,no_longer_needed,very_good,resell_as_is
home,304.84,18,better_price_found,acceptable,refurbish
clothing,34.36,155,not_as_described,good,refurbish
clothing,58.46,57,no_longer_needed,for_parts,recycle
home,339.08,166,no_longer_needed,very_good,resell_as_is
clothing,58.45,20,no_longer_needed,good,refurbish
electronics,230.72,129,not_as_described,good,refurbish
clothing,93.72,11,better_price_found,good,refurbish
clothing,72.35,10,wrong_size,good,refurbish
home,135.27,149,not_as_described,very_good,resell_as_is
toys,51.99,125,defective,for_parts,recycle
toys,87.68,65,no_longer_needed,very_good,resell_as_is
clothing,73.49,43,better_price_found,like_new,resell_as_is
clothing,192.63,219,not_as_described,good,refurbish
electronics,458.58,2,better_price_found,very_good,resell_as_is
clothing,179.79,517,wrong_size,acceptable,refurbish
electronics,336.24,378,defective,very_good,resell_as_is
books,20.25,22,no_longer_needed,very_good,peer_exchange
electronics,257.71,22,no_longer_needed,very_good,resell_as_is
toys,15.46,31,not_as_described,very_good,peer_exchange
clothing,36.87,20,no_longer_needed,very_good,resell_as_is
electronics,291.44,62,defective,good,refurbish
clothing,111.07,32,not_as_described,for_parts,recycle
toys,21.71,8,no_longer_needed,very_good,peer_exchange
home,274.4,1,not_as_described,like_new,resell_as_is
home,492.16,130,not_as_described,acceptable,refurbish
clothing,80.42,69,not_as_described,good,refurbish
home,54.45,78,no_longer_needed,good,refurbish
clothing,33.39,21,defective,good,refurbish
electronics,494.08,69,defective,like_new,resell_as_is
toys,69.88,153,no_longer_needed,for_parts,recycle
clothing,124.23,1,wrong_size,like_new,resell_as_is
clothing,112.55,97,no_longer_needed,for_parts,recycle
clothing,68.53,25,wrong_size,very_good,donate
clothing,80.61,34,no_longer_needed,for_parts,recycle
home,281.31,29,no_longer_needed,acceptable,refurbish
home,86.9,75,better_price_found,for_parts,recycle
books,31.61,8,better_price_found,good,refurbish
clothing,147.08,17,not_as_described,for_parts,recycle
clothing,69.66,30,no_longer_needed,acceptable,resell_as_is
electronics,459.4,76,defective,good,refurbish
home,276.97,59,defective,like_new,resell_as_is
electronics,408.98,71,no_longer_needed,like_new,resell_as_is
clothing,139.0,10,not_as_described,acceptable,refurbish
books,25.37,104,better_price_found,very_good,peer_exchange
electronics,125.73,60,defective,good,refurbish
clothing,142.44,97,no_longer_needed,good,refurbish
clothing,83.66,16,not_as_described,like_new,resell_as_is
books,49.97,153,defective,very_good,resell_as_is
clothing,18.73,166,wrong_size,very_good,peer_exchange
toys,50.81,41,no_longer_needed,good,refurbish
home,303.75,40,defective,like_new,resell_as_is
home,333.89,136,no_longer_needed,like_new,resell_as_is
home,416.59,112,not_as_described,very_good,resell_as_is
clothing,76.44,5,better_price_found,very_good,resell_as_is
toys,97.16,61,no_longer_needed,very_good,resell_as_is
clothing,30.28,21,wrong_size,acceptable,refurbish
clothing,24.55,114,no_longer_needed,good,peer_exchange
electronics,319.89,143,defective,acceptable,recycle
books,25.02,73,defective,good,peer_exchange
books,24.75,141,no_longer_needed,acceptable,refurbish
electronics,608.4,63,no_longer_needed,very_good,resell_as_is
clothing,22.94,14,better_price_found,very_good,peer_exchange
home,307.04,83,no_longer_needed,very_good,resell_as_is
electronics,217.76,261,no_longer_needed,acceptable,refurbish
electronics,681.87,10,no_longer_needed,good,refurbish
clothing,63.98,113,wrong_size,acceptable,refurbish
books,42.76,93,no_longer_needed,like_new,resell_as_is
clothing,18.29,4,wrong_size,very_good,peer_exchange
electronics,787.24,20,defective,very_good,resell_as_is
electronics,92.98,7,no_longer_needed,very_good,resell_as_is
toys,26.4,5,not_as_described,very_good,peer_exchange
clothing,137.23,17,no_longer_needed,very_good,resell_as_is
clothing,148.08,114,not_as_described,acceptable,refurbish
clothing,160.87,17,no_longer_needed,like_new,resell_as_is
toys,49.99,33,no_longer_needed,acceptable,refurbish
electronics,411.63,33,not_as_described,acceptable,refurbish
clothing,58.14,37,wrong_size,very_good,resell_as_is
home,21.14,126,not_as_described,good,refurbish
clothing,138.91,11,better_price_found,acceptable,refurbish
electronics,695.13,5,defective,good,refurbish
clothing,112.39,37,wrong_size,acceptable,refurbish
home,434.67,47,no_longer_needed,like_new,resell_as_is
clothing,44.73,61,wrong_size,acceptable,refurbish
clothing,179.68,106,no_longer_needed,acceptable,refurbish
clothing,90.29,63,wrong_size,acceptable,refurbish
electronics,37.52,10,no_longer_needed,like_new,resell_as_is
electronics,357.39,56,no_longer_needed,good,refurbish
clothing,173.26,298,wrong_size,very_good,resell_as_is
electronics,460.02,70,defective,good,refurbish
clothing,150.37,11,not_as_described,good,refurbish
clothing,125.23,38,not_as_described,acceptable,refurbish
electronics,540.05,89,not_as_described,very_good,resell_as_is
clothing,103.13,103,wrong_size,good,refurbish
toys,94.95,43,not_as_described,good,refurbish
electronics,155.83,143,defective,very_good,resell_as_is
clothing,65.18,155,wrong_size,good,refurbish
books,8.49,19,no_longer_needed,good,peer_exchange
clothing,193.59,2,wrong_size,like_new,resell_as_is
electronics,374.13,118,defective,very_good,resell_as_is
clothing,148.22,1,no_longer_needed,acceptable,refurbish
books,22.15,72,no_longer_needed,like_new,resell_as_is
electronics,124.47,11,not_as_described,for_parts,recycle
home,190.32,101,not_as_described,good,refurbish
home,436.07,45,defective,for_parts,recycle
electronics,597.24,35,no_longer_needed,very_good,resell_as_is
clothing,199.48,73,better_price_found,acceptable,refurbish
electronics,31.71,6,not_as_described,good,refurbish
electronics,559.83,14,better_price_found,like_new,resell_as_is
clothing,51.51,42,wrong_size,like_new,resell_as_is
books,30.86,16,no_longer_needed,good,recycle
toys,79.49,131,no_longer_needed,very_good,resell_as_is
electronics,767.39,34,defective,acceptable,refurbish
home,36.74,220,no_longer_needed,like_new,resell_as_is
clothing,64.46,195,no_longer_needed,acceptable,refurbish
clothing,42.83,36,better_price_found,good,refurbish
home,113.36,4,defective,acceptable,refurbish
toys,41.72,7,better_price_found,good,refurbish
electronics,300.29,55,not_as_described,acceptable,refurbish
home,165.41,210,better_price_found,good,refurbish
clothing,149.69,40,better_price_found,acceptable,refurbish
home,249.95,11,not_as_described,acceptable,resell_as_is
electronics,626.13,63,better_price_found,like_new,resell_as_is
toys,76.42,25,defective,for_parts,recycle
home,376.53,43,not_as_described,good,refurbish
clothing,63.27,19,not_as_described,for_parts,recycle
electronics,578.22,1,no_longer_needed,very_good,resell_as_is
home,399.47,12,not_as_described,very_good,resell_as_is
electronics,503.0,122,defective,very_good,resell_as_is
toys,98.68,8,defective,like_new,resell_as_is
home,332.44,19,defective,like_new,resell_as_is
electronics,89.2,27,defective,good,refurbish
toys,38.87,39,no_longer_needed,acceptable,refurbish
clothing,90.47,10,wrong_size,acceptable,refurbish
books,28.81,20,no_longer_needed,good,peer_exchange
clothing,58.39,35,no_longer_needed,acceptable,refurbish
books,19.86,54,better_price_found,acceptable,refurbish
clothing,65.23,72,not_as_described,good,refurbish
books,41.9,8,no_longer_needed,very_good,resell_as_is
clothing,102.25,7,not_as_described,very_good,resell_as_is
books,8.87,31,not_as_described,good,peer_exchange
electronics,547.52,6,not_as_described,good,refurbish
home,217.43,86,not_as_described,very_good,resell_as_is
electronics,582.05,11,no_longer_needed,good,refurbish
clothing,137.48,1,wrong_size,very_good,resell_as_is
clothing,106.33,66,defective,good,refurbish
books,36.58,40,no_longer_needed,good,refurbish
clothing,52.1,95,no_longer_needed,very_good,resell_as_is
clothing,40.9,118,wrong_size,good,peer_exchange
books,9.37,29,better_price_found,good,peer_exchange
home,494.91,13,defective,good,refurbish
home,254.72,42,not_as_described,very_good,resell_as_is
clothing,139.55,25,wrong_size,good,refurbish
electronics,249.83,21,better_price_found,good,refurbish
electronics,29.91,25,no_longer_needed,good,refurbish
books,10.2,6,better_price_found,good,peer_exchange
toys,21.03,71,defective,good,peer_exchange
clothing,16.39,17,wrong_size,good,peer_exchange
home,363.69,30,defective,like_new,resell_as_is
electronics,159.03,2,defective,acceptable,refurbish
home,483.29,134,defective,very_good,resell_as_is
toys,73.87,18,defective,good,refurbish
electronics,514.86,44,defective,very_good,refurbish
clothing,87.42,190,defective,very_good,resell_as_is
clothing,95.9,42,wrong_size,for_parts,recycle
clothing,16.74,22,not_as_described,good,peer_exchange
electronics,790.69,36,not_as_described,very_good,resell_as_is
home,180.74,77,defective,acceptable,refurbish
electronics,59.03,160,defective,good,refurbish
home,355.11,5,defective,for_parts,recycle
clothing,103.36,191,not_as_described,good,resell_as_is
books,29.43,92,better_price_found,good,peer_exchange
toys,39.34,65,no_longer_needed,good,refurbish
home,463.53,97,not_as_described,good,refurbish
clothing,71.72,71,wrong_size,acceptable,refurbish
home,50.04,17,defective,very_good,resell_as_is
clothing,45.03,66,no_longer_needed,like_new,resell_as_is
clothing,81.07,17,better_price_found,acceptable,refurbish
electronics,758.33,38,not_as_described,acceptable,refurbish
electronics,102.18,18,defective,acceptable,recycle
home,150.0,121,defective,very_good,peer_exchange
books,15.38,7,no_longer_needed,acceptable,refurbish
clothing,102.73,2,defective,for_parts,recycle
electronics,530.76,38,no_longer_needed,like_new,resell_as_is
home,426.86,46,wrong_size,acceptable,refurbish
electronics,658.67,33,defective,acceptable,refurbish
home,414.21,45,defective,for_parts,recycle
toys,8.55,40,no_longer_needed,for_parts,recycle
clothing,56.23,27,wrong_size,good,refurbish
home,273.69,42,not_as_described,acceptable,refurbish
home,356.94,182,better_price_found,acceptable,peer_exchange
home,58.41,133,wrong_size,like_new,resell_as_is
electronics,730.99,9,defective,like_new,resell_as_is
home,382.1,74,better_price_found,acceptable,refurbish
clothing,65.48,23,wrong_size,very_good,resell_as_is
clothing,43.28,152,defective,acceptable,refurbish
clothing,10.61,1,wrong_size,like_new,peer_exchange
home,358.94,57,not_as_described,like_new,resell_as_is
electronics,653.7,24,not_as_described,good,refurbish
home,71.9,140,defective,acceptable,refurbish
clothing,109.22,16,no_longer_needed,for_parts,recycle
toys,31.22,8,better_price_found,very_good,resell_as_is
electronics,509.92,1,not_as_described,acceptable,refurbish
home,173.4,61,better_price_found,good,refurbish
books,10.48,56,no_longer_needed,good,peer_exchange
home,450.33,63,defective,like_new,resell_as_is
clothing,98.58,2,no_longer_needed,acceptable,refurbish
clothing,80.99,42,defective,very_good,resell_as_is
clothing,13.78,26,no_longer_needed,good,peer_exchange
home,25.5,11,not_as_described,good,refurbish
clothing,13.92,21,better_price_found,very_good,peer_exchange
home,494.71,35,defective,acceptable,refurbish
home,256.18,17,not_as_described,good,refurbish
electronics,304.43,23,better_price_found,like_new,resell_as_is
toys,22.65,94,no_longer_needed,for_parts,recycle
clothing,115.31,10,wrong_size,acceptable,refurbish
home,23.83,163,defective,for_parts,recycle
clothing,175.64,37,not_as_described,acceptable,refurbish
electronics,441.56,30,no_longer_needed,like_new,resell_as_is
clothing,171.45,52,better_price_found,like_new,resell_as_is
toys,95.0,15,better_price_found,acceptable,refurbish
clothing,110.56,93,better_price_found,very_good,resell_as_is
home,430.8,63,not_as_described,very_good,resell_as_is
clothing,58.48,95,defective,very_good,resell_as_is
electronics,183.04,5,no_longer_needed,very_good,peer_exchange
electronics,207.19,24,not_as_described,for_parts,recycle
toys,15.59,161,better_price_found,acceptable,refurbish
clothing,61.51,46,wrong_size,acceptable,refurbish
books,15.02,59,better_price_found,like_new,peer_exchange
home,195.21,27,wrong_size,good,refurbish
home,56.87,33,defective,very_good,resell_as_is
clothing,149.23,35,wrong_size,very_good,resell_as_is
electronics,120.87,215,better_price_found,good,refurbish
electronics,676.73,5,no_longer_needed,very_good,resell_as_is
home,32.62,12,no_longer_needed,for_parts,recycle
electronics,741.36,121,better_price_found,like_new,resell_as_is
clothing,136.72,37,wrong_size,like_new,resell_as_is
clothing,70.2,8,no_longer_needed,good,peer_exchange
books,39.91,156,no_longer_needed,like_new,resell_as_is
toys,37.35,19,no_longer_needed,acceptable,refurbish
home,209.21,33,no_longer_needed,very_good,resell_as_is
electronics,414.17,51,defective,very_good,resell_as_is
books,10.85,44,not_as_described,acceptable,donate
electronics,363.76,6,no_longer_needed,acceptable,refurbish
clothing,35.19,20,wrong_size,very_good,resell_as_is
home,368.06,36,defective,acceptable,refurbish
clothing,60.68,5,wrong_size,acceptable,refurbish
electronics,520.78,40,defective,for_parts,recycle
home,492.04,61,not_as_described,good,refurbish
electronics,263.08,6,defective,acceptable,refurbish
clothing,42.98,32,not_as_described,for_parts,recycle
clothing,106.87,9,not_as_described,very_good,resell_as_is
home,245.93,16,defective,very_good,resell_as_is
clothing,11.8,82,wrong_size,like_new,peer_exchange
home,119.48,66,wrong_size,very_good,resell_as_is
clothing,172.56,10,no_longer_needed,good,refurbish
electronics,21.01,61,defective,like_new,refurbish
clothing,95.41,9,wrong_size,like_new,resell_as_is
clothing,157.75,260,better_price_found,very_good,resell_as_is
clothing,37.17,62,defective,good,refurbish
clothing,186.28,129,wrong_size,good,refurbish
clothing,49.37,78,wrong_size,good,refurbish
electronics,291.19,353,no_longer_needed,good,refurbish
electronics,600.25,14,not_as_described,good,peer_exchange
toys,21.49,122,no_longer_needed,like_new,peer_exchange
toys,96.08,77,no_longer_needed,very_good,resell_as_is
home,68.88,18,not_as_described,acceptable,refurbish
electronics,261.84,10,defective,good,recycle
home,237.24,17,defective,very_good,resell_as_is
home,447.17,111,not_as_described,good,refurbish
home,219.65,11,defective,good,refurbish
electronics,663.12,58,defective,very_good,resell_as_is
electronics,594.28,43,no_longer_needed,acceptable,refurbish
electronics,379.09,24,not_as_described,for_parts,recycle
books,49.59,277,better_price_found,good,refurbish
home,311.03,23,no_longer_needed,like_new,resell_as_is
books,26.24,87,no_longer_needed,like_new,peer_exchange
home,34.62,188,better_price_found,very_good,resell_as_is
home,311.72,6,defective,good,refurbish
electronics,567.51,123,defective,good,refurbish
clothing,61.2,83,defective,acceptable,refurbish
clothing,82.1,355,not_as_described,good,refurbish
toys,12.73,5,defective,acceptable,donate
toys,14.12,71,no_longer_needed,good,peer_exchange
home,454.92,54,better_price_found,acceptable,refurbish
home,266.52,5,no_longer_needed,very_good,peer_exchange
clothing,134.63,1,not_as_described,good,recycle
books,25.71,4,no_longer_needed,very_good,peer_exchange
home,386.45,21,no_longer_needed,good,refurbish
books,29.75,13,no_longer_needed,very_good,peer_exchange
electronics,309.49,72,better_price_found,very_good,resell_as_is
electronics,195.74,33,not_as_described,very_good,resell_as_is
clothing,87.75,34,no_longer_needed,good,refurbish
clothing,91.43,119,better_price_found,very_good,resell_as_is
toys,21.29,22,defective,good,peer_exchange
clothing,155.91,66,better_price_found,very_good,resell_as_is
clothing,11.72,10,not_as_described,acceptable,recycle
electronics,127.71,142,defective,acceptable,refurbish
clothing,191.98,202,better_price_found,like_new,resell_as_is
electronics,555.44,67,better_price_found,acceptable,refurbish
clothing,58.89,3,wrong_size,like_new,resell_as_is
clothing,15.94,19,wrong_size,good,peer_exchange
home,493.12,116,not_as_described,like_new,resell_as_is
clothing,87.06,25,wrong_size,like_new,resell_as_is
electronics,565.87,78,defective,good,refurbish
electronics,152.1,76,defective,like_new,resell_as_is
books,18.78,19,not_as_described,good,peer_exchange
electronics,645.12,46,not_as_described,like_new,resell_as_is
home,210.85,55,defective,good,refurbish
clothing,57.82,94,no_longer_needed,like_new,resell_as_is
home,283.32,4,not_as_described,good,refurbish
books,19.42,53,no_longer_needed,acceptable,refurbish
clothing,147.21,88,better_price_found,acceptable,refurbish
clothing,164.12,27,no_longer_needed,for_parts,recycle
electronics,713.15,17,defective,very_good,resell_as_is
home,322.74,11,not_as_described,very_good,resell_as_is
clothing,136.29,26,no_longer_needed,acceptable,refurbish
home,121.71,83,defective,very_good,resell_as_is
toys,14.14,23,no_longer_needed,for_parts,recycle
books,46.52,44,no_longer_needed,good,refurbish
clothing,128.41,49,not_as_described,good,refurbish
home,201.26,9,better_price_found,very_good,resell_as_is
home,329.14,11,defective,like_new,peer_exchange
clothing,37.28,12,not_as_described,good,refurbish
electronics,751.07,361,not_as_described,very_good,peer_exchange
clothing,109.64,32,wrong_size,for_parts,recycle
electronics,565.41,53,defective,acceptable,recycle
clothing,138.28,119,no_longer_needed,good,refurbish
books,30.47,133,not_as_described,good,refurbish
clothing,190.74,30,defective,acceptable,refurbish
home,159.72,55,no_longer_needed,like_new,recycle
electronics,142.88,21,defective,acceptable,refurbish
electronics,701.52,129,no_longer_needed,very_good,resell_as_is
clothing,160.39,35,defective,acceptable,resell_as_is
electronics,663.41,27,defective,very_good,resell_as_is
books,5.71,10,no_longer_needed,very_good,peer_exchange
home,439.39,13,defective,for_parts,recycle
clothing,140.07,31,no_longer_needed,for_parts,recycle
electronics,78.74,15,defective,like_new,donate
home,491.88,11,no_longer_needed,good,refurbish
home,130.75,23,not_as_described,very_good,resell_as_is
electronics,268.15,8,defective,very_good,resell_as_is
electronics,794.9,20,defective,like_new,resell_as_is
home,452.81,6,not_as_described,acceptable,refurbish
electronics,714.17,69,defective,like_new,resell_as_is
home,145.29,12,defective,acceptable,resell_as_is
electronics,772.71,1,not_as_described,like_new,resell_as_is
home,124.15,9,defective,like_new,resell_as_is
electronics,684.96,116,not_as_described,for_parts,recycle
electronics,257.36,8,no_longer_needed,acceptable,refurbish
clothing,63.32,9,wrong_size,good,refurbish
electronics,623.57,52,not_as_described,good,refurbish
clothing,186.0,138,defective,good,refurbish
home,271.16,23,better_price_found,good,refurbish
books,34.23,75,better_price_found,good,refurbish
clothing,196.18,84,not_as_described,like_new,resell_as_is
electronics,324.03,49,wrong_size,acceptable,refurbish
home,112.95,73,not_as_described,good,refurbish
home,427.44,62,defective,very_good,resell_as_is
clothing,47.14,3,wrong_size,good,refurbish
clothing,131.95,18,better_price_found,very_good,resell_as_is
clothing,94.01,118,wrong_size,very_good,resell_as_is
home,16.89,46,defective,for_parts,recycle
toys,8.92,142,not_as_described,good,peer_exchange
clothing,64.52,34,wrong_size,for_parts,recycle
toys,42.18,19,better_price_found,good,refurbish
toys,96.51,70,better_price_found,good,refurbish
books,8.05,36,no_longer_needed,good,peer_exchange
clothing,171.4,178,defective,acceptable,refurbish
books,16.78,120,no_longer_needed,good,peer_exchange
clothing,25.66,67,wrong_size,good,peer_exchange
electronics,362.33,136,not_as_described,good,refurbish
clothing,101.32,17,wrong_size,very_good,refurbish
clothing,139.05,28,not_as_described,very_good,resell_as_is
electronics,675.71,96,not_as_described,good,refurbish
electronics,631.0,106,not_as_described,acceptable,refurbish
electronics,449.84,26,defective,good,refurbish
toys,61.11,67,no_longer_needed,good,refurbish
electronics,337.79,38,no_longer_needed,good,refurbish
clothing,52.38,28,wrong_size,like_new,resell_as_is
electronics,451.45,94,no_longer_needed,acceptable,refurbish
clothing,14.96,1,not_as_described,good,peer_exchange
electronics,693.21,140,no_longer_needed,very_good,resell_as_is
home,471.28,52,no_longer_needed,good,refurbish
clothing,119.32,81,wrong_size,for_parts,recycle
home,375.56,32,no_longer_needed,for_parts,recycle
electronics,633.57,38,not_as_described,for_parts,recycle
clothing,60.0,9,wrong_size,good,refurbish
books,13.21,50,better_price_found,good,peer_exchange
toys,40.04,125,no_longer_needed,good,refurbish
home,342.58,100,better_price_found,acceptable,refurbish
electronics,160.56,25,defective,good,refurbish
electronics,325.66,31,defective,very_good,resell_as_is
toys,60.46,7,no_longer_needed,acceptable,refurbish
books,41.53,16,no_longer_needed,very_good,resell_as_is
clothing,92.07,35,no_longer_needed,good,refurbish
home,115.35,38,better_price_found,acceptable,refurbish
clothing,155.52,19,no_longer_needed,very_good,resell_as_is
home,377.66,4,defective,very_good,resell_as_is
books,37.18,199,no_longer_needed,good,refurbish
clothing,10.33,76,wrong_size,very_good,peer_exchange
home,245.27,7,defective,good,refurbish
toys,65.55,4,defective,very_good,resell_as_is
electronics,415.12,328,no_longer_needed,acceptable,refurbish
home,159.71,92,no_longer_needed,very_good,resell_as_is
toys,42.4,84,no_longer_needed,good,refurbish
clothing,148.69,268,not_as_described,acceptable,refurbish
home,385.79,37,defective,good,recycle
clothing,83.34,12,no_longer_needed,for_parts,recycle
clothing,144.24,46,wrong_size,for_parts,recycle
clothing,103.06,42,not_as_described,good,refurbish
clothing,37.77,66,no_longer_needed,acceptable,refurbish
books,49.28,85,no_longer_needed,good,refurbish
books,15.48,119,better_price_found,acceptable,refurbish
electronics,792.53,30,not_as_described,for_parts,recycle
toys,43.44,7,no_longer_needed,acceptable,refurbish
toys,43.3,36,defective,good,refurbish
clothing,31.84,28,no_longer_needed,for_parts,recycle
home,83.7,130,not_as_described,acceptable,resell_as_is
home,87.01,12,no_longer_needed,acceptable,refurbish
clothing,151.73,17,no_longer_needed,good,refurbish
clothing,36.12,2,no_longer_needed,very_good,resell_as_is
home,233.34,15,defective,good,refurbish
clothing,181.87,1,defective,acceptable,refurbish
clothing,137.98,53,wrong_size,good,refurbish
home,434.96,40,defective,acceptable,refurbish
electronics,278.29,21,no_longer_needed,good,refurbish
clothing,147.61,76,defective,like_new,resell_as_is
electronics,768.14,180,not_as_described,like_new,resell_as_is
books,17.96,59,not_as_described,acceptable,refurbish
home,317.52,29,no_longer_needed,good,refurbish
toys,83.66,44,better_price_found,good,donate
books,11.07,69,better_price_found,very_good,peer_exchange
clothing,157.14,53,defective,like_new,resell_as_is
clothing,162.78,30,no_longer_needed,very_good,resell_as_is
clothing,26.83,36,defective,like_new,peer_exchange
electronics,702.67,43,better_price_found,very_good,resell_as_is
clothing,60.97,93,wrong_size,very_good,peer_exchange
clothing,149.2,34,better_price_found,like_new,resell_as_is
electronics,298.24,35,better_price_found,good,donate
home,291.87,39,defective,like_new,resell_as_is
home,328.93,9,no_longer_needed,good,refurbish
home,417.7,16,no_longer_needed,very_good,resell_as_is
home,259.07,5,better_price_found,acceptable,refurbish
electronics,67.0,41,defective,good,refurbish
books,21.54,29,defective,good,peer_exchange
clothing,127.19,63,not_as_described,good,refurbish
home,293.41,168,no_longer_needed,acceptable,refurbish
home,433.59,47,better_price_found,acceptable,refurbish
toys,38.39,55,not_as_described,good,refurbish
clothing,49.63,59,no_longer_needed,very_good,resell_as_is
clothing,153.49,4,not_as_described,acceptable,refurbish
toys,80.68,9,not_as_described,very_good,resell_as_is
home,155.57,9,no_longer_needed,like_new,resell_as_is
home,385.74,105,no_longer_needed,acceptable,refurbish
clothing,10.52,205,wrong_size,like_new,peer_exchange
clothing,62.38,162,no_longer_needed,good,refurbish
electronics,751.33,38,not_as_described,good,refurbish
clothing,199.08,1,not_as_described,very_good,resell_as_is
toys,43.37,48,better_price_found,good,refurbish
electronics,486.73,146,defective,good,refurbish
electronics,81.4,14,defective,very_good,resell_as_is
clothing,103.31,4,not_as_described,acceptable,refurbish
electronics,238.84,33,not_as_described,very_good,donate
toys,24.82,2,defective,acceptable,refurbish
home,170.43,59,no_longer_needed,very_good,resell_as_is
home,158.67,4,defective,good,refurbish
clothing,57.78,36,wrong_size,good,refurbish
clothing,50.47,106,wrong_size,good,recycle
clothing,50.53,5,no_longer_needed,acceptable,refurbish
books,19.08,101,defective,very_good,peer_exchange
clothing,17.66,10,better_price_found,good,peer_exchange
home,317.31,32,no_longer_needed,like_new,resell_as_is
electronics,733.28,135,defective,acceptable,refurbish
clothing,165.22,41,no_longer_needed,acceptable,refurbish
clothing,65.63,32,wrong_size,like_new,resell_as_is
clothing,194.11,20,wrong_size,good,refurbish
clothing,54.52,46,wrong_size,good,refurbish
electronics,172.08,52,no_longer_needed,good,refurbish
clothing,83.63,13,wrong_size,acceptable,refurbish
clothing,113.55,19,no_longer_needed,good,refurbish
electronics,191.44,21,defective,acceptable,refurbish
clothing,144.02,17,better_price_found,acceptable,refurbish
clothing,25.5,207,no_longer_needed,like_new,peer_exchange
home,230.07,39,not_as_described,acceptable,refurbish
toys,23.81,8,no_longer_needed,acceptable,refurbish
toys,85.39,41,no_longer_needed,good,refurbish
electronics,246.18,136,not_as_described,for_parts,recycle
home,450.25,13,defective,acceptable,refurbish
clothing,10.88,88,wrong_size,good,peer_exchange
home,272.97,2,wrong_size,good,refurbish
toys,17.6,76,not_as_described,for_parts,recycle
home,480.22,189,defective,very_good,resell_as_is
clothing,139.6,1,not_as_described,like_new,resell_as_is
books,21.21,32,no_longer_needed,acceptable,refurbish
clothing,172.37,4,wrong_size,acceptable,refurbish
electronics,336.08,45,defective,very_good,peer_exchange
books,29.29,68,not_as_described,like_new,peer_exchange
electronics,359.47,6,better_price_found,like_new,resell_as_is
toys,21.64,26,no_longer_needed,acceptable,refurbish
clothing,103.8,18,better_price_found,very_good,resell_as_is
clothing,50.59,14,not_as_described,acceptable,refurbish
clothing,131.39,50,no_longer_needed,very_good,resell_as_is
clothing,175.45,139,not_as_described,like_new,resell_as_is
home,234.07,11,no_longer_needed,good,refurbish
electronics,562.31,19,not_as_described,very_good,resell_as_is
electronics,582.06,156,no_longer_needed,for_parts,recycle
clothing,161.19,41,wrong_size,acceptable,refurbish
electronics,569.6,21,defective,acceptable,refurbish
home,202.31,135,not_as_described,good,refurbish
books,5.47,74,not_as_described,acceptable,donate
clothing,145.4,77,not_as_described,very_good,resell_as_is
electronics,765.04,37,defective,acceptable,refurbish
toys,71.54,63,defective,good,refurbish
home,82.13,27,not_as_described,acceptable,refurbish
home,133.33,17,not_as_described,like_new,resell_as_is
clothing,22.84,124,better_price_found,good,peer_exchange
clothing,58.67,75,wrong_size,like_new,recycle
home,356.93,64,wrong_size,good,refurbish
home,276.07,25,defective,good,refurbish
home,146.27,95,better_price_found,good,refurbish
electronics,786.06,20,not_as_described,good,refurbish
home,72.16,34,defective,good,refurbish
books,28.87,17,no_longer_needed,good,peer_exchange
electronics,237.06,8,defective,like_new,resell_as_is
electronics,678.16,330,not_as_described,good,refurbish
electronics,516.77,114,no_longer_needed,like_new,resell_as_is
home,349.53,5,no_longer_needed,good,refurbish
electronics,68.47,101,defective,very_good,resell_as_is
clothing,93.92,58,not_as_described,good,resell_as_is
toys,8.99,66,no_longer_needed,good,peer_exchange
books,46.1,70,no_longer_needed,very_good,resell_as_is
home,309.45,11,defective,like_new,resell_as_is
clothing,13.85,25,no_longer_needed,very_good,peer_exchange
clothing,114.29,55,defective,like_new,resell_as_is
clothing,47.98,137,no_longer_needed,very_good,resell_as_is
toys,30.58,177,no_longer_needed,good,refurbish
clothing,62.86,25,no_longer_needed,very_good,resell_as_is
home,123.15,1,defective,acceptable,refurbish
home,165.59,35,defective,acceptable,refurbish
electronics,306.21,47,no_longer_needed,for_parts,recycle
books,7.96,17,defective,like_new,refurbish
electronics,639.7,73,no_longer_needed,very_good,resell_as_is
clothing,111.52,8,wrong_size,like_new,resell_as_is
clothing,78.21,75,defective,like_new,resell_as_is
electronics,265.72,42,not_as_described,very_good,resell_as_is
electronics,144.86,55,wrong_size,very_good,resell_as_is
electronics,657.98,30,no_longer_needed,acceptable,refurbish
home,424.05,17,better_price_found,acceptable,refurbish
books,20.61,63,better_price_found,good,peer_exchange
electronics,656.41,85,better_price_found,acceptable,refurbish
electronics,654.64,184,no_longer_needed,good,refurbish
electronics,33.15,202,no_longer_needed,like_new,resell_as_is
home,378.94,12,not_as_described,acceptable,refurbish
home,324.49,39,not_as_described,like_new,resell_as_is
clothing,62.25,27,better_price_found,like_new,resell_as_is
clothing,63.0,68,wrong_size,good,refurbish
home,39.19,96,defective,good,refurbish
books,27.76,29,no_longer_needed,good,peer_exchange
electronics,680.53,28,no_longer_needed,very_good,resell_as_is
home,285.66,58,no_longer_needed,good,refurbish
books,14.92,15,better_price_found,acceptable,donate
electronics,686.71,84,better_price_found,like_new,peer_exchange
toys,92.29,8,not_as_described,good,refurbish
electronics,763.87,24,not_as_described,very_good,resell_as_is
toys,25.64,41,no_longer_needed,very_good,peer_exchange
home,478.05,38,not_as_described,very_good,resell_as_is
electronics,204.25,8,better_price_found,like_new,resell_as_is
electronics,523.56,24,wrong_size,acceptable,refurbish
electronics,550.15,15,better_price_found,good,refurbish
electronics,65.81,4,defective,good,refurbish
clothing,76.26,7,wrong_size,for_parts,recycle
home,436.08,8,defective,good,refurbish
electronics,716.43,18,defective,good,refurbish
electronics,360.78,13,no_longer_needed,good,refurbish
home,470.76,7,no_longer_needed,good,refurbish
books,19.7,123,no_longer_needed,very_good,peer_exchange
electronics,480.62,2,defective,like_new,resell_as_is
clothing,59.4,30,no_longer_needed,good,refurbish
home,460.71,14,not_as_described,very_good,resell_as_is
clothing,116.02,104,not_as_described,acceptable,refurbish
books,46.87,43,better_price_found,good,refurbish
electronics,774.19,135,better_price_found,very_good,resell_as_is
clothing,177.24,118,wrong_size,good,refurbish
home,118.74,6,wrong_size,very_good,resell_as_is
home,378.33,175,not_as_described,good,refurbish
electronics,617.79,143,no_longer_needed,like_new,resell_as_is
clothing,72.17,10,not_as_described,good,refurbish
toys,67.64,23,better_price_found,good,refurbish
clothing,95.85,33,better_price_found,acceptable,resell_as_is
electronics,287.8,18,not_as_described,very_good,resell_as_is
electronics,762.58,66,better_price_found,like_new,resell_as_is
electronics,623.6,154,defective,for_parts,recycle
clothing,161.2,116,no_longer_needed,good,refurbish
clothing,53.44,10,wrong_size,acceptable,refurbish
home,90.73,68,defective,acceptable,refurbish
electronics,514.89,70,defective,good,refurbish
home,342.8,78,not_as_described,very_good,resell_as_is
books,45.31,96,no_longer_needed,good,refurbish
clothing,115.86,172,better_price_found,acceptable,refurbish
clothing,122.83,39,wrong_size,acceptable,refurbish
toys,66.56,101,no_longer_needed,very_good,resell_as_is
home,380.95,15,not_as_described,very_good,resell_as_is
clothing,43.7,59,wrong_size,like_new,resell_as_is
clothing,154.3,92,wrong_size,very_good,resell_as_is
electronics,406.14,48,better_price_found,acceptable,refurbish
clothing,147.68,55,wrong_size,very_good,resell_as_is
toys,10.14,142,no_longer_needed,good,peer_exchange
electronics,444.5,21,wrong_size,good,refurbish
clothing,84.19,98,wrong_size,good,refurbish
books,33.99,68,better_price_found,very_good,resell_as_is
electronics,600.74,89,defective,like_new,resell_as_is
clothing,111.82,57,better_price_found,very_good,resell_as_is
electronics,420.49,35,defective,good,refurbish
books,40.32,53,better_price_found,good,refurbish
clothing,142.69,5,better_price_found,good,refurbish
clothing,15.86,41,no_longer_needed,like_new,peer_exchange
electronics,113.51,58,better_price_found,good,refurbish
clothing,172.5,11,not_as_described,good,refurbish
electronics,398.0,89,better_price_found,acceptable,refurbish
electronics,429.67,26,not_as_described,very_good,resell_as_is
toys,69.41,67,defective,very_good,resell_as_is
clothing,97.47,217,wrong_size,very_good,resell_as_is
clothing,101.33,48,wrong_size,very_good,resell_as_is
electronics,674.88,92,not_as_described,good,refurbish
home,33.49,16,defective,for_parts,recycle
electronics,299.37,235,defective,very_good,resell_as_is
home,27.37,176,better_price_found,very_good,refurbish
clothing,65.47,32,no_longer_needed,good,refurbish
electronics,493.11,103,no_longer_needed,acceptable,refurbish
clothing,195.33,154,no_longer_needed,good,refurbish
clothing,140.05,21,no_longer_needed,acceptable,refurbish
clothing,190.23,10,defective,good,refurbish
home,307.0,11,not_as_described,like_new,resell_as_is
electronics,280.25,35,no_longer_needed,like_new,resell_as_is
toys,96.7,34,not_as_described,good,refurbish
clothing,134.44,23,not_as_described,good,donate
clothing,156.08,91,wrong_size,like_new,resell_as_is
books,23.24,110,no_longer_needed,very_good,peer_exchange
clothing,76.84,6,wrong_size,very_good,resell_as_is
home,320.99,25,not_as_described,acceptable,refurbish
home,131.95,1,defective,very_good,resell_as_is
electronics,664.6,59,defective,good,refurbish
clothing,52.97,18,not_as_described,good,refurbish
toys,75.03,134,no_longer_needed,like_new,resell_as_is
books,29.14,51,better_price_found,very_good,peer_exchange
clothing,98.11,10,no_longer_needed,acceptable,refurbish
home,296.84,18,better_price_found,good,refurbish
clothing,184.11,28,wrong_size,like_new,resell_as_is
electronics,65.16,136,no_longer_needed,acceptable,refurbish
clothing,90.82,19,not_as_described,like_new,resell_as_is
clothing,165.14,217,no_longer_needed,acceptable,refurbish
electronics,538.6,14,defective,good,refurbish
books,34.06,63,better_price_found,very_good,resell_as_is
electronics,699.91,146,defective,good,refurbish
toys,31.13,50,no_longer_needed,like_new,resell_as_is
clothing,131.55,3,wrong_size,good,refurbish
toys,81.13,121,no_longer_needed,good,refurbish
clothing,101.36,46,not_as_described,good,refurbish
clothing,66.08,152,no_longer_needed,like_new,resell_as_is
clothing,132.12,42,wrong_size,acceptable,refurbish
clothing,16.07,106,not_as_described,good,peer_exchange
clothing,118.2,18,wrong_size,good,refurbish
home,234.14,18,no_longer_needed,like_new,resell_as_is
clothing,164.4,9,wrong_size,very_good,peer_exchange
clothing,167.82,51,defective,good,refurbish
electronics,185.66,97,defective,for_parts,recycle
clothing,126.09,22,no_longer_needed,good,refurbish
clothing,17.4,2,wrong_size,acceptable,refurbish
clothing,48.29,84,not_as_described,for_parts,recycle
toys,88.75,36,better_price_found,good,refurbish
clothing,58.51,81,better_price_found,acceptable,refurbish
toys,47.22,43,defective,good,refurbish
clothing,194.95,8,not_as_described,good,refurbish
home,411.8,137,better_price_found,acceptable,refurbish
electronics,319.38,21,no_longer_needed,very_good,resell_as_is
clothing,154.12,52,wrong_size,like_new,resell_as_is
home,31.25,35,no_longer_needed,very_good,resell_as_is
home,441.83,16,no_longer_needed,good,refurbish
clothing,175.84,12,no_longer_needed,like_new,resell_as_is
electronics,378.42,40,no_longer_needed,very_good,resell_as_is
clothing,153.73,48,no_longer_needed,good,refurbish
home,183.01,7,no_longer_needed,for_parts,recycle
electronics,269.86,32,defective,very_good,resell_as_is
clothing,199.74,21,wrong_size,acceptable,refurbish
electronics,328.95,140,not_as_described,for_parts,recycle
electronics,63.48,22,better_price_found,good,refurbish
clothing,94.81,2,no_longer_needed,very_good,resell_as_is
clothing,189.6,67,not_as_described,like_new,resell_as_is
clothing,77.93,58,wrong_size,good,refurbish
books,45.33,34,not_as_described,good,refurbish
clothing,136.73,2,no_longer_needed,very_good,resell_as_is
clothing,81.34,81,wrong_size,acceptable,refurbish
books,49.15,65,no_longer_needed,good,refurbish
clothing,163.92,1,no_longer_needed,very_good,resell_as_is
electronics,75.78,129,defective,for_parts,recycle
toys,68.56,11,not_as_described,for_parts,recycle
electronics,285.43,126,better_price_found,like_new,resell_as_is
electronics,785.63,30,better_price_found,good,refurbish
toys,17.65,14,not_as_described,good,peer_exchange
toys,24.63,12,defective,good,donate
electronics,748.11,12,defective,good,refurbish
books,28.42,39,better_price_found,good,peer_exchange
home,99.56,75,better_price_found,very_good,donate
electronics,627.16,32,better_price_found,for_parts,recycle
toys,10.56,51,no_longer_needed,good,peer_exchange
clothing,24.71,109,wrong_size,very_good,peer_exchange
books,7.96,42,not_as_described,good,peer_exchange
clothing,126.83,59,not_as_described,very_good,resell_as_is
home,414.7,5,not_as_described,very_good,resell_as_is
home,244.3,193,defective,very_good,resell_as_is
clothing,122.21,87,not_as_described,good,refurbish
home,117.09,70,no_longer_needed,acceptable,refurbish
clothing,156.47,29,better_price_found,like_new,resell_as_is
electronics,242.67,139,not_as_described,good,refurbish
books,21.93,108,no_longer_needed,very_good,peer_exchange
clothing,55.91,8,no_longer_needed,good,refurbish
clothing,125.11,77,not_as_described,very_good,resell_as_is
electronics,104.26,26,defective,for_parts,refurbish
electronics,604.32,43,no_longer_needed,very_good,resell_as_is
clothing,25.15,7,defective,good,peer_exchange
books,19.81,3,wrong_size,acceptable,refurbish
electronics,68.39,148,defective,very_good,resell_as_is
toys,52.71,15,better_price_found,very_good,resell_as_is
clothing,172.6,16,defective,good,refurbish
home,393.54,71,not_as_described,like_new,resell_as_is
home,355.07,91,not_as_described,good,refurbish
clothing,59.12,90,no_longer_needed,acceptable,refurbish
clothing,72.13,46,no_longer_needed,very_good,resell_as_is
clothing,74.32,84,not_as_described,very_good,resell_as_is
home,401.75,39,not_as_described,acceptable,refurbish
toys,31.35,223,not_as_described,very_good,resell_as_is
toys,11.65,39,not_as_described,very_good,peer_exchange
books,15.96,42,no_longer_needed,very_good,peer_exchange
clothing,196.73,21,wrong_size,good,refurbish
clothing,45.17,81,wrong_size,acceptable,refurbish
clothing,178.66,14,no_longer_needed,very_good,resell_as_is
electronics,109.36,66,not_as_described,good,refurbish
clothing,65.13,171,not_as_described,for_parts,recycle
clothing,176.32,46,no_longer_needed,good,refurbish
clothing,28.2,118,no_longer_needed,like_new,peer_exchange
home,213.76,144,better_price_found,acceptable,refurbish
clothing,121.16,44,wrong_size,acceptable,refurbish
clothing,21.69,24,wrong_size,for_parts,recycle
electronics,427.11,5,no_longer_needed,acceptable,refurbish
toys,67.44,11,no_longer_needed,like_new,resell_as_is
electronics,364.42,108,no_longer_needed,very_good,resell_as_is
home,338.11,10,no_longer_needed,acceptable,refurbish
clothing,164.69,30,not_as_described,acceptable,refurbish
clothing,118.45,58,wrong_size,like_new,recycle
clothing,24.85,181,wrong_size,very_good,peer_exchange
clothing,37.41,60,not_as_described,very_good,resell_as_is
clothing,169.73,117,better_price_found,like_new,resell_as_is
clothing,54.42,154,wrong_size,good,refurbish
home,356.92,124,not_as_described,acceptable,refurbish
books,8.84,38,not_as_described,acceptable,donate
electronics,745.03,40,better_price_found,good,refurbish
home,151.19,9,no_longer_needed,good,refurbish
electronics,444.92,13,not_as_described,acceptable,refurbish
clothing,89.84,85,not_as_described,like_new,resell_as_is
toys,61.24,91,wrong_size,very_good,resell_as_is
electronics,53.33,58,defective,very_good,recycle
books,14.17,53,better_price_found,good,peer_exchange
electronics,162.47,57,no_longer_needed,acceptable,refurbish
clothing,141.07,38,defective,for_parts,recycle
toys,79.29,78,not_as_described,like_new,resell_as_is
clothing,122.21,20,wrong_size,very_good,resell_as_is
toys,99.26,100,better_price_found,very_good,donate
electronics,414.1,19,not_as_described,very_good,resell_as_is
clothing,129.21,1,wrong_size,very_good,resell_as_is
books,37.66,221,defective,good,refurbish
clothing,162.44,50,better_price_found,very_good,resell_as_is
electronics,144.52,119,not_as_described,good,refurbish
clothing,191.22,168,not_as_described,for_parts,resell_as_is
books,26.74,76,no_longer_needed,good,peer_exchange
electronics,480.67,42,not_as_described,very_good,peer_exchange
clothing,139.55,25,better_price_found,good,refurbish
home,323.58,329,better_price_found,very_good,resell_as_is
electronics,302.05,39,no_longer_needed,acceptable,refurbish
clothing,113.66,56,not_as_described,like_new,resell_as_is
books,35.4,69,better_price_found,like_new,resell_as_is
electronics,535.43,15,no_longer_needed,very_good,resell_as_is
books,20.67,18,better_price_found,good,peer_exchange
clothing,76.09,49,wrong_size,acceptable,refurbish
clothing,118.6,11,wrong_size,good,resell_as_is
clothing,102.62,7,no_longer_needed,acceptable,refurbish
books,30.76,121,no_longer_needed,for_parts,recycle
toys,86.89,60,not_as_described,good,refurbish
clothing,112.78,133,better_price_found,good,refurbish
home,135.11,5,not_as_described,very_good,resell_as_is
electronics,550.13,35,defective,very_good,donate
electronics,260.5,4,no_longer_needed,good,refurbish
electronics,756.76,46,not_as_described,good,refurbish
toys,63.39,40,no_longer_needed,very_good,resell_as_is
clothing,12.98,21,defective,good,peer_exchange
clothing,75.22,1,no_longer_needed,very_good,resell_as_is
electronics,766.34,41,defective,very_good,resell_as_is
clothing,140.99,58,defective,acceptable,peer_exchange
clothing,85.28,31,no_longer_needed,good,refurbish
home,309.41,12,not_as_described,good,refurbish
clothing,37.62,127,wrong_size,like_new,resell_as_is
books,9.61,81,no_longer_needed,like_new,peer_exchange
toys,20.13,136,no_longer_needed,very_good,peer_exchange
books,27.22,145,no_longer_needed,very_good,peer_exchange
home,325.61,128,not_as_described,acceptable,refurbish
electronics,321.49,15,defective,good,refurbish
clothing,116.0,101,better_price_found,very_good,resell_as_is
clothing,180.2,18,defective,good,refurbish
clothing,111.89,9,defective,very_good,resell_as_is
clothing,156.47,12,wrong_size,like_new,resell_as_is
home,446.03,200,not_as_described,very_good,resell_as_is
electronics,52.54,30,defective,very_good,resell_as_is
home,375.91,63,no_longer_needed,very_good,resell_as_is
home,86.49,75,better_price_found,very_good,resell_as_is
clothing,146.45,18,not_as_described,for_parts,recycle
clothing,128.58,131,wrong_size,acceptable,refurbish
home,47.16,27,defective,good,refurbish
clothing,52.86,22,not_as_described,acceptable,refurbish
toys,89.32,7,no_longer_needed,very_good,resell_as_is
clothing,155.59,33,no_longer_needed,good,recycle
clothing,164.23,56,wrong_size,good,refurbish
electronics,286.33,18,better_price_found,like_new,recycle
clothing,75.43,33,no_longer_needed,very_good,resell_as_is
electronics,419.52,11,defective,acceptable,refurbish
electronics,321.6,150,better_price_found,good,refurbish
clothing,134.12,50,not_as_described,good,peer_exchange
home,295.56,176,defective,acceptable,refurbish
home,147.77,6,no_longer_needed,very_good,resell_as_is
electronics,527.16,70,better_price_found,acceptable,refurbish
clothing,81.18,29,wrong_size,for_parts,recycle
electronics,758.24,112,better_price_found,very_good,resell_as_is
clothing,52.6,38,wrong_size,acceptable,refurbish
clothing,186.48,104,no_longer_needed,good,refurbish
clothing,26.52,5,no_longer_needed,good,resell_as_is
home,74.94,13,no_longer_needed,acceptable,refurbish
clothing,44.46,15,defective,good,refurbish
electronics,242.74,167,no_longer_needed,good,refurbish
toys,27.0,18,no_longer_needed,good,resell_as_is
electronics,62.15,43,defective,very_good,resell_as_is
home,394.63,21,not_as_described,for_parts,recycle
home,146.61,59,no_longer_needed,for_parts,recycle
clothing,48.17,101,not_as_described,good,resell_as_is
home,199.56,118,no_longer_needed,like_new,resell_as_is
clothing,135.15,76,no_longer_needed,like_new,peer_exchange
electronics,267.74,12,better_price_found,very_good,resell_as_is
books,19.97,48,no_longer_needed,acceptable,refurbish
clothing,146.58,33,not_as_described,very_good,resell_as_is
clothing,197.99,43,wrong_size,good,refurbish
home,468.85,8,better_price_found,very_good,resell_as_is
home,90.39,103,no_longer_needed,acceptable,refurbish
toys,62.55,31,better_price_found,like_new,resell_as_is
home,182.53,6,not_as_described,acceptable,refurbish
home,363.07,21,defective,acceptable,refurbish
clothing,191.72,45,no_longer_needed,very_good,recycle
electronics,652.93,58,better_price_found,good,refurbish
home,279.94,51,not_as_described,good,refurbish
clothing,181.15,100,not_as_described,acceptable,refurbish
books,15.88,5,no_longer_needed,very_good,peer_exchange
electronics,765.41,44,wrong_size,good,refurbish
books,25.76,9,better_price_found,for_parts,refurbish
clothing,111.44,54,wrong_size,like_new,resell_as_is
electronics,286.18,53,defective,good,refurbish
electronics,503.19,43,defective,acceptable,refurbish
electronics,240.32,48,not_as_described,very_good,resell_as_is
clothing,60.98,13,wrong_size,for_parts,recycle
home,209.72,33,better_price_found,very_good,resell_as_is
electronics,240.45,66,defective,acceptable,peer_exchange
toys,50.36,48,no_longer_needed,for_parts,recycle
clothing,194.02,34,no_longer_needed,good,refurbish
toys,73.51,120,defective,acceptable,refurbish
clothing,37.0,33,not_as_described,good,refurbish
clothing,90.85,93,wrong_size,acceptable,refurbish
home,451.38,38,defective,very_good,resell_as_is
clothing,130.26,3,wrong_size,like_new,resell_as_is
clothing,161.16,131,wrong_size,very_good,resell_as_is
clothing,111.6,30,not_as_described,acceptable,refurbish
electronics,482.77,75,defective,good,refurbish
home,315.9,17,better_price_found,acceptable,refurbish
clothing,53.11,92,wrong_size,good,refurbish
electronics,499.41,242,not_as_described,good,refurbish
electronics,240.41,126,better_price_found,acceptable,resell_as_is
electronics,715.53,103,no_longer_needed,like_new,resell_as_is
electronics,744.34,57,defective,good,refurbish
electronics,83.15,124,not_as_described,very_good,recycle
books,26.84,72,no_longer_needed,like_new,peer_exchange
clothing,41.55,17,defective,good,refurbish
toys,79.64,1,no_longer_needed,good,recycle
home,420.24,31,defective,like_new,resell_as_is
toys,18.88,89,not_as_described,for_parts,recycle
electronics,617.29,80,no_longer_needed,like_new,resell_as_is
clothing,122.18,8,not_as_described,for_parts,recycle
books,24.6,24,defective,good,peer_exchange
toys,29.91,54,no_longer_needed,very_good,peer_exchange
electronics,657.31,14,defective,for_parts,recycle
home,143.55,9,no_longer_needed,good,refurbish
clothing,178.96,133,wrong_size,acceptable,refurbish
books,10.68,86,no_longer_needed,like_new,peer_exchange
electronics,171.41,36,better_price_found,acceptable,refurbish
books,27.38,29,better_price_found,like_new,peer_exchange
clothing,112.69,21,wrong_size,good,refurbish
clothing,40.85,46,not_as_described,good,donate
clothing,36.34,52,not_as_described,good,refurbish
home,75.26,15,wrong_size,for_parts,recycle
books,40.16,74,no_longer_needed,good,refurbish
electronics,294.37,105,not_as_described,acceptable,refurbish
clothing,79.78,117,wrong_size,like_new,recycle
clothing,24.97,38,wrong_size,good,peer_exchange
books,33.35,158,better_price_found,very_good,resell_as_is
electronics,373.45,36,no_longer_needed,for_parts,recycle
books,23.16,5,no_longer_needed,for_parts,recycle
clothing,29.91,346,defective,very_good,peer_exchange
books,44.46,181,better_price_found,for_parts,recycle
electronics,150.36,56,defective,like_new,resell_as_is
clothing,94.58,57,defective,acceptable,refurbish
clothing,43.89,20,not_as_described,like_new,resell_as_is
clothing,18.62,32,wrong_size,like_new,peer_exchange
clothing,103.87,57,not_as_described,very_good,resell_as_is
clothing,160.99,136,not_as_described,good,refurbish
electronics,33.12,41,defective,like_new,donate
home,457.41,3,defective,very_good,refurbish
books,17.97,24,no_longer_needed,for_parts,recycle
clothing,81.11,46,no_longer_needed,acceptable,refurbish
home,76.14,13,not_as_described,very_good,resell_as_is
toys,26.69,65,no_longer_needed,acceptable,refurbish
clothing,169.75,40,better_price_found,good,refurbish
books,42.18,177,better_price_found,very_good,resell_as_is
clothing,86.63,1,not_as_described,acceptable,refurbish
clothing,20.95,65,defective,good,peer_exchange
home,275.34,45,not_as_described,good,refurbish
electronics,584.1,23,not_as_described,good,refurbish
home,76.93,63,no_longer_needed,good,refurbish
clothing,174.31,16,wrong_size,for_parts,recycle
home,359.94,8,better_price_found,very_good,resell_as_is
electronics,321.67,67,not_as_described,acceptable,refurbish
electronics,227.74,4,no_longer_needed,like_new,resell_as_is
clothing,54.63,130,no_longer_needed,like_new,resell_as_is
electronics,518.38,41,no_longer_needed,good,refurbish
books,13.13,53,not_as_described,very_good,peer_exchange
clothing,159.7,23,no_longer_needed,like_new,resell_as_is
clothing,150.96,284,not_as_described,good,refurbish
clothing,85.3,72,defective,acceptable,refurbish
home,388.51,62,defective,good,refurbish
electronics,570.04,94,no_longer_needed,like_new,peer_exchange
home,371.7,66,defective,very_good,resell_as_is
toys,69.88,36,no_longer_needed,for_parts,recycle
clothing,80.47,137,no_longer_needed,good,refurbish
electronics,277.99,160,better_price_found,good,refurbish
books,25.08,3,no_longer_needed,good,peer_exchange
clothing,55.62,30,wrong_size,acceptable,refurbish
home,107.61,99,defective,good,refurbish
home,210.1,65,no_longer_needed,like_new,donate
electronics,486.87,16,defective,acceptable,refurbish
clothing,10.89,46,wrong_size,like_new,peer_exchange
electronics,725.12,38,not_as_described,good,refurbish
electronics,272.33,5,defective,like_new,resell_as_is
electronics,72.51,1,not_as_described,good,refurbish
clothing,74.26,27,no_longer_needed,for_parts,recycle
clothing,66.01,107,wrong_size,good,refurbish
clothing,35.57,64,not_as_described,good,refurbish
clothing,197.31,3,wrong_size,acceptable,refurbish
clothing,19.72,1,not_as_described,good,peer_exchange
electronics,681.03,19,not_as_described,very_good,resell_as_is
books,24.88,27,better_price_found,very_good,peer_exchange
clothing,98.04,100,no_longer_needed,good,refurbish
electronics,576.57,118,defective,for_parts,recycle
books,40.35,7,no_longer_needed,good,refurbish
home,287.3,238,defective,good,refurbish
electronics,408.21,15,better_price_found,good,refurbish
toys,28.08,25,no_longer_needed,good,peer_exchange
home,295.42,25,defective,like_new,resell_as_is
home,152.99,128,no_longer_needed,for_parts,recycle
electronics,482.87,22,better_price_found,acceptable,refurbish
clothing,193.73,12,wrong_size,good,refurbish
home,368.33,4,no_longer_needed,very_good,resell_as_is
clothing,141.78,69,wrong_size,acceptable,refurbish
electronics,351.26,15,better_price_found,for_parts,recycle
clothing,198.48,2,wrong_size,acceptable,refurbish
home,314.83,72,defective,good,refurbish
clothing,189.49,1,wrong_size,like_new,resell_as_is
electronics,597.45,10,defective,very_good,resell_as_is
clothing,14.22,58,not_as_described,very_good,peer_exchange
electronics,187.86,64,not_as_described,for_parts,recycle
clothing,41.8,24,defective,good,refurbish
clothing,22.03,99,wrong_size,very_good,peer_exchange
clothing,107.69,33,not_as_described,very_good,resell_as_is
home,128.35,6,not_as_described,good,refurbish
electronics,707.65,88,not_as_described,acceptable,refurbish
home,64.25,11,not_as_described,very_good,resell_as_is
clothing,121.55,51,wrong_size,very_good,resell_as_is
clothing,62.29,4,wrong_size,good,refurbish
electronics,492.72,33,no_longer_needed,acceptable,refurbish
clothing,138.59,179,defective,very_good,resell_as_is
clothing,97.53,47,wrong_size,acceptable,refurbish
toys,26.76,58,no_longer_needed,acceptable,donate
toys,35.16,161,not_as_described,good,refurbish
home,275.19,64,wrong_size,acceptable,refurbish
clothing,119.19,51,no_longer_needed,like_new,resell_as_is
toys,9.15,45,no_longer_needed,very_good,peer_exchange
home,120.38,15,no_longer_needed,acceptable,refurbish
books,12.11,98,no_longer_needed,good,peer_exchange
books,49.55,11,no_longer_needed,very_good,resell_as_is
electronics,182.81,115,not_as_described,acceptable,refurbish
electronics,510.34,4,defective,very_good,resell_as_is
clothing,198.76,10,wrong_size,good,refurbish
home,76.0,33,better_price_found,like_new,resell_as_is
electronics,659.94,108,defective,very_good,resell_as_is
electronics,661.2,7,defective,good,refurbish
electronics,230.63,53,no_longer_needed,acceptable,refurbish
home,275.66,47,wrong_size,very_good,resell_as_is
clothing,106.47,72,wrong_size,like_new,resell_as_is
clothing,54.82,16,not_as_described,like_new,resell_as_is
electronics,710.02,74,not_as_described,very_good,resell_as_is
electronics,675.67,13,no_longer_needed,very_good,resell_as_is
clothing,196.44,152,no_longer_needed,very_good,peer_exchange
clothing,176.39,41,not_as_described,acceptable,refurbish
toys,12.42,109,no_longer_needed,very_good,peer_exchange
clothing,18.18,46,wrong_size,good,peer_exchange
books,8.12,21,no_longer_needed,good,peer_exchange
electronics,310.76,69,not_as_described,very_good,resell_as_is
electronics,282.48,17,better_price_found,acceptable,refurbish
books,35.72,27,not_as_described,very_good,resell_as_is
electronics,233.31,63,no_longer_needed,good,refurbish
clothing,183.22,20,no_longer_needed,for_parts,recycle
clothing,33.67,204,no_longer_needed,acceptable,refurbish
clothing,24.9,4,not_as_described,very_good,peer_exchange
toys,40.74,81,better_price_found,acceptable,resell_as_is
clothing,181.55,12,wrong_size,good,refurbish
clothing,90.65,10,wrong_size,very_good,resell_as_is
clothing,136.16,71,not_as_described,very_good,resell_as_is
clothing,131.14,18,better_price_found,for_parts,recycle
electronics,607.09,9,better_price_found,very_good,resell_as_is
home,192.65,17,no_longer_needed,acceptable,refurbish
clothing,144.79,139,no_longer_needed,good,refurbish
home,432.48,36,no_longer_needed,good,refurbish
clothing,179.94,24,no_longer_needed,good,refurbish
home,238.17,4,no_longer_needed,for_parts,recycle
electronics,524.78,8,defective,very_good,resell_as_is
books,12.06,176,no_longer_needed,for_parts,recycle
clothing,91.85,32,better_price_found,acceptable,refurbish
clothing,74.42,19,no_longer_needed,very_good,resell_as_is
clothing,42.26,160,no_longer_needed,good,refurbish
toys,87.25,141,not_as_described,good,refurbish
clothing,131.95,154,wrong_size,good,refurbish
clothing,79.97,88,better_price_found,good,refurbish
home,498.94,6,no_longer_needed,good,refurbish
electronics,765.43,6,defective,very_good,resell_as_is
home,44.94,10,not_as_described,acceptable,refurbish
clothing,109.86,28,not_as_described,good,refurbish
clothing,177.16,98,better_price_found,good,donate
home,242.52,9,defective,very_good,donate
books,21.37,56,no_longer_needed,very_good,peer_exchange
clothing,159.59,32,wrong_size,acceptable,refurbish
electronics,476.48,5,no_longer_needed,for_parts,recycle
clothing,170.69,45,defective,very_good,resell_as_is
home,142.47,15,not_as_described,good,refurbish
clothing,40.47,140,wrong_size,acceptable,refurbish
home,462.78,28,no_longer_needed,good,refurbish
electronics,375.24,274,defective,for_parts,recycle
clothing,15.53,20,wrong_size,good,peer_exchange
clothing,95.03,15,not_as_described,good,refurbish
clothing,178.45,92,wrong_size,like_new,resell_as_is
books,46.83,61,no_longer_needed,good,refurbish
home,47.51,26,not_as_described,very_good,resell_as_is
electronics,46.98,26,not_as_described,like_new,resell_as_is
clothing,198.69,92,wrong_size,for_parts,recycle
electronics,40.96,92,defective,for_parts,recycle
electronics,282.12,44,no_longer_needed,good,refurbish
clothing,51.13,26,wrong_size,acceptable,refurbish
clothing,43.1,55,wrong_size,like_new,resell_as_is
clothing,54.49,66,no_longer_needed,very_good,resell_as_is
books,14.49,150,no_longer_needed,very_good,peer_exchange
electronics,466.58,39,no_longer_needed,acceptable,donate
clothing,85.76,73,not_as_described,good,refurbish
electronics,29.69,12,no_longer_needed,very_good,refurbish
electronics,472.33,2,better_price_found,very_good,resell_as_is
toys,10.79,44,no_longer_needed,very_good,peer_exchange
clothing,57.34,74,defective,good,refurbish
clothing,159.08,122,not_as_described,acceptable,refurbish
electronics,562.52,157,defective,acceptable,resell_as_is
home,45.06,33,not_as_described,acceptable,refurbish
electronics,89.9,100,not_as_described,very_good,resell_as_is
books,34.31,8,no_longer_needed,acceptable,refurbish
home,139.2,3,no_longer_needed,very_good,resell_as_is
clothing,51.68,145,wrong_size,for_parts,recycle
clothing,146.48,31,not_as_described,acceptable,refurbish
clothing,68.55,119,not_as_described,for_parts,recycle
clothing,125.56,133,not_as_described,very_good,resell_as_is
clothing,172.32,21,not_as_described,very_good,resell_as_is
clothing,55.33,85,no_longer_needed,like_new,resell_as_is
clothing,58.63,4,wrong_size,acceptable,refurbish
home,355.58,192,better_price_found,for_parts,refurbish
books,46.09,10,no_longer_needed,for_parts,recycle
electronics,366.09,20,no_longer_needed,acceptable,refurbish
home,436.93,75,defective,acceptable,refurbish
home,176.76,4,defective,good,refurbish
clothing,195.97,28,better_price_found,for_parts,recycle
books,28.28,70,better_price_found,like_new,peer_exchange
clothing,149.15,52,not_as_described,good,refurbish
books,25.21,30,not_as_described,acceptable,refurbish
electronics,377.12,89,no_longer_needed,acceptable,recycle
toys,69.08,3,wrong_size,acceptable,refurbish
electronics,448.84,12,defective,good,refurbish
electronics,52.72,74,not_as_described,very_good,resell_as_is
books,19.46,54,no_longer_needed,good,peer_exchange
clothing,166.83,56,wrong_size,like_new,resell_as_is
home,496.58,75,no_longer_needed,very_good,resell_as_is
clothing,196.2,37,defective,good,refurbish
clothing,84.54,44,wrong_size,good,refurbish
toys,88.45,38,no_longer_needed,good,refurbish
clothing,16.35,7,wrong_size,acceptable,refurbish
toys,41.72,26,defective,acceptable,refurbish
toys,37.05,63,no_longer_needed,very_good,resell_as_is
clothing,128.84,49,wrong_size,like_new,resell_as_is
clothing,27.2,13,wrong_size,very_good,resell_as_is
clothing,21.97,228,no_longer_needed,like_new,peer_exchange
clothing,16.15,158,no_longer_needed,for_parts,recycle
home,72.31,34,no_longer_needed,like_new,resell_as_is
clothing,141.29,17,wrong_size,good,refurbish
home,134.75,1,better_price_found,very_good,resell_as_is
clothing,45.59,45,better_price_found,very_good,resell_as_is
clothing,196.34,15,wrong_size,like_new,resell_as_is
clothing,136.92,50,better_price_found,very_good,resell_as_is
clothing,139.53,157,better_price_found,acceptable,refurbish
home,482.15,137,defective,good,refurbish
electronics,384.19,10,defective,good,refurbish
toys,82.77,188,better_price_found,acceptable,refurbish
electronics,227.33,75,not_as_described,very_good,resell_as_is
electronics,183.79,108,no_longer_needed,very_good,peer_exchange
electronics,639.92,50,not_as_described,very_good,resell_as_is
toys,27.66,23,not_as_described,for_parts,recycle
clothing,79.96,138,wrong_size,good,refurbish
clothing,114.08,9,no_longer_needed,like_new,resell_as_is
clothing,164.56,14,wrong_size,good,refurbish
home,275.66,64,not_as_described,very_good,resell_as_is
home,321.76,61,defective,for_parts,recycle
clothing,52.52,23,no_longer_needed,very_good,resell_as_is
electronics,774.84,111,no_longer_needed,acceptable,resell_as_is
clothing,156.04,85,not_as_described,good,peer_exchange
electronics,304.68,47,no_longer_needed,acceptable,refurbish
clothing,172.23,38,not_as_described,like_new,resell_as_is
clothing,148.24,18,not_as_described,good,refurbish
books,42.77,4,no_longer_needed,very_good,resell_as_is
clothing,134.72,18,wrong_size,acceptable,refurbish
toys,80.86,5,defective,good,refurbish
clothing,191.2,6,no_longer_needed,like_new,resell_as_is
clothing,77.71,190,not_as_described,acceptable,refurbish
books,43.88,38,better_price_found,good,refurbish
electronics,211.18,70,defective,good,refurbish
electronics,461.87,50,defective,very_good,resell_as_is
clothing,152.37,2,wrong_size,very_good,resell_as_is
clothing,107.07,32,defective,for_parts,recycle
home,172.18,44,no_longer_needed,very_good,resell_as_is
electronics,92.99,11,no_longer_needed,very_good,resell_as_is
clothing,42.12,105,defective,very_good,resell_as_is
clothing,136.05,47,defective,good,refurbish
books,46.71,98,no_longer_needed,for_parts,recycle
home,374.49,74,no_longer_needed,very_good,resell_as_is
books,13.1,10,no_longer_needed,very_good,peer_exchange
home,398.48,5,defective,good,refurbish
books,33.81,41,wrong_size,acceptable,refurbish
clothing,142.67,167,wrong_size,like_new,resell_as_is
home,77.7,42,no_longer_needed,acceptable,refurbish
home,475.76,2,no_longer_needed,good,refurbish
clothing,169.06,54,wrong_size,for_parts,recycle
clothing,145.34,14,wrong_size,very_good,resell_as_is
toys,43.75,21,no_longer_needed,acceptable,refurbish
books,18.72,18,no_longer_needed,like_new,peer_exchange
books,35.48,22,not_as_described,good,refurbish
clothing,26.87,34,wrong_size,like_new,peer_exchange
clothing,93.47,12,wrong_size,like_new,resell_as_is
electronics,693.39,110,better_price_found,acceptable,refurbish
books,37.86,22,no_longer_needed,good,donate
clothing,192.36,38,no_longer_needed,for_parts,recycle
clothing,185.42,49,wrong_size,good,refurbish
home,467.79,198,no_longer_needed,good,resell_as_is
home,254.97,18,no_longer_needed,very_good,resell_as_is
home,285.84,13,no_longer_needed,very_good,resell_as_is
clothing,123.05,56,wrong_size,good,refurbish
books,35.98,209,no_longer_needed,very_good,resell_as_is
toys,41.01,19,better_price_found,acceptable,recycle
clothing,26.64,16,not_as_described,like_new,peer_exchange
home,199.97,9,better_price_found,good,refurbish
electronics,178.51,96,not_as_described,for_parts,recycle
electronics,799.51,259,no_longer_needed,very_good,resell_as_is
electronics,60.54,104,better_price_found,acceptable,refurbish
clothing,131.82,67,wrong_size,acceptable,refurbish
clothing,122.04,47,no_longer_needed,good,resell_as_is
toys,30.48,228,better_price_found,like_new,resell_as_is
clothing,163.53,43,wrong_size,like_new,resell_as_is
electronics,154.72,127,no_longer_needed,for_parts,recycle
books,12.86,63,no_longer_needed,for_parts,recycle
home,172.5,8,not_as_described,very_good,resell_as_is
clothing,54.13,65,wrong_size,for_parts,recycle
clothing,57.33,48,wrong_size,very_good,resell_as_is
electronics,291.47,64,no_longer_needed,like_new,resell_as_is
electronics,72.18,87,no_longer_needed,good,refurbish
clothing,169.6,72,better_price_found,good,refurbish
home,496.63,137,defective,for_parts,recycle
clothing,178.52,23,wrong_size,for_parts,recycle
toys,33.21,42,not_as_described,good,refurbish
toys,54.1,12,defective,very_good,resell_as_is
clothing,152.27,185,no_longer_needed,acceptable,refurbish
clothing,166.42,62,not_as_described,very_good,resell_as_is
clothing,122.14,38,wrong_size,acceptable,refurbish
toys,93.28,44,no_longer_needed,acceptable,refurbish
electronics,221.61,33,defective,very_good,resell_as_is
books,40.2,12,no_longer_needed,good,refurbish
electronics,616.96,6,no_longer_needed,like_new,peer_exchange
clothing,34.71,70,not_as_described,good,resell_as_is
toys,22.23,25,better_price_found,very_good,peer_exchange
toys,71.38,66,no_longer_needed,good,refurbish
clothing,136.03,81,not_as_described,acceptable,recycle
toys,23.35,40,no_longer_needed,acceptable,refurbish
books,6.92,14,no_longer_needed,acceptable,donate
clothing,144.55,55,better_price_found,for_parts,recycle
clothing,80.89,33,wrong_size,very_good,resell_as_is
clothing,191.97,2,wrong_size,acceptable,refurbish
clothing,13.01,12,better_price_found,good,peer_exchange
electronics,202.98,13,defective,very_good,resell_as_is
home,280.99,22,no_longer_needed,good,refurbish
electronics,768.52,24,defective,good,refurbish
home,455.43,43,wrong_size,like_new,resell_as_is
home,112.8,7,better_price_found,very_good,resell_as_is
clothing,180.35,74,defective,acceptable,refurbish
books,48.99,14,not_as_described,good,refurbish
books,12.02,34,no_longer_needed,good,donate
clothing,52.68,65,wrong_size,good,refurbish
electronics,58.42,41,defective,like_new,refurbish
electronics,769.78,37,not_as_described,acceptable,refurbish
clothing,23.3,58,no_longer_needed,acceptable,refurbish
home,87.7,82,wrong_size,very_good,resell_as_is
clothing,88.02,105,not_as_described,very_good,resell_as_is
books,26.85,125,not_as_described,good,peer_exchange
clothing,119.35,51,not_as_described,good,refurbish
clothing,92.45,15,wrong_size,very_good,resell_as_is
home,149.22,247,defective,acceptable,refurbish
clothing,136.3,49,not_as_described,acceptable,refurbish
toys,29.24,1,better_price_found,very_good,peer_exchange
home,162.49,22,no_longer_needed,like_new,resell_as_is
clothing,92.46,30,wrong_size,very_good,resell_as_is
electronics,462.8,63,not_as_described,like_new,resell_as_is
books,47.91,28,defective,good,refurbish
home,371.33,34,better_price_found,like_new,resell_as_is
home,273.59,87,no_longer_needed,very_good,resell_as_is
clothing,103.89,12,wrong_size,good,refurbish
clothing,132.91,58,no_longer_needed,good,refurbish
electronics,722.61,182,not_as_described,for_parts,recycle
electronics,528.11,150,defective,for_parts,recycle
home,199.6,48,defective,good,refurbish
clothing,198.88,116,wrong_size,for_parts,recycle
home,148.9,22,defective,acceptable,refurbish
electronics,366.56,25,no_longer_needed,very_good,resell_as_is
home,204.88,13,no_longer_needed,like_new,refurbish
toys,93.16,108,no_longer_needed,acceptable,refurbish
clothing,52.47,181,not_as_described,good,refurbish
clothing,193.29,86,no_longer_needed,very_good,donate
books,18.97,68,defective,very_good,peer_exchange
electronics,567.52,28,defective,like_new,resell_as_is
electronics,695.23,45,defective,for_parts,recycle
clothing,60.96,23,wrong_size,very_good,resell_as_is
clothing,147.88,22,wrong_size,like_new,resell_as_is
home,174.5,15,better_price_found,good,refurbish
clothing,112.77,215,not_as_described,good,refurbish
clothing,116.79,50,defective,good,refurbish
books,38.18,105,defective,acceptable,refurbish
electronics,371.65,22,defective,very_good,resell_as_is
home,455.29,26,defective,very_good,resell_as_is
electronics,468.22,152,not_as_described,very_good,peer_exchange
electronics,124.94,3,defective,acceptable,refurbish
clothing,191.86,33,wrong_size,good,refurbish
electronics,773.76,55,not_as_described,for_parts,recycle
clothing,17.95,16,wrong_size,for_parts,recycle
electronics,790.04,18,no_longer_needed,like_new,resell_as_is
clothing,143.69,26,no_longer_needed,for_parts,recycle
home,78.98,26,no_longer_needed,very_good,resell_as_is
clothing,68.86,272,defective,acceptable,refurbish
electronics,410.24,5,no_longer_needed,good,refurbish
home,405.21,80,not_as_described,acceptable,refurbish
clothing,133.26,60,no_longer_needed,for_parts,recycle
clothing,97.72,2,wrong_size,very_good,resell_as_is
home,83.65,42,defective,very_good,resell_as_is
clothing,175.64,11,defective,good,refurbish
clothing,74.73,21,wrong_size,for_parts,recycle
clothing,151.57,21,not_as_described,like_new,resell_as_is
toys,87.65,12,better_price_found,very_good,resell_as_is
clothing,26.99,116,wrong_size,good,peer_exchange
home,378.22,90,defective,acceptable,refurbish
electronics,253.14,140,wrong_size,acceptable,refurbish
clothing,166.18,11,wrong_size,good,refurbish
electronics,419.72,30,defective,good,refurbish
electronics,597.03,5,not_as_described,very_good,resell_as_is
books,35.15,10,better_price_found,very_good,resell_as_is
clothing,49.01,148,defective,very_good,resell_as_is
books,47.88,123,not_as_described,acceptable,refurbish
electronics,397.89,67,defective,good,refurbish
electronics,353.68,42,no_longer_needed,acceptable,refurbish
home,314.63,43,not_as_described,good,refurbish
clothing,197.27,10,defective,very_good,resell_as_is
home,415.02,2,better_price_found,acceptable,refurbish
clothing,104.42,12,wrong_size,like_new,resell_as_is
clothing,35.84,127,wrong_size,for_parts,recycle
home,327.97,92,not_as_described,very_good,resell_as_is
toys,48.6,111,no_longer_needed,good,refurbish
clothing,149.27,114,wrong_size,for_parts,recycle
home,477.5,87,defective,very_good,resell_as_is
clothing,124.56,94,no_longer_needed,like_new,resell_as_is
clothing,12.54,33,wrong_size,good,peer_exchange
clothing,123.51,98,no_longer_needed,good,refurbish
electronics,84.46,124,no_longer_needed,like_new,resell_as_is
home,403.93,42,defective,very_good,resell_as_is
home,409.16,82,not_as_described,good,refurbish
toys,23.47,78,defective,very_good,peer_exchange
home,75.39,69,defective,for_parts,recycle
electronics,182.59,16,defective,good,refurbish
clothing,42.93,66,not_as_described,good,refurbish
clothing,50.94,403,wrong_size,acceptable,refurbish
home,244.79,110,no_longer_needed,very_good,resell_as_is
electronics,152.03,6,defective,acceptable,refurbish
home,358.61,92,better_price_found,very_good,resell_as_is
electronics,430.0,15,defective,like_new,resell_as_is
electronics,558.33,131,not_as_described,acceptable,refurbish
clothing,187.78,3,wrong_size,like_new,resell_as_is
home,488.65,11,wrong_size,like_new,resell_as_is
clothing,60.76,80,wrong_size,very_good,resell_as_is
toys,34.23,19,no_longer_needed,like_new,resell_as_is
clothing,44.99,40,better_price_found,acceptable,refurbish
toys,83.48,25,no_longer_needed,very_good,resell_as_is
books,14.23,22,better_price_found,good,donate
clothing,171.38,9,wrong_size,very_good,resell_as_is
home,178.16,92,not_as_described,good,refurbish
clothing,152.93,51,better_price_found,good,refurbish
clothing,46.26,27,defective,like_new,resell_as_is
toys,45.89,156,not_as_described,very_good,resell_as_is
toys,66.76,154,not_as_described,very_good,resell_as_is
clothing,174.58,17,not_as_described,acceptable,refurbish
toys,35.64,48,better_price_found,like_new,resell_as_is
electronics,363.39,6,defective,good,refurbish
clothing,92.88,26,better_price_found,very_good,resell_as_is
electronics,721.73,21,not_as_described,very_good,resell_as_is
books,26.3,2,better_price_found,for_parts,refurbish
toys,72.08,44,not_as_described,acceptable,refurbish
home,259.8,12,better_price_found,very_good,resell_as_is
clothing,32.96,67,not_as_described,very_good,resell_as_is
clothing,94.15,42,wrong_size,good,recycle
clothing,142.72,67,no_longer_needed,good,refurbish
clothing,176.18,26,no_longer_needed,very_good,resell_as_is
clothing,104.81,157,wrong_size,good,refurbish
home,240.54,80,better_price_found,very_good,resell_as_is
clothing,187.96,16,no_longer_needed,very_good,resell_as_is
toys,91.92,38,not_as_described,good,refurbish
clothing,171.21,4,not_as_described,good,recycle
home,72.23,88,better_price_found,very_good,resell_as_is
clothing,95.11,64,no_longer_needed,for_parts,recycle
home,309.65,50,defective,very_good,resell_as_is
home,51.76,48,wrong_size,acceptable,refurbish
clothing,118.52,162,better_price_found,acceptable,refurbish
electronics,270.72,84,not_as_described,acceptable,refurbish
electronics,538.17,28,defective,very_good,resell_as_is
home,66.43,26,no_longer_needed,for_parts,recycle
electronics,71.51,52,not_as_described,very_good,resell_as_is
electronics,294.16,95,no_longer_needed,good,refurbish
electronics,558.95,8,defective,good,donate
electronics,511.39,13,not_as_described,good,refurbish
clothing,178.49,16,better_price_found,very_good,resell_as_is
home,390.62,23,wrong_size,good,refurbish
clothing,22.29,30,not_as_described,like_new,peer_exchange
clothing,69.29,255,better_price_found,good,refurbish
clothing,171.1,26,wrong_size,acceptable,refurbish
clothing,108.54,55,wrong_size,good,refurbish
toys,31.24,18,no_longer_needed,very_good,donate
clothing,193.98,3,wrong_size,acceptable,refurbish
books,30.95,32,no_longer_needed,good,refurbish
clothing,28.25,21,better_price_found,good,peer_exchange
clothing,11.72,61,no_longer_needed,very_good,peer_exchange
home,306.42,74,no_longer_needed,good,refurbish
electronics,335.86,48,better_price_found,very_good,resell_as_is
electronics,766.46,55,not_as_described,very_good,resell_as_is
home,323.44,133,not_as_described,very_good,resell_as_is
books,49.57,70,no_longer_needed,good,refurbish
clothing,24.94,13,not_as_described,acceptable,refurbish
electronics,612.69,71,not_as_described,like_new,resell_as_is
books,5.48,7,better_price_found,good,peer_exchange
home,160.6,22,defective,very_good,resell_as_is
toys,15.91,17,not_as_described,very_good,peer_exchange
toys,13.17,151,not_as_described,like_new,peer_exchange
clothing,57.3,106,defective,very_good,resell_as_is
toys,64.93,3,better_price_found,acceptable,refurbish
electronics,314.19,14,no_longer_needed,very_good,resell_as_is
home,339.49,88,not_as_described,very_good,resell_as_is
clothing,140.61,59,defective,good,recycle
books,5.92,125,better_price_found,good,peer_exchange
books,20.64,53,no_longer_needed,acceptable,refurbish
clothing,87.5,116,wrong_size,very_good,resell_as_is
clothing,136.33,126,wrong_size,good,refurbish
clothing,184.51,237,no_longer_needed,like_new,resell_as_is
electronics,434.66,3,not_as_described,acceptable,refurbish
clothing,28.35,5,not_as_described,like_new,peer_exchange
electronics,717.54,114,defective,very_good,recycle
books,42.26,33,better_price_found,very_good,resell_as_is
electronics,117.03,136,defective,good,refurbish
clothing,76.13,82,no_longer_needed,good,refurbish
clothing,154.87,64,defective,acceptable,refurbish
books,38.0,46,no_longer_needed,for_parts,peer_exchange
clothing,190.85,4,defective,very_good,resell_as_is
electronics,51.56,47,defective,like_new,resell_as_is
clothing,195.63,108,no_longer_needed,good,refurbish
toys,75.31,6,not_as_described,good,refurbish
books,17.67,29,better_price_found,good,peer_exchange
electronics,441.21,76,no_longer_needed,acceptable,peer_exchange
electronics,709.74,38,not_as_described,like_new,resell_as_is
home,157.94,136,defective,acceptable,refurbish
books,36.46,34,no_longer_needed,acceptable,refurbish
electronics,212.67,85,no_longer_needed,very_good,resell_as_is
clothing,59.77,56,wrong_size,like_new,resell_as_is
clothing,41.9,220,not_as_described,very_good,resell_as_is
clothing,140.06,122,defective,good,refurbish
clothing,16.81,54,better_price_found,acceptable,refurbish
electronics,493.6,135,defective,acceptable,resell_as_is
toys,14.53,61,no_longer_needed,good,peer_exchange
books,17.91,10,no_longer_needed,for_parts,recycle
clothing,22.31,25,no_longer_needed,acceptable,refurbish
clothing,159.12,2,wrong_size,like_new,resell_as_is
electronics,43.07,35,not_as_described,very_good,resell_as_is
clothing,162.91,222,no_longer_needed,very_good,resell_as_is
books,46.05,5,no_longer_needed,like_new,resell_as_is
clothing,182.98,174,not_as_described,very_good,peer_exchange
clothing,49.4,12,not_as_described,like_new,resell_as_is
toys,80.82,171,defective,for_parts,recycle
home,157.58,310,not_as_described,very_good,resell_as_is
clothing,92.84,14,wrong_size,like_new,resell_as_is
electronics,759.23,54,defective,for_parts,recycle
clothing,79.62,2,better_price_found,acceptable,peer_exchange
toys,82.58,2,no_longer_needed,like_new,resell_as_is
electronics,556.42,18,defective,like_new,resell_as_is
home,200.42,5,no_longer_needed,for_parts,recycle
electronics,528.98,5,defective,good,refurbish
toys,82.42,20,better_price_found,very_good,resell_as_is
clothing,133.42,17,better_price_found,very_good,resell_as_is
home,442.53,37,no_longer_needed,like_new,resell_as_is
home,214.14,23,not_as_described,like_new,resell_as_is
toys,69.25,53,better_price_found,good,refurbish
home,267.89,215,better_price_found,for_parts,refurbish
clothing,48.49,95,wrong_size,good,refurbish
electronics,265.53,163,no_longer_needed,very_good,resell_as_is
clothing,67.31,26,better_price_found,like_new,resell_as_is
clothing,55.42,19,wrong_size,very_good,resell_as_is
books,17.05,119,better_price_found,very_good,peer_exchange
clothing,170.87,23,no_longer_needed,good,refurbish
clothing,21.85,54,no_longer_needed,very_good,peer_exchange
electronics,183.52,23,no_longer_needed,good,refurbish
toys,75.19,29,no_longer_needed,very_good,donate
books,12.19,130,better_price_found,like_new,peer_exchange
electronics,639.96,34,no_longer_needed,acceptable,peer_exchange
electronics,740.38,49,not_as_described,for_parts,recycle
clothing,140.49,24,wrong_size,good,refurbish
clothing,97.22,66,no_longer_needed,acceptable,refurbish
toys,9.45,36,better_price_found,good,peer_exchange
electronics,474.0,205,defective,very_good,resell_as_is
clothing,129.14,17,not_as_described,good,refurbish
electronics,451.44,81,no_longer_needed,acceptable,refurbish
books,47.22,2,no_longer_needed,very_good,resell_as_is
books,7.15,55,better_price_found,good,peer_exchange
electronics,589.61,5,not_as_described,for_parts,recycle
home,402.91,1,better_price_found,very_good,resell_as_is
books,35.9,28,defective,very_good,resell_as_is
electronics,679.98,24,no_longer_needed,good,refurbish
electronics,136.08,51,better_price_found,for_parts,recycle
books,15.52,145,no_longer_needed,for_parts,recycle
home,371.61,42,better_price_found,very_good,resell_as_is
books,32.72,5,not_as_described,acceptable,refurbish
toys,44.5,135,better_price_found,for_parts,recycle
clothing,25.38,54,no_longer_needed,very_good,peer_exchange
home,205.67,34,not_as_described,good,refurbish
clothing,23.13,8,no_longer_needed,acceptable,refurbish
electronics,62.11,33,not_as_described,acceptable,refurbish
books,44.51,213,better_price_found,very_good,resell_as_is
home,284.59,12,wrong_size,very_good,resell_as_is
clothing,94.93,362,not_as_described,acceptable,refurbish
books,19.98,10,better_price_found,good,peer_exchange
clothing,16.66,18,not_as_described,like_new,peer_exchange
electronics,26.61,134,better_price_found,very_good,refurbish
electronics,341.04,39,not_as_described,very_good,resell_as_is
home,479.86,9,better_price_found,acceptable,refurbish
electronics,110.87,34,not_as_described,good,refurbish
home,358.31,44,not_as_described,very_good,resell_as_is
electronics,465.13,62,better_price_found,good,refurbish
clothing,59.36,6,not_as_described,like_new,resell_as_is
electronics,753.61,72,defective,very_good,resell_as_is
clothing,130.04,5,not_as_described,like_new,resell_as_is
clothing,187.4,62,defective,acceptable,peer_exchange
clothing,170.12,133,not_as_described,very_good,resell_as_is
home,221.24,91,not_as_described,good,refurbish
home,434.63,28,better_price_found,like_new,resell_as_is
clothing,90.65,95,no_longer_needed,very_good,resell_as_is
clothing,43.73,24,wrong_size,very_good,resell_as_is
books,45.45,69,better_price_found,good,refurbish
books,14.38,19,no_longer_needed,like_new,peer_exchange
clothing,128.95,97,wrong_size,very_good,resell_as_is
clothing,158.88,34,no_longer_needed,acceptable,refurbish
clothing,81.9,64,not_as_described,very_good,resell_as_is
home,279.11,1,better_price_found,acceptable,refurbish
home,387.35,56,no_longer_needed,very_good,resell_as_is
clothing,24.75,230,wrong_size,good,peer_exchange
electronics,552.93,30,no_longer_needed,good,refurbish
books,5.23,10,better_price_found,good,peer_exchange
clothing,114.45,59,wrong_size,like_new,resell_as_is
clothing,102.67,38,no_longer_needed,like_new,resell_as_is
toys,79.02,34,no_longer_needed,good,refurbish
electronics,150.49,21,defective,very_good,resell_as_is
clothing,18.71,63,defective,good,peer_exchange
electronics,335.47,40,not_as_described,good,refurbish
home,122.2,182,defective,for_parts,recycle
books,6.36,14,no_longer_needed,acceptable,donate
electronics,557.21,42,defective,good,refurbish
home,311.9,54,not_as_described,very_good,resell_as_is
clothing,194.46,93,wrong_size,good,refurbish
electronics,475.13,18,not_as_described,like_new,resell_as_is
clothing,12.95,191,not_as_described,for_parts,recycle
clothing,82.8,14,defective,very_good,resell_as_is
electronics,221.26,239,defective,acceptable,refurbish
clothing,166.34,85,not_as_described,very_good,resell_as_is
electronics,238.27,119,defective,good,refurbish
clothing,140.38,3,defective,good,refurbish
clothing,181.9,295,no_longer_needed,acceptable,refurbish
clothing,159.5,56,better_price_found,acceptable,refurbish
clothing,47.42,17,wrong_size,acceptable,refurbish
clothing,143.36,8,not_as_described,very_good,resell_as_is
electronics,125.37,89,defective,very_good,resell_as_is
clothing,197.93,37,wrong_size,like_new,resell_as_is
home,141.31,49,not_as_described,very_good,resell_as_is
electronics,345.31,35,defective,like_new,resell_as_is
clothing,187.11,74,wrong_size,good,refurbish
toys,36.77,35,no_longer_needed,for_parts,recycle
clothing,27.14,10,not_as_described,very_good,peer_exchange
clothing,118.4,25,defective,good,refurbish
clothing,145.68,30,no_longer_needed,for_parts,recycle
home,438.04,7,not_as_described,good,refurbish
books,22.51,23,no_longer_needed,very_good,peer_exchange
home,71.03,80,defective,good,refurbish
clothing,69.03,10,no_longer_needed,very_good,peer_exchange
electronics,577.58,83,defective,acceptable,refurbish
clothing,167.12,43,no_longer_needed,good,donate
home,340.86,49,better_price_found,very_good,resell_as_is
home,362.59,50,defective,very_good,resell_as_is
electronics,529.13,18,no_longer_needed,very_good,resell_as_is
home,381.27,15,not_as_described,good,refurbish
home,26.46,8,defective,very_good,donate
clothing,149.17,89,wrong_size,very_good,resell_as_is
electronics,776.86,155,no_longer_needed,very_good,resell_as_is
toys,64.32,30,defective,like_new,resell_as_is
clothing,104.38,84,wrong_size,like_new,resell_as_is
electronics,418.08,49,defective,acceptable,donate
clothing,138.85,30,wrong_size,acceptable,refurbish
electronics,173.07,37,not_as_described,acceptable,refurbish
home,61.74,39,better_price_found,good,refurbish
home,381.98,43,not_as_described,like_new,resell_as_is
clothing,126.59,252,no_longer_needed,acceptable,refurbish
clothing,29.4,53,wrong_size,good,peer_exchange
electronics,624.85,68,defective,for_parts,recycle
electronics,293.09,233,better_price_found,very_good,resell_as_is
home,25.54,85,not_as_described,very_good,refurbish
clothing,145.7,63,wrong_size,acceptable,refurbish
toys,51.57,6,no_longer_needed,good,recycle
clothing,187.39,20,not_as_described,acceptable,refurbish
toys,41.34,41,defective,like_new,resell_as_is
books,19.18,94,better_price_found,very_good,peer_exchange
clothing,117.91,96,not_as_described,very_good,resell_as_is
electronics,429.41,3,no_longer_needed,like_new,recycle
toys,29.67,107,no_longer_needed,good,peer_exchange
electronics,609.74,117,defective,very_good,resell_as_is
books,41.36,34,no_longer_needed,good,refurbish
clothing,37.69,1,no_longer_needed,very_good,resell_as_is
clothing,82.51,5,wrong_size,good,refurbish
clothing,26.82,86,wrong_size,for_parts,recycle
books,15.2,18,better_price_found,good,peer_exchange
clothing,119.72,136,not_as_described,good,refurbish
home,456.08,11,better_price_found,very_good,resell_as_is
clothing,60.23,16,better_price_found,like_new,resell_as_is
home,479.91,137,no_longer_needed,good,refurbish
clothing,43.96,298,wrong_size,like_new,resell_as_is
clothing,83.72,60,wrong_size,good,refurbish
clothing,181.01,107,not_as_described,good,refurbish
clothing,137.53,47,defective,for_parts,peer_exchange
books,24.24,218,defective,like_new,peer_exchange
clothing,94.08,15,wrong_size,acceptable,peer_exchange
clothing,56.4,63,not_as_described,for_parts,recycle
home,358.17,24,better_price_found,very_good,resell_as_is
home,219.38,13,not_as_described,very_good,resell_as_is
clothing,138.68,79,defective,like_new,resell_as_is
home,403.34,23,better_price_found,very_good,resell_as_is
clothing,199.5,14,no_longer_needed,like_new,resell_as_is
clothing,133.24,8,wrong_size,like_new,resell_as_is
electronics,330.62,11,not_as_described,acceptable,refurbish
home,135.52,81,no_longer_needed,very_good,recycle
clothing,82.59,26,not_as_described,very_good,resell_as_is
electronics,785.23,3,wrong_size,good,recycle
clothing,156.67,20,no_longer_needed,like_new,resell_as_is
home,206.34,48,defective,very_good,resell_as_is
home,447.6,27,no_longer_needed,good,refurbish
home,315.81,35,defective,good,refurbish
clothing,173.67,11,not_as_described,like_new,resell_as_is
toys,65.62,2,better_price_found,good,refurbish
home,106.42,32,defective,very_good,resell_as_is
electronics,177.12,60,not_as_described,very_good,resell_as_is
clothing,123.76,138,better_price_found,very_good,resell_as_is
clothing,155.78,13,wrong_size,very_good,resell_as_is
electronics,347.34,19,better_price_found,good,refurbish
electronics,362.19,12,defective,very_good,resell_as_is
clothing,49.97,24,defective,like_new,resell_as_is
electronics,90.44,144,defective,very_good,resell_as_is
electronics,779.13,252,no_longer_needed,for_parts,recycle
clothing,175.1,57,no_longer_needed,like_new,resell_as_is
clothing,39.26,44,wrong_size,good,refurbish
clothing,193.35,79,not_as_described,acceptable,refurbish
home,116.65,181,not_as_described,like_new,resell_as_is
books,37.85,60,better_price_found,good,refurbish
clothing,148.17,414,wrong_size,acceptable,refurbish
home,171.6,121,not_as_described,good,refurbish
electronics,460.51,120,defective,like_new,resell_as_is
home,126.76,20,no_longer_needed,good,refurbish
clothing,160.11,104,wrong_size,for_parts,recycle
electronics,190.41,80,not_as_described,very_good,resell_as_is
home,67.97,36,no_longer_needed,for_parts,donate
electronics,196.04,31,defective,acceptable,refurbish
books,47.91,48,not_as_described,good,refurbish
electronics,579.0,11,defective,very_good,resell_as_is
toys,15.83,25,not_as_described,very_good,peer_exchange
home,63.18,67,defective,good,refurbish
home,432.93,138,no_longer_needed,good,recycle
electronics,666.03,3,wrong_size,acceptable,refurbish
electronics,773.44,61,defective,good,refurbish
electronics,742.95,15,defective,very_good,recycle
clothing,34.74,11,wrong_size,good,refurbish
clothing,14.63,19,wrong_size,for_parts,donate
clothing,130.14,27,wrong_size,acceptable,refurbish
clothing,138.61,20,not_as_described,acceptable,refurbish
books,40.48,179,no_longer_needed,very_good,resell_as_is
home,83.29,27,no_longer_needed,good,resell_as_is
electronics,37.58,27,no_longer_needed,good,refurbish
clothing,133.4,41,no_longer_needed,acceptable,refurbish
electronics,420.65,121,better_price_found,like_new,resell_as_is
home,467.83,6,not_as_described,good,donate
books,38.62,52,no_longer_needed,good,refurbish
clothing,88.82,10,no_longer_needed,very_good,resell_as_is
electronics,605.61,68,defective,good,refurbish
clothing,158.74,16,wrong_size,very_good,resell_as_is
electronics,583.33,94,defective,very_good,resell_as_is
home,480.29,22,better_price_found,very_good,refurbish
electronics,378.26,3,no_longer_needed,good,refurbish
clothing,155.9,32,not_as_described,acceptable,refurbish
electronics,306.31,90,better_price_found,good,refurbish
clothing,35.91,24,not_as_described,very_good,resell_as_is
home,312.77,91,defective,like_new,recycle
electronics,707.26,48,no_longer_needed,very_good,resell_as_is
clothing,15.65,25,no_longer_needed,acceptable,refurbish
clothing,191.75,42,wrong_size,good,refurbish
home,225.52,15,not_as_described,for_parts,recycle
books,11.63,152,no_longer_needed,like_new,peer_exchange
toys,54.7,37,defective,like_new,resell_as_is
home,435.5,42,not_as_described,good,refurbish
electronics,752.27,62,wrong_size,for_parts,recycle
toys,89.78,13,better_price_found,acceptable,refurbish
toys,43.06,161,no_longer_needed,good,refurbish
home,230.79,237,defective,for_parts,recycle
toys,41.93,106,no_longer_needed,acceptable,refurbish
toys,93.03,39,not_as_described,good,refurbish
clothing,180.4,28,no_longer_needed,good,refurbish
clothing,171.99,49,not_as_described,acceptable,donate
clothing,133.11,63,defective,like_new,peer_exchange
clothing,152.48,3,defective,for_parts,recycle
home,243.48,82,no_longer_needed,like_new,recycle
clothing,52.29,111,no_longer_needed,good,refurbish
clothing,96.19,6,wrong_size,very_good,resell_as_is
clothing,90.66,205,defective,good,refurbish
electronics,219.38,37,not_as_described,like_new,resell_as_is
electronics,682.92,108,defective,good,refurbish
electronics,709.21,43,defective,very_good,resell_as_is
electronics,131.38,13,defective,very_good,resell_as_is
clothing,125.03,11,wrong_size,for_parts,recycle
toys,69.02,42,defective,good,refurbish
electronics,24.82,81,not_as_described,good,refurbish
clothing,81.17,6,no_longer_needed,good,refurbish
toys,23.8,95,better_price_found,acceptable,refurbish
books,40.7,36,no_longer_needed,acceptable,refurbish
toys,98.84,25,no_longer_needed,good,recycle
toys,47.47,76,better_price_found,good,refurbish
home,455.82,6,not_as_described,for_parts,recycle
electronics,677.59,39,no_longer_needed,acceptable,refurbish
clothing,116.1,116,no_longer_needed,very_good,resell_as_is
clothing,101.37,37,wrong_size,for_parts,recycle
clothing,190.75,47,wrong_size,good,refurbish
toys,19.41,22,no_longer_needed,very_good,peer_exchange
clothing,180.14,52,no_longer_needed,very_good,resell_as_is
clothing,77.24,64,defective,very_good,resell_as_is
electronics,537.85,45,not_as_described,very_good,resell_as_is
home,408.27,30,defective,like_new,resell_as_is
clothing,88.45,49,no_longer_needed,good,refurbish
toys,33.52,72,not_as_described,like_new,refurbish
clothing,133.5,79,not_as_described,good,refurbish
home,472.62,40,defective,good,refurbish
clothing,38.81,59,no_longer_needed,acceptable,refurbish
electronics,733.03,80,no_longer_needed,good,refurbish
clothing,189.24,10,wrong_size,like_new,resell_as_is
books,13.37,3,not_as_described,acceptable,donate
clothing,166.08,180,wrong_size,acceptable,refurbish
electronics,609.47,39,defective,acceptable,refurbish
home,177.12,16,wrong_size,very_good,resell_as_is
clothing,170.55,86,not_as_described,acceptable,refurbish
electronics,627.22,67,no_longer_needed,good,refurbish
clothing,165.22,24,wrong_size,very_good,resell_as_is
clothing,181.85,23,not_as_described,acceptable,refurbish
clothing,109.43,18,defective,very_good,refurbish
home,98.32,10,not_as_described,very_good,resell_as_is
home,481.75,31,wrong_size,acceptable,refurbish
clothing,129.78,38,not_as_described,very_good,resell_as_is
clothing,121.58,129,not_as_described,acceptable,refurbish
home,249.45,1,defective,good,peer_exchange
clothing,176.96,80,wrong_size,acceptable,donate
home,439.27,57,defective,very_good,resell_as_is
electronics,395.08,40,no_longer_needed,for_parts,recycle
home,427.99,3,no_longer_needed,acceptable,refurbish
home,408.31,2,better_price_found,for_parts,recycle
clothing,80.11,46,wrong_size,good,refurbish
home,46.91,5,better_price_found,acceptable,refurbish
electronics,495.31,18,defective,acceptable,refurbish
home,69.37,28,defective,very_good,resell_as_is
home,164.48,68,no_longer_needed,for_parts,recycle
clothing,172.99,12,defective,good,refurbish
electronics,329.78,26,no_longer_needed,good,resell_as_is
books,8.36,18,no_longer_needed,very_good,peer_exchange
clothing,143.87,43,wrong_size,good,refurbish
home,205.64,357,defective,very_good,refurbish
electronics,297.09,163,defective,acceptable,refurbish
home,392.87,47,no_longer_needed,acceptable,refurbish
books,20.37,34,no_longer_needed,like_new,peer_exchange
clothing,58.77,52,wrong_size,acceptable,refurbish
clothing,196.57,26,wrong_size,acceptable,refurbish
electronics,708.02,41,defective,good,refurbish
clothing,114.69,10,no_longer_needed,like_new,refurbish
clothing,151.78,3,wrong_size,like_new,resell_as_is
books,16.99,2,not_as_described,like_new,peer_exchange
clothing,56.56,111,defective,for_parts,recycle
home,400.82,13,no_longer_needed,acceptable,refurbish
books,22.66,31,wrong_size,acceptable,refurbish
books,5.59,144,defective,like_new,peer_exchange
electronics,195.26,112,not_as_described,very_good,resell_as_is
books,43.82,8,no_longer_needed,good,refurbish
home,30.49,26,defective,good,refurbish
home,73.76,86,defective,good,refurbish
electronics,606.83,184,not_as_described,like_new,resell_as_is
toys,69.18,73,no_longer_needed,for_parts,recycle
clothing,179.05,90,wrong_size,acceptable,refurbish
clothing,45.27,130,wrong_size,for_parts,recycle
home,77.43,41,wrong_size,acceptable,refurbish
home,448.84,5,not_as_described,very_good,resell_as_is
books,10.82,133,no_longer_needed,acceptable,donate
home,390.41,42,better_price_found,good,refurbish
toys,39.27,79,no_longer_needed,like_new,resell_as_is
clothing,45.39,7,not_as_described,very_good,resell_as_is
books,9.22,73,no_longer_needed,like_new,peer_exchange
home,263.32,71,defective,very_good,resell_as_is
home,207.54,67,no_longer_needed,very_good,resell_as_is
electronics,488.95,70,no_longer_needed,for_parts,recycle
electronics,755.15,63,not_as_described,good,refurbish
clothing,128.68,1,not_as_described,like_new,resell_as_is
toys,25.04,20,no_longer_needed,good,peer_exchange
electronics,451.48,154,no_longer_needed,very_good,donate
home,460.23,154,defective,for_parts,recycle
books,9.19,14,defective,very_good,peer_exchange
electronics,195.38,15,defective,like_new,resell_as_is
toys,49.22,101,no_longer_needed,like_new,resell_as_is
toys,58.92,46,no_longer_needed,acceptable,refurbish
clothing,17.05,8,not_as_described,good,peer_exchange
home,150.64,22,defective,good,refurbish
books,41.07,9,not_as_described,very_good,resell_as_is
clothing,76.55,10,wrong_size,good,refurbish
books,40.68,50,no_longer_needed,acceptable,refurbish
clothing,58.86,90,not_as_described,acceptable,refurbish
electronics,794.5,42,defective,very_good,resell_as_is
electronics,371.44,183,defective,for_parts,recycle
books,36.95,54,not_as_described,good,refurbish
electronics,646.99,48,no_longer_needed,good,refurbish
home,134.77,113,not_as_described,acceptable,refurbish
home,36.11,159,no_longer_needed,good,refurbish
books,39.55,37,not_as_described,very_good,resell_as_is
home,361.52,41,defective,very_good,resell_as_is
electronics,55.83,24,defective,acceptable,refurbish
electronics,329.45,6,no_longer_needed,like_new,resell_as_is
electronics,538.6,15,not_as_described,like_new,resell_as_is
home,94.74,36,not_as_described,very_good,refurbish
books,30.73,60,no_longer_needed,good,refurbish
electronics,275.65,21,not_as_described,good,refurbish
books,7.21,38,not_as_described,for_parts,recycle
books,35.16,9,better_price_found,very_good,resell_as_is
clothing,148.74,45,better_price_found,good,recycle
books,35.61,16,defective,very_good,resell_as_is
electronics,78.78,32,defective,good,refurbish
toys,48.09,10,defective,good,refurbish
clothing,36.81,41,wrong_size,good,refurbish
home,404.76,131,no_longer_needed,very_good,resell_as_is
home,121.62,73,no_longer_needed,good,refurbish
home,110.9,13,no_longer_needed,very_good,resell_as_is
clothing,54.81,91,no_longer_needed,acceptable,refurbish
clothing,163.7,26,wrong_size,good,refurbish
clothing,41.14,30,no_longer_needed,good,refurbish
home,426.2,11,no_longer_needed,good,refurbish
toys,11.36,62,defective,acceptable,donate
electronics,40.15,187,better_price_found,for_parts,recycle
clothing,195.61,134,wrong_size,acceptable,refurbish
electronics,595.58,40,no_longer_needed,acceptable,refurbish
electronics,573.99,29,no_longer_needed,good,refurbish
electronics,493.59,33,defective,for_parts,recycle
clothing,175.06,16,not_as_described,acceptable,refurbish
electronics,84.45,294,not_as_described,good,refurbish
clothing,157.41,150,wrong_size,very_good,resell_as_is
clothing,110.79,77,no_longer_needed,good,refurbish
clothing,178.8,63,no_longer_needed,acceptable,refurbish
books,20.35,116,no_longer_needed,acceptable,refurbish
home,363.66,10,not_as_described,good,refurbish
electronics,794.17,94,defective,acceptable,refurbish
home,95.09,75,no_longer_needed,acceptable,refurbish
clothing,50.85,44,not_as_described,acceptable,refurbish
home,29.38,48,better_price_found,acceptable,refurbish
clothing,168.08,102,not_as_described,good,peer_exchange
books,11.74,12,defective,good,peer_exchange
home,27.96,12,no_longer_needed,good,peer_exchange
electronics,782.59,100,defective,like_new,resell_as_is
home,148.65,183,better_price_found,very_good,resell_as_is
electronics,260.44,42,defective,very_good,resell_as_is
toys,84.31,88,no_longer_needed,like_new,resell_as_is
clothing,198.59,61,not_as_described,very_good,resell_as_is
clothing,183.18,14,wrong_size,for_parts,recycle
clothing,156.83,8,no_longer_needed,good,refurbish
clothing,148.08,25,no_longer_needed,very_good,resell_as_is
home,247.06,56,no_longer_needed,acceptable,refurbish
clothing,121.48,89,defective,very_good,resell_as_is
clothing,21.15,97,no_longer_needed,very_good,peer_exchange
clothing,108.28,38,no_longer_needed,good,refurbish
home,436.09,57,no_longer_needed,very_good,resell_as_is
electronics,721.34,28,defective,very_good,resell_as_is
clothing,157.08,39,not_as_described,good,refurbish
toys,58.73,59,not_as_described,very_good,resell_as_is
home,167.61,42,no_longer_needed,good,refurbish
toys,65.34,23,no_longer_needed,acceptable,refurbish
books,9.52,190,not_as_described,good,peer_exchange
electronics,520.64,81,defective,good,refurbish
toys,20.77,120,no_longer_needed,acceptable,refurbish
home,462.71,8,defective,for_parts,recycle
clothing,112.44,23,not_as_described,acceptable,refurbish
electronics,141.82,72,defective,like_new,resell_as_is
home,106.78,61,not_as_described,acceptable,refurbish
electronics,363.32,71,better_price_found,acceptable,donate
books,8.31,54,defective,like_new,peer_exchange
clothing,27.83,27,wrong_size,very_good,peer_exchange
books,20.91,25,defective,acceptable,refurbish
clothing,95.85,95,wrong_size,good,refurbish
electronics,615.74,15,no_longer_needed,good,refurbish
home,406.2,123,not_as_described,good,recycle
clothing,69.54,4,wrong_size,very_good,resell_as_is
toys,68.51,31,no_longer_needed,good,refurbish
electronics,743.09,59,not_as_described,good,refurbish
electronics,345.68,4,defective,good,refurbish
home,493.56,118,not_as_described,very_good,resell_as_is
electronics,790.37,238,better_price_found,good,refurbish
home,167.48,115,defective,acceptable,refurbish
electronics,393.29,134,better_price_found,acceptable,refurbish
toys,98.13,33,not_as_described,good,refurbish
clothing,120.06,99,wrong_size,good,refurbish
clothing,118.63,93,wrong_size,like_new,resell_as_is
clothing,82.5,160,defective,for_parts,recycle
clothing,141.66,9,wrong_size,acceptable,refurbish
clothing,77.73,43,no_longer_needed,very_good,resell_as_is
electronics,330.3,13,defective,very_good,resell_as_is
clothing,136.12,46,no_longer_needed,very_good,resell_as_is
clothing,120.11,61,not_as_described,acceptable,refurbish
clothing,106.2,33,wrong_size,very_good,resell_as_is
electronics,666.85,36,not_as_described,like_new,resell_as_is
electronics,409.41,5,defective,acceptable,refurbish
home,173.4,26,not_as_described,very_good,resell_as_is
electronics,454.75,76,better_price_found,good,refurbish
clothing,190.68,100,not_as_described,very_good,resell_as_is
home,465.37,255,defective,good,refurbish
clothing,30.75,21,not_as_described,like_new,resell_as_is
clothing,77.34,70,defective,very_good,resell_as_is
home,342.1,36,defective,acceptable,refurbish
books,22.67,18,better_price_found,for_parts,recycle
home,174.87,40,not_as_described,good,refurbish
toys,15.92,70,no_longer_needed,very_good,peer_exchange
books,32.48,104,no_longer_needed,good,refurbish
clothing,150.5,52,better_price_found,acceptable,refurbish
clothing,132.93,99,wrong_size,acceptable,refurbish
clothing,96.75,31,no_longer_needed,very_good,resell_as_is
books,49.06,56,no_longer_needed,acceptable,refurbish
home,46.13,65,no_longer_needed,like_new,resell_as_is
electronics,157.15,109,defective,good,refurbish
electronics,527.12,7,not_as_described,for_parts,recycle
books,18.63,73,better_price_found,for_parts,recycle
home,127.65,2,not_as_described,acceptable,refurbish
electronics,311.56,14,not_as_described,for_parts,recycle
clothing,71.76,153,no_longer_needed,good,refurbish
home,336.91,50,no_longer_needed,like_new,resell_as_is
toys,40.61,177,no_longer_needed,for_parts,recycle
electronics,222.82,19,defective,very_good,resell_as_is
clothing,76.3,4,wrong_size,very_good,resell_as_is
toys,34.24,72,better_price_found,good,refurbish
toys,22.92,5,no_longer_needed,good,peer_exchange
toys,85.82,19,no_longer_needed,acceptable,refurbish
electronics,683.33,7,not_as_described,very_good,resell_as_is
electronics,111.18,73,defective,like_new,resell_as_is
clothing,52.3,29,no_longer_needed,very_good,resell_as_is
home,418.12,26,not_as_described,acceptable,recycle
electronics,234.39,188,defective,acceptable,resell_as_is
clothing,148.82,91,not_as_described,very_good,resell_as_is
home,427.46,8,no_longer_needed,very_good,resell_as_is
clothing,46.09,8,not_as_described,acceptable,refurbish
home,405.83,78,no_longer_needed,good,refurbish
toys,36.24,8,better_price_found,acceptable,refurbish
clothing,68.74,101,better_price_found,like_new,resell_as_is
electronics,639.89,100,not_as_described,good,refurbish
electronics,408.1,10,no_longer_needed,like_new,peer_exchange
clothing,115.97,23,no_longer_needed,good,refurbish
books,45.02,5,defective,good,refurbish
home,477.51,5,no_longer_needed,good,refurbish
clothing,107.98,170,better_price_found,good,refurbish
home,196.93,147,no_longer_needed,for_parts,recycle
clothing,57.44,170,no_longer_needed,like_new,resell_as_is
home,345.36,3,not_as_described,acceptable,refurbish
electronics,573.98,64,defective,for_parts,recycle
books,22.58,29,not_as_described,acceptable,recycle
home,362.6,23,no_longer_needed,very_good,resell_as_is
books,38.26,90,defective,like_new,resell_as_is
electronics,426.6,46,defective,good,donate
books,32.81,60,better_price_found,good,refurbish
electronics,422.58,3,no_longer_needed,acceptable,refurbish
clothing,80.32,14,defective,very_good,resell_as_is
home,351.66,44,better_price_found,very_good,resell_as_is
electronics,544.95,78,no_longer_needed,good,refurbish
electronics,577.12,97,defective,like_new,resell_as_is
toys,55.89,10,not_as_described,acceptable,refurbish
electronics,260.57,84,defective,good,refurbish
toys,77.66,17,defective,very_good,resell_as_is
electronics,219.67,65,not_as_described,very_good,resell_as_is
home,78.47,10,not_as_described,good,refurbish
home,198.55,64,defective,good,refurbish
home,53.6,7,defective,good,refurbish
electronics,532.23,87,defective,very_good,resell_as_is
home,162.75,82,better_price_found,very_good,resell_as_is
electronics,65.77,53,not_as_described,acceptable,refurbish
clothing,107.33,85,wrong_size,very_good,donate
home,180.62,7,defective,good,refurbish
clothing,111.11,120,better_price_found,very_good,resell_as_is
home,311.7,26,better_price_found,good,refurbish
clothing,176.79,2,no_longer_needed,for_parts,recycle
clothing,41.5,3,not_as_described,very_good,resell_as_is
clothing,194.85,235,no_longer_needed,good,refurbish
toys,74.95,31,better_price_found,very_good,resell_as_is
electronics,591.76,63,not_as_described,good,refurbish
home,322.19,20,defective,good,refurbish
toys,85.9,37,no_longer_needed,very_good,resell_as_is
clothing,197.87,11,not_as_described,for_parts,recycle
clothing,23.89,18,no_longer_needed,like_new,peer_exchange
clothing,44.33,7,not_as_described,very_good,resell_as_is
clothing,137.99,34,better_price_found,acceptable,refurbish
clothing,197.14,45,better_price_found,acceptable,refurbish
home,99.31,191,not_as_described,for_parts,recycle
books,5.37,52,not_as_described,acceptable,donate
home,453.69,22,defective,very_good,resell_as_is
clothing,117.59,37,better_price_found,good,refurbish
books,17.44,7,no_longer_needed,very_good,peer_exchange
clothing,47.94,60,wrong_size,acceptable,refurbish
home,483.26,64,no_longer_needed,like_new,resell_as_is
electronics,404.58,189,defective,like_new,resell_as_is
electronics,541.06,20,defective,acceptable,peer_exchange
electronics,93.41,28,not_as_described,good,refurbish
clothing,13.13,2,defective,good,peer_exchange
home,492.78,30,defective,very_good,resell_as_is
electronics,657.64,99,not_as_described,acceptable,refurbish
home,166.68,12,defective,for_parts,peer_exchange
electronics,639.94,49,defective,for_parts,recycle
electronics,654.36,112,no_longer_needed,very_good,resell_as_is
clothing,100.11,53,defective,very_good,resell_as_is
clothing,182.6,61,no_longer_needed,good,refurbish
clothing,195.8,102,wrong_size,acceptable,refurbish
clothing,199.68,76,wrong_size,acceptable,refurbish
toys,32.26,38,better_price_found,for_parts,recycle
electronics,636.26,120,not_as_described,very_good,resell_as_is
clothing,46.84,26,no_longer_needed,like_new,resell_as_is
clothing,53.22,74,defective,for_parts,recycle
toys,60.28,47,defective,for_parts,recycle
clothing,188.49,115,wrong_size,acceptable,refurbish
electronics,404.43,33,no_longer_needed,acceptable,refurbish
clothing,189.99,5,not_as_described,good,refurbish
electronics,380.71,22,defective,like_new,resell_as_is
toys,57.53,17,better_price_found,good,refurbish
toys,79.86,46,wrong_size,good,refurbish
clothing,20.34,57,no_longer_needed,for_parts,recycle
toys,43.3,83,defective,good,refurbish
clothing,94.65,33,not_as_described,for_parts,recycle
clothing,74.23,68,no_longer_needed,like_new,resell_as_is
clothing,25.96,26,defective,acceptable,refurbish
clothing,38.0,14,not_as_described,acceptable,refurbish
electronics,315.61,4,not_as_described,like_new,resell_as_is
home,356.12,175,better_price_found,like_new,resell_as_is
clothing,92.75,21,wrong_size,acceptable,refurbish
clothing,145.47,93,not_as_described,good,refurbish
electronics,593.78,194,no_longer_needed,good,recycle
books,40.63,7,better_price_found,acceptable,refurbish
clothing,172.49,10,not_as_described,like_new,resell_as_is
electronics,593.31,35,defective,good,peer_exchange
electronics,393.9,3,defective,very_good,resell_as_is
toys,16.59,59,no_longer_needed,like_new,refurbish
clothing,109.54,25,defective,acceptable,refurbish
clothing,38.13,90,no_longer_needed,good,refurbish
clothing,152.14,249,defective,very_good,resell_as_is
clothing,130.86,88,wrong_size,acceptable,donate
electronics,177.06,73,wrong_size,like_new,resell_as_is
books,49.14,63,better_price_found,acceptable,refurbish
clothing,128.52,10,wrong_size,acceptable,refurbish
toys,45.42,15,defective,good,refurbish
electronics,561.22,33,no_longer_needed,good,refurbish
clothing,63.6,63,no_longer_needed,like_new,resell_as_is
electronics,767.91,52,defective,like_new,resell_as_is
books,24.53,6,no_longer_needed,acceptable,refurbish
books,38.8,25,no_longer_needed,good,refurbish
books,19.75,41,defective,like_new,peer_exchange
clothing,32.16,37,wrong_size,very_good,resell_as_is
books,39.28,130,better_price_found,like_new,resell_as_is
electronics,750.72,16,defective,for_parts,recycle
electronics,56.56,103,defective,acceptable,refurbish
electronics,191.61,2,defective,good,refurbish
clothing,83.33,14,wrong_size,good,refurbish
clothing,188.53,4,no_longer_needed,very_good,resell_as_is
toys,72.44,27,no_longer_needed,good,refurbish
home,389.19,1,defective,very_good,resell_as_is
electronics,271.78,38,not_as_described,for_parts,recycle
clothing,155.92,108,not_as_described,very_good,resell_as_is
toys,28.66,93,wrong_size,like_new,peer_exchange
clothing,113.8,29,wrong_size,very_good,resell_as_is
clothing,122.54,69,no_longer_needed,good,refurbish
toys,31.95,25,no_longer_needed,acceptable,refurbish
electronics,702.12,95,not_as_described,very_good,resell_as_is
electronics,772.67,75,not_as_described,acceptable,refurbish
electronics,222.04,241,no_longer_needed,for_parts,resell_as_is
home,464.82,174,better_price_found,good,refurbish
clothing,37.33,39,wrong_size,like_new,resell_as_is
home,82.27,26,no_longer_needed,very_good,resell_as_is
clothing,122.73,10,wrong_size,very_good,peer_exchange
electronics,362.74,85,defective,good,refurbish
home,310.75,23,no_longer_needed,like_new,resell_as_is
home,18.34,65,not_as_described,very_good,peer_exchange
toys,52.31,37,better_price_found,very_good,resell_as_is
clothing,50.05,26,wrong_size,good,refurbish
home,295.29,123,defective,acceptable,refurbish
clothing,83.18,3,not_as_described,good,refurbish
clothing,77.95,35,no_longer_needed,good,refurbish
books,26.56,137,no_longer_needed,good,peer_exchange
toys,98.46,28,no_longer_needed,very_good,resell_as_is
home,492.44,21,no_longer_needed,very_good,donate
clothing,36.39,2,wrong_size,like_new,resell_as_is
electronics,212.77,61,defective,good,refurbish
clothing,146.49,7,wrong_size,good,refurbish
home,191.46,23,not_as_described,good,refurbish
clothing,154.21,17,no_longer_needed,acceptable,refurbish
electronics,108.73,186,defective,good,refurbish
books,9.34,6,no_longer_needed,very_good,peer_exchange
home,299.23,108,no_longer_needed,very_good,resell_as_is
clothing,42.58,39,wrong_size,very_good,resell_as_is
home,433.28,89,defective,good,refurbish
clothing,187.74,130,no_longer_needed,for_parts,recycle
home,380.1,27,wrong_size,like_new,resell_as_is
clothing,78.86,57,wrong_size,good,refurbish
clothing,108.42,11,no_longer_needed,good,refurbish
electronics,735.5,26,better_price_found,very_good,resell_as_is
clothing,22.18,186,wrong_size,acceptable,refurbish
electronics,129.41,17,not_as_described,good,refurbish
electronics,293.52,11,not_as_described,good,refurbish
clothing,27.74,53,better_price_found,good,peer_exchange
electronics,67.41,88,not_as_described,acceptable,refurbish
electronics,373.94,66,not_as_described,very_good,resell_as_is
home,270.35,39,no_longer_needed,good,refurbish
clothing,46.55,86,no_longer_needed,acceptable,refurbish
electronics,770.84,89,no_longer_needed,good,refurbish
electronics,107.3,59,defective,very_good,resell_as_is
clothing,60.48,76,not_as_described,good,refurbish
clothing,80.19,211,wrong_size,acceptable,refurbish
toys,25.75,21,better_price_found,very_good,peer_exchange
clothing,140.4,105,wrong_size,acceptable,refurbish
home,289.56,247,defective,very_good,resell_as_is
electronics,694.46,26,defective,very_good,resell_as_is
electronics,435.15,7,defective,acceptable,refurbish
home,117.18,46,defective,like_new,resell_as_is
home,356.26,89,not_as_described,good,resell_as_is
home,35.16,108,defective,good,refurbish
clothing,58.21,50,not_as_described,good,refurbish
electronics,419.82,76,defective,good,refurbish
home,74.91,42,defective,very_good,refurbish
electronics,511.54,23,better_price_found,acceptable,refurbish
electronics,439.35,63,no_longer_needed,very_good,resell_as_is
clothing,102.62,309,not_as_described,very_good,resell_as_is
clothing,169.15,40,no_longer_needed,very_good,resell_as_is
clothing,14.49,86,no_longer_needed,very_good,peer_exchange
home,417.31,64,no_longer_needed,for_parts,recycle
clothing,130.88,53,not_as_described,acceptable,refurbish
clothing,18.02,6,wrong_size,very_good,refurbish
home,62.65,183,defective,very_good,resell_as_is
clothing,178.26,10,wrong_size,like_new,resell_as_is
electronics,528.35,35,no_longer_needed,very_good,peer_exchange
books,10.48,10,wrong_size,like_new,peer_exchange
home,64.67,91,no_longer_needed,very_good,peer_exchange
books,23.93,34,better_price_found,very_good,peer_exchange
home,333.39,146,not_as_described,very_good,resell_as_is
clothing,188.24,150,defective,good,refurbish
home,281.78,21,no_longer_needed,for_parts,recycle
electronics,637.58,271,no_longer_needed,very_good,recycle
home,53.43,76,no_longer_needed,like_new,resell_as_is
clothing,92.17,83,no_longer_needed,good,refurbish
home,163.43,34,not_as_described,like_new,resell_as_is
clothing,60.76,38,not_as_described,good,refurbish
home,156.58,8,no_longer_needed,very_good,resell_as_is
home,121.66,47,defective,good,refurbish
toys,95.09,55,not_as_described,very_good,resell_as_is
electronics,151.7,38,defective,for_parts,recycle
electronics,344.75,29,no_longer_needed,like_new,resell_as_is
home,196.0,27,not_as_described,acceptable,refurbish
books,8.19,24,no_longer_needed,very_good,peer_exchange
home,234.98,51,no_longer_needed,very_good,resell_as_is
books,42.28,46,better_price_found,good,refurbish
home,305.97,1,better_price_found,good,refurbish
clothing,29.06,108,not_as_described,acceptable,refurbish
home,401.89,25,wrong_size,acceptable,refurbish
books,32.82,61,not_as_described,good,refurbish
electronics,585.11,7,not_as_described,good,refurbish
books,27.13,112,better_price_found,like_new,peer_exchange
home,340.9,75,defective,like_new,resell_as_is
home,304.7,27,defective,acceptable,refurbish
home,21.1,34,wrong_size,acceptable,refurbish
electronics,742.59,2,defective,very_good,resell_as_is
home,484.19,72,defective,very_good,resell_as_is
toys,91.87,89,no_longer_needed,good,refurbish
electronics,276.78,37,no_longer_needed,good,refurbish
clothing,84.94,5,better_price_found,for_parts,refurbish
electronics,543.51,87,no_longer_needed,good,refurbish
home,314.99,23,better_price_found,good,refurbish
home,402.93,130,not_as_described,acceptable,refurbish
home,268.59,97,no_longer_needed,like_new,resell_as_is
electronics,271.49,39,no_longer_needed,very_good,resell_as_is
books,25.14,65,better_price_found,acceptable,refurbish
electronics,84.11,20,wrong_size,good,recycle
electronics,744.95,95,no_longer_needed,good,recycle
home,120.12,58,better_price_found,acceptable,refurbish
clothing,130.94,76,not_as_described,acceptable,refurbish
clothing,114.25,6,wrong_size,very_good,resell_as_is
clothing,112.93,18,better_price_found,good,refurbish
electronics,331.36,47,defective,very_good,resell_as_is
clothing,23.49,17,no_longer_needed,very_good,peer_exchange
electronics,791.21,6,not_as_described,good,refurbish
books,15.7,6,no_longer_needed,like_new,peer_exchange
home,472.74,51,not_as_described,good,refurbish
clothing,199.75,71,wrong_size,acceptable,refurbish
clothing,159.39,9,wrong_size,very_good,resell_as_is
electronics,437.91,20,not_as_described,very_good,resell_as_is
home,36.06,177,better_price_found,very_good,resell_as_is
clothing,127.63,21,no_longer_needed,like_new,resell_as_is
clothing,161.94,124,wrong_size,very_good,resell_as_is
clothing,171.2,1,not_as_described,very_good,resell_as_is
clothing,112.14,24,defective,good,refurbish
electronics,294.74,62,not_as_described,acceptable,refurbish
electronics,576.8,21,not_as_described,good,refurbish
clothing,195.46,9,wrong_size,acceptable,refurbish
home,163.28,14,defective,very_good,resell_as_is
electronics,654.68,46,defective,very_good,resell_as_is
electronics,711.67,81,not_as_described,good,refurbish
clothing,161.26,100,not_as_described,acceptable,refurbish
clothing,128.44,35,wrong_size,good,refurbish
electronics,75.23,18,no_longer_needed,like_new,resell_as_is
electronics,217.77,89,no_longer_needed,good,refurbish
books,14.97,63,better_price_found,good,peer_exchange
home,152.96,70,not_as_described,good,recycle
books,47.53,47,defective,very_good,resell_as_is
books,33.56,38,no_longer_needed,like_new,resell_as_is
clothing,108.6,47,no_longer_needed,very_good,resell_as_is
toys,73.31,31,no_longer_needed,good,refurbish
clothing,146.45,129,defective,for_parts,recycle
home,146.07,83,not_as_described,very_good,resell_as_is
electronics,292.3,55,defective,very_good,resell_as_is
electronics,100.36,13,better_price_found,acceptable,refurbish
books,23.02,28,better_price_found,for_parts,recycle
clothing,115.85,38,defective,like_new,resell_as_is
electronics,386.07,21,not_as_described,for_parts,recycle
electronics,651.06,36,no_longer_needed,acceptable,refurbish
home,469.53,47,defective,good,resell_as_is
electronics,187.14,7,better_price_found,like_new,resell_as_is
clothing,96.6,181,wrong_size,acceptable,refurbish
clothing,60.55,11,wrong_size,very_good,resell_as_is
toys,49.02,47,no_longer_needed,very_good,resell_as_is
electronics,775.95,39,defective,good,refurbish
home,477.38,150,not_as_described,acceptable,refurbish
electronics,660.42,72,better_price_found,for_parts,recycle
clothing,93.96,66,wrong_size,good,peer_exchange
clothing,69.71,40,better_price_found,very_good,resell_as_is
home,436.43,25,defective,for_parts,recycle
electronics,733.0,13,not_as_described,acceptable,refurbish
electronics,177.9,132,not_as_described,good,refurbish
home,155.21,16,better_price_found,very_good,resell_as_is
toys,73.75,53,wrong_size,good,refurbish
home,98.45,48,not_as_described,good,refurbish
home,83.53,2,defective,like_new,resell_as_is
clothing,11.39,6,wrong_size,for_parts,recycle
electronics,667.85,40,no_longer_needed,good,refurbish
clothing,41.91,91,not_as_described,like_new,resell_as_is
home,158.48,146,no_longer_needed,good,resell_as_is
clothing,147.57,19,not_as_described,good,refurbish
electronics,402.11,48,better_price_found,good,refurbish
clothing,47.1,13,no_longer_needed,good,refurbish
toys,35.33,7,not_as_described,like_new,resell_as_is
electronics,695.76,33,defective,good,refurbish
home,179.02,245,not_as_described,acceptable,refurbish
books,26.65,1,better_price_found,like_new,peer_exchange
electronics,171.56,76,better_price_found,like_new,resell_as_is
home,244.23,26,defective,good,refurbish
toys,50.66,130,better_price_found,very_good,resell_as_is
toys,61.16,13,not_as_described,like_new,resell_as_is
home,166.19,16,defective,acceptable,refurbish
toys,10.02,154,no_longer_needed,like_new,peer_exchange
electronics,196.57,19,not_as_described,very_good,resell_as_is
home,392.56,129,defective,good,refurbish
electronics,464.63,177,not_as_described,acceptable,refurbish
home,122.41,40,no_longer_needed,good,resell_as_is
clothing,64.4,40,wrong_size,acceptable,refurbish
electronics,672.84,17,defective,very_good,resell_as_is
clothing,99.32,3,no_longer_needed,very_good,resell_as_is
clothing,110.11,54,wrong_size,very_good,resell_as_is
books,48.26,45,defective,for_parts,recycle
electronics,778.32,20,no_longer_needed,like_new,resell_as_is
toys,98.63,9,no_longer_needed,good,refurbish
clothing,86.33,26,no_longer_needed,acceptable,refurbish
clothing,33.93,1,not_as_described,acceptable,refurbish
home,407.22,32,better_price_found,acceptable,refurbish
clothing,19.74,10,better_price_found,like_new,peer_exchange
electronics,565.04,7,defective,for_parts,recycle
clothing,29.1,69,no_longer_needed,for_parts,recycle
home,223.82,11,no_longer_needed,acceptable,refurbish
electronics,206.32,106,not_as_described,good,refurbish
clothing,16.73,56,wrong_size,for_parts,recycle
books,47.95,4,not_as_described,acceptable,refurbish
electronics,757.28,37,not_as_described,acceptable,refurbish
clothing,73.5,8,wrong_size,very_good,resell_as_is
clothing,93.09,12,wrong_size,like_new,resell_as_is
clothing,10.35,4,defective,very_good,peer_exchange
clothing,17.53,15,no_longer_needed,very_good,peer_exchange
electronics,788.09,10,better_price_found,like_new,resell_as_is
clothing,125.65,17,no_longer_needed,good,refurbish
clothing,33.79,109,wrong_size,very_good,resell_as_is
electronics,748.06,8,no_longer_needed,good,refurbish
clothing,82.63,229,no_longer_needed,good,refurbish
books,34.19,9,not_as_described,good,refurbish
clothing,91.11,12,wrong_size,good,recycle
electronics,379.34,136,no_longer_needed,like_new,resell_as_is
clothing,140.79,14,wrong_size,like_new,resell_as_is
clothing,174.27,3,not_as_described,like_new,resell_as_is
clothing,169.32,66,wrong_size,good,refurbish
books,32.88,58,defective,good,refurbish
home,38.07,73,not_as_described,good,refurbish
electronics,699.09,13,defective,good,refurbish
clothing,31.41,150,wrong_size,for_parts,recycle
clothing,152.12,20,wrong_size,very_good,resell_as_is
clothing,100.79,10,wrong_size,good,refurbish
clothing,198.16,27,not_as_described,good,refurbish
toys,56.15,26,defective,acceptable,resell_as_is
home,108.07,40,not_as_described,very_good,resell_as_is
clothing,172.7,115,better_price_found,for_parts,recycle
home,94.56,34,not_as_described,like_new,resell_as_is
home,86.32,25,wrong_size,very_good,resell_as_is
home,64.92,17,not_as_described,good,donate
toys,54.02,1,not_as_described,very_good,resell_as_is
clothing,107.03,28,not_as_described,like_new,resell_as_is
home,195.54,30,no_longer_needed,good,refurbish
clothing,101.77,4,defective,acceptable,refurbish
home,196.49,2,better_price_found,very_good,resell_as_is
clothing,190.39,53,better_price_found,good,refurbish
clothing,29.08,8,wrong_size,like_new,peer_exchange
clothing,23.7,1,wrong_size,for_parts,recycle
clothing,102.56,49,wrong_size,good,refurbish
clothing,177.78,9,no_longer_needed,good,refurbish
clothing,32.6,62,wrong_size,like_new,resell_as_is
clothing,198.67,34,wrong_size,for_parts,refurbish
books,5.91,132,not_as_described,good,peer_exchange
clothing,95.57,70,not_as_described,very_good,resell_as_is
toys,22.46,70,no_longer_needed,very_good,peer_exchange
electronics,542.85,80,not_as_described,like_new,resell_as_is
books,35.28,40,no_longer_needed,very_good,resell_as_is
books,6.46,67,no_longer_needed,good,peer_exchange
home,36.77,49,defective,very_good,resell_as_is
clothing,101.46,65,defective,acceptable,refurbish
toys,19.38,32,not_as_described,acceptable,refurbish
electronics,68.98,42,defective,good,refurbish
clothing,195.06,17,wrong_size,for_parts,recycle
clothing,111.17,25,wrong_size,very_good,resell_as_is
clothing,63.64,24,not_as_described,very_good,resell_as_is
clothing,163.51,69,wrong_size,acceptable,refurbish
books,37.48,76,no_longer_needed,very_good,resell_as_is
clothing,96.05,50,wrong_size,acceptable,refurbish
electronics,633.69,28,no_longer_needed,good,refurbish
clothing,116.31,1,wrong_size,acceptable,refurbish
home,150.75,115,not_as_described,for_parts,recycle
home,24.94,55,not_as_described,like_new,refurbish
electronics,141.9,28,not_as_described,for_parts,recycle
electronics,770.58,107,defective,good,refurbish
toys,55.49,39,better_price_found,like_new,resell_as_is
home,312.77,11,defective,acceptable,refurbish
electronics,762.17,53,not_as_described,very_good,resell_as_is
clothing,50.01,9,not_as_described,good,refurbish
clothing,84.56,26,not_as_described,very_good,resell_as_is
home,327.3,30,no_longer_needed,good,refurbish
clothing,89.37,145,wrong_size,like_new,resell_as_is
home,237.46,8,no_longer_needed,acceptable,refurbish
electronics,418.31,10,not_as_described,very_good,resell_as_is
electronics,487.09,52,defective,for_parts,recycle
clothing,105.79,43,wrong_size,very_good,resell_as_is
clothing,82.45,35,not_as_described,for_parts,recycle
books,25.2,282,not_as_described,good,peer_exchange
toys,52.26,64,defective,good,refurbish
electronics,427.06,65,defective,good,refurbish
clothing,50.9,15,no_longer_needed,very_good,refurbish
electronics,470.91,262,defective,like_new,resell_as_is
clothing,33.89,51,defective,acceptable,refurbish
toys,79.75,41,no_longer_needed,acceptable,refurbish
home,144.4,32,no_longer_needed,good,refurbish
books,24.22,21,not_as_described,good,peer_exchange
electronics,127.81,37,better_price_found,very_good,resell_as_is
clothing,80.11,77,not_as_described,good,refurbish
clothing,168.24,44,defective,like_new,resell_as_is
clothing,139.08,125,not_as_described,good,refurbish
home,333.45,36,no_longer_needed,very_good,resell_as_is
home,230.77,18,no_longer_needed,acceptable,donate
electronics,269.26,33,defective,good,refurbish
clothing,54.49,33,not_as_described,for_parts,recycle
books,49.31,50,not_as_described,acceptable,refurbish
books,47.77,20,no_longer_needed,good,refurbish
books,16.45,65,better_price_found,very_good,peer_exchange
clothing,26.55,12,wrong_size,like_new,peer_exchange
electronics,694.32,57,better_price_found,very_good,peer_exchange
home,39.74,9,defective,good,refurbish
clothing,140.14,26,wrong_size,acceptable,refurbish
clothing,124.4,5,wrong_size,like_new,resell_as_is
clothing,98.89,6,defective,good,recycle
home,378.63,79,defective,acceptable,refurbish
home,483.93,26,no_longer_needed,good,refurbish
home,210.53,50,not_as_described,good,refurbish
electronics,207.86,8,no_longer_needed,acceptable,refurbish
toys,32.38,104,defective,like_new,donate
home,414.15,39,defective,like_new,resell_as_is
electronics,632.04,5,defective,very_good,resell_as_is
clothing,33.7,218,wrong_size,acceptable,refurbish
electronics,113.62,54,defective,good,refurbish
clothing,120.7,5,no_longer_needed,very_good,resell_as_is
electronics,204.87,60,not_as_described,like_new,donate
clothing,159.75,52,no_longer_needed,very_good,resell_as_is
books,37.75,54,better_price_found,good,refurbish
clothing,127.3,44,wrong_size,for_parts,recycle
electronics,433.86,94,defective,like_new,resell_as_is
electronics,669.73,124,no_longer_needed,acceptable,refurbish
electronics,43.29,114,no_longer_needed,very_good,resell_as_is
electronics,268.89,26,defective,acceptable,refurbish
clothing,89.39,57,no_longer_needed,very_good,resell_as_is
home,346.56,37,better_price_found,very_good,resell_as_is
home,157.99,2,no_longer_needed,good,donate
home,398.5,2,not_as_described,acceptable,recycle
clothing,179.74,24,no_longer_needed,like_new,resell_as_is
clothing,144.73,52,wrong_size,good,refurbish
clothing,142.25,26,no_longer_needed,acceptable,refurbish
clothing,153.31,188,wrong_size,good,refurbish
clothing,130.87,193,no_longer_needed,very_good,resell_as_is
books,9.89,121,no_longer_needed,very_good,peer_exchange
clothing,138.8,94,not_as_described,acceptable,refurbish
clothing,38.95,75,defective,good,refurbish
home,325.3,16,no_longer_needed,acceptable,donate
toys,24.35,13,no_longer_needed,very_good,peer_exchange
clothing,90.94,388,wrong_size,like_new,resell_as_is
clothing,94.47,144,wrong_size,good,refurbish
electronics,365.04,177,no_longer_needed,very_good,resell_as_is
home,109.78,14,defective,good,recycle
home,443.23,36,not_as_described,for_parts,recycle
electronics,541.17,18,not_as_described,for_parts,recycle
clothing,149.97,5,wrong_size,acceptable,refurbish
clothing,17.25,37,no_longer_needed,good,peer_exchange
electronics,713.66,16,better_price_found,like_new,resell_as_is
home,146.02,220,defective,good,refurbish
electronics,572.23,94,no_longer_needed,good,refurbish
home,228.46,7,defective,acceptable,refurbish
home,203.14,27,not_as_described,good,refurbish
electronics,36.3,5,no_longer_needed,acceptable,refurbish
clothing,13.8,4,no_longer_needed,like_new,peer_exchange
home,412.44,70,wrong_size,good,refurbish
clothing,115.91,79,wrong_size,very_good,resell_as_is
toys,93.48,64,better_price_found,acceptable,refurbish
toys,93.6,52,better_price_found,good,refurbish
electronics,377.67,18,defective,very_good,resell_as_is
toys,65.09,90,no_longer_needed,very_good,resell_as_is
clothing,176.54,11,wrong_size,acceptable,refurbish
home,415.53,25,no_longer_needed,good,peer_exchange
electronics,699.27,118,defective,good,refurbish
toys,91.32,5,better_price_found,like_new,resell_as_is
clothing,84.19,60,not_as_described,very_good,resell_as_is
electronics,287.83,97,no_longer_needed,acceptable,refurbish
home,385.69,52,no_longer_needed,good,refurbish
books,34.71,22,no_longer_needed,good,refurbish
toys,19.38,10,defective,very_good,peer_exchange
toys,62.83,38,not_as_described,like_new,resell_as_is
electronics,21.55,136,defective,acceptable,refurbish
electronics,207.58,17,defective,for_parts,recycle
clothing,156.2,43,not_as_described,good,refurbish
books,40.51,74,no_longer_needed,very_good,resell_as_is
electronics,221.07,48,better_price_found,like_new,resell_as_is
home,399.92,13,defective,good,refurbish
books,22.3,65,not_as_described,good,peer_exchange
home,209.17,2,better_price_found,for_parts,recycle
clothing,123.0,20,not_as_described,very_good,resell_as_is
electronics,797.03,66,better_price_found,acceptable,refurbish
home,242.61,193,no_longer_needed,like_new,resell_as_is
clothing,95.59,95,wrong_size,for_parts,recycle
clothing,178.92,57,no_longer_needed,very_good,resell_as_is
electronics,599.71,11,defective,good,refurbish
home,151.65,36,not_as_described,for_parts,recycle
toys,84.16,9,not_as_described,acceptable,refurbish
electronics,514.21,70,defective,very_good,resell_as_is
toys,68.89,64,better_price_found,very_good,recycle
clothing,38.13,20,wrong_size,very_good,resell_as_is
electronics,734.3,9,defective,for_parts,recycle
electronics,124.36,14,not_as_described,very_good,resell_as_is
books,45.06,211,no_longer_needed,very_good,resell_as_is
books,6.39,146,not_as_described,very_good,peer_exchange
toys,24.19,16,no_longer_needed,for_parts,recycle
clothing,183.75,131,better_price_found,for_parts,recycle
electronics,723.15,75,not_as_described,acceptable,refurbish
clothing,54.33,50,better_price_found,acceptable,refurbish
electronics,69.43,75,not_as_described,very_good,resell_as_is
clothing,118.65,22,no_longer_needed,acceptable,refurbish
electronics,85.82,39,defective,very_good,resell_as_is
clothing,189.15,84,wrong_size,good,resell_as_is
clothing,106.03,17,defective,good,refurbish
electronics,286.9,30,defective,very_good,resell_as_is
books,35.93,154,no_longer_needed,acceptable,refurbish
clothing,129.65,55,wrong_size,very_good,resell_as_is
books,29.01,25,no_longer_needed,like_new,peer_exchange
home,452.1,24,not_as_described,very_good,resell_as_is
clothing,83.39,65,wrong_size,for_parts,recycle
electronics,778.09,16,not_as_described,very_good,refurbish
clothing,132.52,119,not_as_described,acceptable,refurbish
clothing,129.47,14,wrong_size,for_parts,donate
books,20.04,73,better_price_found,good,peer_exchange
home,69.69,26,better_price_found,acceptable,refurbish
clothing,15.29,3,not_as_described,good,peer_exchange
clothing,80.01,265,wrong_size,good,refurbish
toys,34.5,101,better_price_found,acceptable,refurbish
toys,70.25,93,defective,good,refurbish
electronics,773.27,7,no_longer_needed,like_new,resell_as_is
home,234.45,1,not_as_described,very_good,resell_as_is
home,372.69,181,no_longer_needed,very_good,resell_as_is
electronics,170.23,21,defective,like_new,resell_as_is
home,219.3,17,better_price_found,very_good,resell_as_is
electronics,280.04,98,defective,for_parts,recycle
toys,72.53,180,defective,acceptable,refurbish
toys,11.07,6,no_longer_needed,like_new,donate
clothing,54.49,47,not_as_described,good,peer_exchange
clothing,77.75,64,not_as_described,like_new,resell_as_is
home,236.9,106,wrong_size,for_parts,recycle
clothing,16.52,75,not_as_described,for_parts,recycle
home,51.0,5,better_price_found,very_good,resell_as_is
electronics,517.44,49,better_price_found,good,donate
electronics,758.49,108,better_price_found,very_good,donate
electronics,617.18,22,defective,good,refurbish
electronics,132.11,18,better_price_found,acceptable,refurbish
clothing,54.01,13,no_longer_needed,very_good,resell_as_is
clothing,104.8,26,wrong_size,good,refurbish
books,31.13,12,not_as_described,like_new,resell_as_is
home,103.73,7,not_as_described,good,refurbish
clothing,177.76,38,defective,like_new,resell_as_is
clothing,37.56,17,wrong_size,like_new,resell_as_is
clothing,78.42,18,defective,good,refurbish
electronics,587.72,2,no_longer_needed,very_good,resell_as_is
clothing,125.99,33,better_price_found,acceptable,refurbish
clothing,146.99,15,wrong_size,for_parts,recycle
clothing,55.43,11,not_as_described,acceptable,refurbish
electronics,370.0,44,not_as_described,good,resell_as_is
clothing,194.0,98,wrong_size,like_new,peer_exchange
home,227.38,54,no_longer_needed,very_good,resell_as_is
home,495.41,34,wrong_size,very_good,resell_as_is
toys,64.6,39,defective,like_new,refurbish
clothing,80.36,37,defective,very_good,resell_as_is
home,458.11,45,no_longer_needed,acceptable,refurbish
home,274.01,31,better_price_found,good,refurbish
clothing,61.75,8,better_price_found,very_good,resell_as_is
home,328.3,65,defective,very_good,resell_as_is
books,24.14,10,no_longer_needed,very_good,peer_exchange
clothing,126.96,52,wrong_size,like_new,recycle
toys,31.01,1,not_as_described,like_new,resell_as_is
clothing,10.45,91,better_price_found,for_parts,recycle
clothing,146.32,81,wrong_size,good,refurbish
electronics,35.97,47,no_longer_needed,good,refurbish
clothing,133.78,3,wrong_size,good,refurbish
home,187.31,37,no_longer_needed,good,refurbish
clothing,29.33,11,wrong_size,acceptable,refurbish
toys,11.13,104,wrong_size,good,peer_exchange
clothing,152.28,33,not_as_described,good,refurbish
home,340.26,55,defective,very_good,resell_as_is
clothing,41.46,44,no_longer_needed,good,refurbish
electronics,642.07,8,defective,acceptable,refurbish
electronics,146.45,27,no_longer_needed,like_new,resell_as_is
clothing,122.13,6,defective,acceptable,refurbish
electronics,109.19,38,better_price_found,good,refurbish
books,16.36,16,no_longer_needed,very_good,peer_exchange
clothing,48.95,4,no_longer_needed,acceptable,refurbish
electronics,391.45,12,better_price_found,good,recycle
clothing,74.7,32,no_longer_needed,for_parts,recycle
toys,24.17,21,better_price_found,for_parts,recycle
clothing,164.06,14,wrong_size,for_parts,recycle
electronics,583.81,67,no_longer_needed,for_parts,recycle
clothing,58.85,31,wrong_size,for_parts,recycle
clothing,148.47,15,wrong_size,good,refurbish
toys,77.41,111,better_price_found,very_good,resell_as_is
electronics,29.83,58,defective,good,refurbish
clothing,180.92,66,wrong_size,very_good,resell_as_is
home,256.06,18,no_longer_needed,like_new,resell_as_is
home,154.53,4,defective,good,refurbish
clothing,20.86,36,better_price_found,good,resell_as_is
clothing,101.72,150,not_as_described,like_new,resell_as_is
clothing,133.46,17,wrong_size,good,refurbish
electronics,645.05,169,better_price_found,for_parts,recycle
books,38.1,16,no_longer_needed,very_good,resell_as_is
clothing,78.43,101,no_longer_needed,very_good,resell_as_is
books,37.97,71,no_longer_needed,like_new,resell_as_is
clothing,26.12,79,wrong_size,very_good,peer_exchange
home,244.92,49,no_longer_needed,like_new,refurbish
clothing,22.1,73,wrong_size,good,recycle
electronics,189.92,9,defective,very_good,resell_as_is
electronics,158.52,20,not_as_described,very_good,resell_as_is
home,190.85,56,not_as_described,good,refurbish
books,22.27,56,no_longer_needed,good,peer_exchange
electronics,480.63,245,defective,like_new,resell_as_is
electronics,696.42,44,defective,very_good,resell_as_is
home,408.17,17,no_longer_needed,good,refurbish
electronics,358.79,8,not_as_described,like_new,resell_as_is
clothing,107.12,8,no_longer_needed,very_good,resell_as_is
electronics,596.13,47,better_price_found,good,refurbish
books,28.85,16,no_longer_needed,very_good,peer_exchange
clothing,147.21,54,wrong_size,very_good,resell_as_is
electronics,631.9,23,not_as_described,acceptable,refurbish
toys,27.51,135,better_price_found,like_new,peer_exchange
clothing,46.4,322,wrong_size,very_good,resell_as_is
clothing,43.21,45,no_longer_needed,for_parts,recycle
toys,98.98,54,not_as_described,acceptable,recycle
home,490.94,72,defective,acceptable,refurbish
books,36.31,26,defective,good,refurbish
electronics,248.34,23,better_price_found,good,refurbish
home,254.82,21,defective,very_good,resell_as_is
clothing,95.72,58,wrong_size,good,donate
home,112.4,101,not_as_described,for_parts,recycle
electronics,710.05,2,no_longer_needed,acceptable,refurbish
electronics,713.25,22,no_longer_needed,acceptable,refurbish
clothing,148.11,5,no_longer_needed,acceptable,refurbish
electronics,674.12,71,no_longer_needed,acceptable,refurbish
toys,19.4,192,wrong_size,acceptable,refurbish
electronics,409.44,44,no_longer_needed,good,refurbish
home,472.07,88,better_price_found,like_new,resell_as_is
clothing,116.48,225,defective,very_good,resell_as_is
home,25.59,40,better_price_found,good,refurbish
clothing,121.33,22,wrong_size,very_good,resell_as_is
toys,21.67,17,no_longer_needed,like_new,peer_exchange
clothing,97.51,123,wrong_size,very_good,resell_as_is
clothing,33.34,93,wrong_size,like_new,resell_as_is
home,419.02,44,better_price_found,very_good,resell_as_is
electronics,330.88,350,not_as_described,good,refurbish
electronics,295.94,46,not_as_described,good,refurbish
clothing,130.38,22,not_as_described,for_parts,recycle
home,101.15,93,not_as_described,for_parts,recycle
electronics,263.7,24,defective,acceptable,refurbish
electronics,484.96,38,defective,very_good,recycle
electronics,502.26,96,no_longer_needed,acceptable,refurbish
home,470.53,30,not_as_described,for_parts,recycle
electronics,294.67,81,wrong_size,acceptable,refurbish
electronics,365.12,41,defective,good,refurbish
clothing,192.57,70,no_longer_needed,very_good,resell_as_is
clothing,26.2,41,no_longer_needed,like_new,peer_exchange
toys,56.52,22,no_longer_needed,good,refurbish
electronics,542.13,54,defective,for_parts,recycle
electronics,387.52,75,no_longer_needed,very_good,resell_as_is
clothing,96.93,67,not_as_described,acceptable,refurbish
home,22.6,13,better_price_found,like_new,refurbish
toys,87.08,147,better_price_found,very_good,resell_as_is
electronics,177.16,64,defective,very_good,resell_as_is
electronics,63.64,98,no_longer_needed,very_good,resell_as_is
electronics,306.76,3,defective,like_new,resell_as_is
clothing,104.11,25,wrong_size,good,refurbish
toys,36.77,220,not_as_described,good,refurbish
clothing,49.57,20,no_longer_needed,for_parts,recycle
home,31.93,125,better_price_found,acceptable,refurbish
home,86.44,148,defective,very_good,resell_as_is
clothing,28.3,87,wrong_size,good,peer_exchange
books,18.3,109,not_as_described,good,peer_exchange
clothing,12.24,31,wrong_size,very_good,peer_exchange
clothing,110.15,50,wrong_size,very_good,resell_as_is
clothing,98.01,127,wrong_size,for_parts,recycle
toys,67.01,120,better_price_found,good,refurbish
toys,36.5,36,no_longer_needed,very_good,resell_as_is
clothing,90.54,18,defective,acceptable,refurbish
clothing,39.68,105,not_as_described,for_parts,recycle
electronics,26.25,6,not_as_described,very_good,refurbish
electronics,375.58,40,defective,acceptable,refurbish
clothing,78.02,17,no_longer_needed,good,refurbish
clothing,115.6,49,not_as_described,very_good,resell_as_is
clothing,117.75,66,wrong_size,like_new,resell_as_is
home,434.97,17,defective,for_parts,resell_as_is
toys,28.81,2,defective,very_good,peer_exchange
clothing,54.3,101,wrong_size,like_new,resell_as_is
electronics,237.57,73,not_as_described,like_new,resell_as_is
clothing,57.54,12,no_longer_needed,like_new,resell_as_is
electronics,527.97,9,not_as_described,very_good,refurbish
clothing,173.53,5,not_as_described,acceptable,refurbish
clothing,190.65,9,no_longer_needed,acceptable,refurbish
clothing,190.94,38,wrong_size,good,refurbish
electronics,308.99,51,no_longer_needed,good,refurbish
electronics,93.41,15,no_longer_needed,very_good,resell_as_is
books,16.95,7,no_longer_needed,acceptable,refurbish
electronics,210.89,71,not_as_described,acceptable,refurbish
electronics,798.88,69,no_longer_needed,good,donate
clothing,17.86,26,wrong_size,good,peer_exchange
toys,85.59,19,not_as_described,good,refurbish
home,427.04,16,defective,very_good,resell_as_is
electronics,268.77,14,defective,good,refurbish
home,205.36,49,no_longer_needed,good,refurbish
electronics,456.32,7,defective,good,refurbish
home,236.42,59,better_price_found,for_parts,recycle
clothing,110.92,36,better_price_found,very_good,resell_as_is
electronics,511.29,24,no_longer_needed,like_new,resell_as_is
clothing,87.39,87,wrong_size,acceptable,refurbish
home,42.09,73,defective,acceptable,refurbish
electronics,150.28,83,defective,like_new,refurbish
toys,87.59,49,no_longer_needed,very_good,resell_as_is
toys,60.46,4,wrong_size,acceptable,refurbish
electronics,600.14,103,defective,acceptable,refurbish
clothing,188.32,112,wrong_size,acceptable,refurbish
clothing,191.89,21,defective,very_good,resell_as_is
electronics,32.14,10,no_longer_needed,like_new,resell_as_is
home,346.2,216,defective,good,refurbish
home,238.2,2,defective,for_parts,recycle
clothing,180.72,40,wrong_size,like_new,resell_as_is
toys,45.7,9,better_price_found,very_good,resell_as_is
toys,70.38,77,not_as_described,very_good,resell_as_is
clothing,188.12,70,wrong_size,good,refurbish
clothing,178.84,18,not_as_described,like_new,donate
home,97.16,3,defective,very_good,refurbish
electronics,390.49,10,defective,like_new,resell_as_is
clothing,128.66,9,not_as_described,very_good,peer_exchange
home,497.14,45,not_as_described,very_good,resell_as_is
toys,86.07,43,no_longer_needed,acceptable,refurbish
toys,71.46,13,not_as_described,very_good,resell_as_is
clothing,175.28,89,wrong_size,like_new,resell_as_is
electronics,514.83,14,defective,good,refurbish
home,96.58,19,no_longer_needed,like_new,resell_as_is
electronics,361.95,7,no_longer_needed,very_good,recycle
clothing,45.08,47,not_as_described,good,refurbish
electronics,319.89,42,better_price_found,good,refurbish
electronics,611.08,49,no_longer_needed,very_good,resell_as_is
home,220.38,26,defective,good,refurbish
electronics,146.76,56,defective,acceptable,refurbish
clothing,139.26,90,wrong_size,very_good,peer_exchange
